destination,country,tags,description,rating,popularity,price_level
Rio de Janeiro: Carioca Landscapes between the Mountain and the Sea,Brazil,Cultural Latin America and the Caribbean Historic Landmark World Heritage," The site consists of an exceptional urban setting encompassing the key natural elements that have shaped and inspired the development of the city: from the highest points of the Tijuca National Park&rsquo;s mountains down to the sea. They also include the Botanical Gardens, established in 1808, Corcovado Mountain with its celebrated statue of Christ, and the hills around Guanabara Bay, including the extensive designed landscapes along Copacabana Bay which have contributed to the outdoor living culture of this spectacular city. Rio de Janeiro is also recognized for the artistic inspiration it has provided to musicians, landscapers and urbanists. ",4.6,87,3
Shanghai,China,City Trip Culture History Art Nightlife Party,"Vibrant streets pulse with energy, blending futuristic skyscrapers with ancient temples, while enticing aromas from street food stalls fill the air.",3.5,82,3
Historic Centre of Oaxaca and Archaeological Site of Monte Albán,Mexico,Cultural Latin America and the Caribbean Historic Landmark World Heritage," Inhabited over a period of 1,500 years by a succession of peoples &ndash; Olmecs, Zapotecs and Mixtecs &ndash; the terraces, dams, canals, pyramids and artificial mounds of Monte Alb&aacute;n were literally carved out of the mountain and are the symbols of a sacred topography. The nearby city of Oaxaca, which is built on a grid pattern, is a good example of Spanish colonial town planning. The solidity and volume of the city's buildings show that they were adapted to the earthquake-prone region in which these architectural gems were constructed. ",4.6,86,2
Works of Antoni Gaudí ,Spain,Cultural Europe and North America Historic Landmark World Heritage," Seven properties built by the architect Antoni Gaud&iacute; (1852&ndash;1926) in or near Barcelona testify to Gaud&iacute;&rsquo;s exceptional creative contribution to the development of architecture and building technology in the late 19th and early 20th centuries. These monuments represent an eclectic, as well as a very personal, style which was given free reign in the design of gardens, sculpture and all decorative arts, as well as architecture. The seven buildings are: Parque G&uuml;ell; Palacio G&uuml;ell; Casa Mila; Casa Vicens; Gaud&iacute;&rsquo;s work on the Nativity fa&ccedil;ade and Crypt of La Sagrada Familia; Casa Batll&oacute;; Crypt in Colonia G&uuml;ell. ",4.7,72,1
Hamburg,Germany,City Trip Culture History Art Nightlife Party,"A lively port city where historic architecture meets modern design, offering a relaxed vibe with waterfront strolls and bustling markets.",4.3,78,3
Venice,Italy,City Trip Culture History Art,"Winding canals, charming gondolas, and historic architecture create a romantic atmosphere, where every corner reveals a new story and hidden gem.",3.6,69,5
Pitons Management Area,Saint Lucia,Natural Latin America and the Caribbean Historic Landmark World Heritage," The 2,909-ha site near the town of Soufriere includes the Pitons, two volcanic spires rising side by side from the sea (770 m and 743 m high respectively), linked by the Piton Mitan ridge. The volcanic complex includes a geothermal field with sulphurous fumeroles and hot springs. Coral reefs cover almost 60% of the site&rsquo;s marine area. A survey has revealed 168 species of finfish, 60 species of cnidaria, including corals, eight molluscs, 14 sponges, 11 echinoderms, 15 arthropods and eight annelid worms. The dominant terrestrial vegetation is tropical moist forest grading to subtropical wet forest, with small areas of dry forest and wet elfin woodland on the summits. At least 148 plant species have been recorded on Gros Piton, 97 on Petit Piton and the intervening ridge, among them eight rare tree species. The Gros Piton is home to some 27 bird species (five of them endemic), three indigenous rodents, one opossum, three bats, eight reptiles and three amphibians. ",4.9,90,2
Historic Town of Zabid,Yemen,Cultural Arab States Historic Landmark World Heritage," Zabid's domestic and military architecture and its urban plan make it an outstanding archaeological and historical site. Besides being the capital of Yemen from the 13th to the 15th century, the city played an important role in the Arab and Muslim world for many centuries because of its Islamic university. ",4.5,85,1
Hvar,Croatia,City Trip Nature Landscape Beach Sea Tropical Nightlife Party,"Sun-drenched beaches, fragrant lavender fields, and lively waterfronts create a vibrant yet relaxed atmosphere perfect for unwinding and exploring.",4.1,71,3
Great Zimbabwe National Monument,Zimbabwe,Cultural Africa Historic Landmark World Heritage," The ruins of Great Zimbabwe &ndash; the capital of the Queen of Sheba, according to an age-old legend &ndash; are a unique testimony to the Bantu civilization of the Shona between the 11th and 15th centuries. The city, which covers an area of nearly 80 ha, was an important trading centre and was renowned from the Middle Ages onwards. ",4.6,57,3
Island of Saint-Louis,Senegal,Cultural Africa Historic Landmark World Heritage," Founded as a French colonial settlement in the 17th century, Saint-Louis was urbanised in the mid-19th century. It was the capital of Senegal from 1872 to 1957 and played an important cultural and economic role in the whole of West Africa. The location of the town on an island at the mouth of the Senegal River, its regular town plan, the system of quays, and the characteristic colonial architecture give Saint-Louis its distinctive appearance and identity. ",4.6,66,2
Wadi Al-Hitan (Whale Valley),Egypt,Natural Arab States Historic Landmark World Heritage," Wadi Al-Hitan, Whale Valley, in the Western Desert of Egypt, contains invaluable fossil remains of the earliest, and now extinct, suborder of whales, Archaeoceti. These fossils represent one of the major stories of evolution: the emergence of the whale as an ocean-going mammal from a previous life as a land-based animal. This is the most important site in the world for the demonstration of this stage of evolution. It portrays vividly the form and life of these whales during their transition. The number, concentration and quality of such fossils here is unique, as is their accessibility and setting in an attractive and protected landscape. The fossils of Al-Hitan show the youngest archaeocetes, in the last stages of losing their hind limbs. Other fossil material in the site makes it possible to reconstruct the surrounding environmental and ecological conditions of the time. ",4.9,94,2
Bujumbura,Burundi,City Trip Nature Landscape,"A city where vibrant street markets and lush lakeside views create an inviting atmosphere, full of lively interactions and serene moments.",3.6,66,1
Nadi,Fiji,City Trip Nature Landscape Adventure Hiking Beach Sea Tropical,"Tropical breezes and vibrant markets greet you, where lush greenery meets sandy beaches, creating a laid-back yet lively atmosphere.",4.9,99,3
Bergen,Norway,City Trip Nature Landscape Culture History Art Adventure Hiking,"Charming waterfront views, colorful wooden houses, and the fresh scent of sea air make this coastal city feel both cozy and invigorating.",4.7,65,5
Riga,Latvia,City Trip Culture History Art Nightlife Party,"Charming cobblestone streets, vibrant markets, and a blend of medieval and Art Nouveau architecture create a captivating and cozy atmosphere for exploration.",4.7,76,3
Historic Monuments Zone of Tlacotalpan,Mexico,Cultural Latin America and the Caribbean Historic Landmark World Heritage," Tlacotalpan, a Spanish colonial river port on the Gulf coast of Mexico, was founded in the mid-16th century. It has preserved its original urban fabric to a remarkable degree, with wide streets, colonnaded houses in a profusion of styles and colours, and many mature trees in the public open spaces and private gardens. ",4.7,93,3
Le Morne Cultural Landscape,Mauritius,Cultural Africa Historic Landmark World Heritage," Le Morne Cultural Landscape, a rugged mountain that juts into the Indian Ocean in the southwest of Mauritius was used as a shelter by runaway slaves, maroons, through the 18th and early years of the 19th centuries. Protected by the mountain’s isolated, wooded and almost inaccessible cliffs, the escaped slaves formed small settlements in the caves and on the summit of Le Morne. The oral traditions associated with the maroons, have made Le Morne a symbol of the slaves’ fight for freedom, their suffering, and their sacrifice, all of which have relevance to the countries from which the slaves came - the African mainland, Madagascar, India, and South-east Asia. Indeed, Mauritius, an important stopover in the eastern slave trade, also came to be known as the “Maroon republic” because of the large number of escaped slaves who lived on Le Morne Mountain. ",5.0,76,2
Central University City Campus of the <i>Universidad Nacional Autónoma de México</i> (UNAM),Mexico,Cultural Latin America and the Caribbean Historic Landmark World Heritage," The ensemble of buildings, sports facilities and open spaces of the Central University City Campus of the Universidad Nacional Aut&oacute;noma de M&eacute;xico (UNAM), was built from 1949 to 1952 by more than 60 architects, engineers and artists who were involved in the project. As a result, the campus constitutes a unique example of 20th-century modernism integrating urbanism, architecture, engineering, landscape design and fine arts with references to local traditions, especially to Mexico&rsquo;s pre-Hispanic past. The ensemble embodies social and cultural values of universal significance and is one of the most significant icons of modernity in Latin America. ",4.7,75,1
Plovdiv,Bulgaria,City Trip Culture History Art,"Charming cobblestone streets, vibrant street art, and ancient ruins create a unique blend of history and modernity, inviting leisurely exploration.",4.5,94,1
"Haeinsa Temple Janggyeong Panjeon, the Depositories for the <I>Tripitaka Koreana</I> Woodblocks",Republic of Korea,Cultural Asia and the Pacific Historic Landmark World Heritage," The Temple of Haeinsa, on Mount Gaya, is home to the Tripitaka Koreana , the most complete collection of Buddhist texts, engraved on 80,000 woodblocks between 1237 and 1248. The buildings of Janggyeong Panjeon, which date from the 15th century, were constructed to house the woodblocks, which are also revered as exceptional works of art. As the oldest depository of the Tripitaka , they reveal an astonishing mastery of the invention and implementation of the conservation techniques used to preserve these woodblocks. ",4.8,89,3
Nicosia,Cyprus,City Trip Culture History Art,"Wander through leafy streets where ancient history meets modern life, with a vibrant café culture and a warm, welcoming atmosphere.",3.8,83,3
Puerto Vallarta,Mexico,City Trip Nature Landscape Adventure Hiking Beach Sea Tropical Nightlife Party,"Golden beaches meet the lush Sierra Madre mountains, creating a vibrant yet laid-back atmosphere filled with colorful markets and lively nightlife.",4.3,85,3
Classical Weimar,Germany,Cultural Europe and North America Historic Landmark World Heritage," In the late 18th and early 19th centuries the small Thuringian town of Weimar witnessed a remarkable cultural flowering, attracting many writers and scholars, notably Goethe and Schiller. This development is reflected in the high quality of many of the buildings and of the parks in the surrounding area. ",4.7,50,2
Seychelles,Seychelles,City Trip Nature Landscape Beach Sea Tropical,"Imagine pristine beaches with powdery sand, lush greenery, and the gentle sound of waves, offering a serene and rejuvenating escape.",3.5,91,5
Lord Howe Island Group,Australia,Natural Asia and the Pacific Historic Landmark World Heritage," A remarkable example of isolated oceanic islands, born of volcanic activity more than 2,000 m under the sea, these islands boast a spectacular topography and are home to numerous endemic species, especially birds. ",4.9,89,2
Auschwitz Birkenau <br /><small>German Nazi Concentration and Extermination Camp (1940-1945)</small>,Poland,Cultural Europe and North America Historic Landmark World Heritage," The fortified walls, barbed wire, platforms, barracks, gallows, gas chambers and cremation ovens show the conditions within which the Nazi genocide took place in the former concentration and extermination camp of Auschwitz-Birkenau, the largest in the Third Reich. According to historical investigations, 1.5 million people, among them a great number of Jews, were systematically starved, tortured and murdered in this camp, the symbol of humanity's cruelty to its fellow human beings in the 20th century. ",4.5,67,2
Sydney,Australia,City Trip Nature Landscape Culture History Art Adventure Hiking Beach Sea Tropical Nightlife Party,"A lively harbor city where golden beaches meet urban sophistication, offering a blend of vibrant culture and stunning natural beauty.",5.0,95,5
Petroglyphic Complexes of the Mongolian Altai,Mongolia,Cultural Asia and the Pacific Historic Landmark World Heritage," The numerous rock carvings and funerary monuments found in these three sites illustrate the development of culture in Mongolia over a period of 12,000 years. The earliest images reflect a time (11,000 - 6,000 BC) when the area was partly forested and the valley provided a habitat for hunters of large game. Later images show the transition to herding as the dominant way of life. The most recent images show the transition to a horse-dependent nomadic lifestyle during the early 1st millennium BC, the Scythian period and the later Turkic period (7th and 8th centuries AD). The carvings contribute valuably to our understanding of pre-historic communities in northern Asia. ",4.5,62,1
Nahanni National Park,Canada,Natural Europe and North America Historic Landmark World Heritage," Located along the South Nahanni River, one of the most spectacular wild rivers in North America, this park contains deep canyons and huge waterfalls, as well as a unique limestone cave system. The park is also home to animals of the boreal forest, such as wolves, grizzly bears and caribou. Dall's sheep and mountain goats are found in the park's alpine environment. ",4.7,78,1
Panama City,Panama,City Trip Nature Landscape Culture History Art Nightlife Party,Humid evenings and skyscraper views contrast beautifully with colorful historic quarters and lush jungle landscapes within easy reach.,4.6,77,3
Stari Ras and Sopoćani,Serbia,Cultural Europe and North America Historic Landmark World Heritage," On the outskirts of Stari Ras, the first capital of Serbia, there is an impressive group of medieval monuments consisting of fortresses, churches and monasteries. The monastery at Sopoćani is a reminder of the contacts between Western civilization and the Byzantine world. ",4.7,59,1
Rainforests of the Atsinanana,Madagascar,Natural Africa Historic Landmark World Heritage," The Rainforests of the Atsinanana comprise six national parks distributed along the eastern part of the island. These relict forests are critically important for maintaining ongoing ecological processes necessary for the survival of Madagascar&rsquo;s unique biodiversity, which reflects the island&rsquo;s geological history. Having completed its separation from all other land masses more than 60 million years ago, Madagascar&rsquo;s plant and animal life evolved in isolation. The rainforests are inscribed for their importance to both ecological and biological processes as well as their biodiversity and the threatened species they support. Many species are rare and threatened especially primates and lemurs. ",4.6,60,2
Etruscan Necropolises of Cerveteri and Tarquinia,Italy,Cultural Europe and North America Historic Landmark World Heritage," These two large Etruscan cemeteries reflect different types of burial practices from the 9th to the 1st century BC, and bear witness to the achievements of Etruscan culture. Which over nine centuries developed the earliest urban civilization in the northern Mediterranean. Some of the tombs are monumental, cut in rock and topped by impressive tumuli (burial mounds). Many feature carvings on their walls, others have wall paintings of outstanding quality. The necropolis near Cerveteri, known as Banditaccia, contains thousands of tombs organized in a city-like plan, with streets, small squares and neighbourhoods. The site contains very different types of tombs: trenches cut in rock; tumuli; and some, also carved in rock, in the shape of huts or houses with a wealth of structural details. These provide the only surviving evidence of Etruscan residential architecture. The necropolis of Tarquinia, also known as Monterozzi, contains 6,000 graves cut in the rock. It is famous for its 200 painted tombs, the earliest of which date from the 7th century BC. ",4.9,89,2
Castles of Augustusburg and Falkenlust at Brühl,Germany,Cultural Europe and North America Historic Landmark World Heritage," Set in an idyllic garden landscape, Augustusburg Castle (the sumptuous residence of the prince-archbishops of Cologne) and the Falkenlust hunting lodge (a small rural folly) are among the earliest examples of Rococo architecture in 18th-century Germany. ",4.9,52,2
Kaziranga National Park,India,Natural Asia and the Pacific Historic Landmark World Heritage," In the heart of Assam, this park is one of the last areas in eastern India undisturbed by a human presence. It is inhabited by the world's largest population of one-horned rhinoceroses, as well as many mammals, including tigers, elephants, panthers and bears, and thousands of birds. ",4.9,90,2
Old Town of Cáceres,Spain,Cultural Europe and North America Historic Landmark World Heritage," The city's history of battles between Moors and Christians is reflected in its architecture, which is a blend of Roman, Islamic, Northern Gothic and Italian Renaissance styles. Of the 30 or so towers from the Muslim period, the Torre del Bujaco is the most famous. ",4.8,68,1
Lagos,Portugal,City Trip Nature Landscape Adventure Hiking Beach Sea Tropical Nightlife Party,"Charming cobblestone streets lead to golden beaches and dramatic cliffs, where the ocean breeze mingles with the aroma of grilled seafood.",3.8,75,3
White Monuments of Vladimir and Suzdal,Russian Federation,Cultural Europe and North America Historic Landmark World Heritage," These two artistic centres in central Russia hold an important place in the country's architectural history. There are a number of magnificent 12th- and 13th-century public and religious buildings, above all the masterpieces of the Collegiate Church of St Demetrios and the Cathedral of the Assumption of the Virgin. ",4.9,88,2
Rostock,Germany,City Trip Culture History Art Beach Sea Tropical,"Charming cobblestone streets and historic architecture meet the refreshing sea breeze, creating a welcoming blend of maritime history and modern vibrancy.",4.0,97,3
Helsinki,Finland,City Trip Nature Landscape Culture History Art,"A blend of modern design and serene nature, where crisp air and cozy cafes invite you to unwind and explore.",4.2,81,3
Archaeological Ruins at Moenjodaro,Pakistan,Cultural Asia and the Pacific Historic Landmark World Heritage," The ruins of the huge city of Moenjodaro &ndash; built entirely of unbaked brick in the 3rd millennium B.C. &ndash; lie in the Indus valley. The acropolis, set on high embankments, the ramparts, and the lower town, which is laid out according to strict rules, provide evidence of an early system of town planning. ",4.7,65,2
Early Christian Necropolis of Pécs (Sopianae),Hungary,Cultural Europe and North America Historic Landmark World Heritage," In the 4th century, a remarkable series of decorated tombs were constructed in the cemetery of the Roman provincial town of Sopianae (modern Pécs). These are important both structurally and architecturally, since they were built as underground burial chambers with memorial chapels above the ground. The tombs are important also in artistic terms, since they are richly decorated with murals of outstanding quality depicting Christian themes. ",4.8,80,2
Canadian Rocky Mountain Parks,Canada,Natural Europe and North America Historic Landmark World Heritage," The contiguous national parks of Banff, Jasper, Kootenay and Yoho, as well as the Mount Robson, Mount Assiniboine and Hamber provincial parks, studded with mountain peaks, glaciers, lakes, waterfalls, canyons and limestone caves, form a striking mountain landscape. The Burgess Shale fossil site, well known for its fossil remains of soft-bodied marine animals, is also found there. ",4.5,56,1
Palau,Palau,City Trip Nature Landscape Adventure Hiking Beach Sea Tropical,"Crystal-clear waters teeming with marine life, lush forests, and a serene atmosphere offer a tranquil escape for nature lovers and adventurers alike.",3.6,62,5
Key West,United States,City Trip Nature Landscape Adventure Hiking Beach Sea Tropical Nightlife Party,"Sun-drenched streets with a laid-back vibe, vibrant art scenes, and ocean breezes create a carefree, tropical escape full of charm.",4.4,95,5
Sinharaja Forest Reserve,Sri Lanka,Natural Asia and the Pacific Historic Landmark World Heritage," Located in south-west Sri Lanka, Sinharaja is the country's last viable area of primary tropical rainforest. More than 60% of the trees are endemic and many of them are considered rare. There is much endemic wildlife, especially birds, but the reserve is also home to over 50% of Sri Lanka's endemic species of mammals and butterflies, as well as many kinds of insects, reptiles and rare amphibians. ",4.9,73,2
Orkhon Valley Cultural Landscape,Mongolia,Cultural Asia and the Pacific Historic Landmark World Heritage," The 121,967-ha Orkhon Valley Cultural Landscape encompasses an extensive area of pastureland on both banks of the Orkhon River and includes numerous archaeological remains dating back to the 6th century. The site also includes Kharkhorum, the 13th- and 14th-century capital of Chingis (Genghis) Khan&rsquo;s vast Empire. Collectively the remains in the site reflect the symbiotic links between nomadic, pastoral societies and their administrative and religious centres, and the importance of the Orkhon valley in the history of central Asia. The grassland is still grazed by Mongolian nomadic pastoralists. ",4.8,71,1
Risco Caido and the Sacred Mountains of Gran Canaria Cultural Landscape,Spain,Cultural Europe and North America Historic Landmark World Heritage,"Located in a vast mountainous area in the centre of Gran Canaria, Risco Caído comprises cliffs, ravines and volcanic formations in a landscape of rich biodiversity. The landscape includes a large number of troglodyte settlements — habitats, granaries and cisterns — whose age is proof of the presence of a pre-Hispanic culture on the island, which has evolved in isolation, from the arrival of North African Berbers, around the beginning of our era, until the first Spanish settlers in the 15th century. The troglodyte complex also includes cult cavities and two sacred temples, or almogarenes — Risco Caído and Roque Bentayga — where seasonal ceremonies were held. These temples are thought to be linked to a possible cult of the stars and “Mother Earth.”",4.8,71,3
Charlottetown,Canada,City Trip Nature Landscape Culture History Art,Charming streets lined with historic buildings and a gentle sea breeze create a welcoming atmosphere perfect for leisurely exploration and relaxation.,4.8,96,3
Viña del Mar,Chile,City Trip Nature Landscape Beach Sea Tropical Nightlife Party,"Ocean breezes, golden beaches, and vibrant gardens create a laid-back vibe, perfect for leisurely strolls and soaking in coastal beauty.",4.7,84,3
Centennial Hall in Wrocław,Poland,Cultural Europe and North America Historic Landmark World Heritage," The Centennial Hall, a landmark in the history of reinforced concrete architecture, was erected in 1911-1913 by the architect Max Berg as a multi-purpose recreational building, situated in the Exhibition Grounds. In form it is a symmetrical quatrefoil with a vast circular central space that can seat some 6,000 persons. The 23m-high dome is topped with a lantern in steel and glass. The Centennial Hall is a pioneering work of modern engineering and architecture, which exhibits an important interchange of influences in the early 20th century, becoming a key reference in the later development of reinforced concrete structures. ",5.0,51,1
"Forts and Castles, Volta, Greater Accra, Central and Western Regions",Ghana,Cultural Africa Historic Landmark World Heritage," The remains of fortified trading-posts, erected between 1482 and 1786, can still be seen along the coast of Ghana between Keta and Beyin. They were links in the trade routes established by the Portuguese in many areas of the world during their era of great maritime exploration. ",5.0,65,2
Central Sector of the Imperial Citadel of Thang Long - Hanoi,Viet Nam,Cultural Asia and the Pacific Historic Landmark World Heritage," The Thang Long Imperial Citadel was built in the 11th century by the Ly Viet Dynasty, marking the independence of the Dai Viet. It was constructed on the remains of a Chinese fortress dating from the 7th century, on drained land reclaimed from the Red River Delta in Hanoi. It was the centre of regional political power for almost 13 centuries without interruption. The Imperial Citadel buildings and the remains in the 18 Hoang Dieu Archaeological Site reflect a unique South-East Asian culture specific to the lower Red River Valley, at the crossroads between influences coming from China in the north and the ancient Kingdom of Champa in the south. ",4.9,70,1
Hidden Christian Sites in the Nagasaki Region,Japan,Cultural Asia and the Pacific Historic Landmark World Heritage," Located in the north-western part of Kyushu island, this serial property consists of ten villages, remains of the Hara Castle and a cathedral, dating from the 17th to the 19th centuries. They reflect the era of prohibition of the Christian faith, as well as the revitalization of Christian communities after the official lifting of prohibition in 1873.  These sites bear unique testimony to a cultural tradition nurtured by hidden Christians in the Nagasaki region who secretly transmitted their faith during the period of prohibition from the 17th to the 19th century. ",4.6,78,3
Monterrey,Mexico,City Trip Nature Landscape Culture History Art Nightlife Party,"Nestled between dramatic mountains, the city offers a vibrant blend of modern life and cultural richness, with lively streets and friendly locals.",4.9,82,3
Vineyard Landscape of Piedmont: Langhe-Roero and Monferrato,Italy,Cultural Europe and North America Historic Landmark World Heritage," This landscape covers five distinct wine-growing areas with outstanding landscapes and the Castle of Cavour, an emblematic name both in the development of vineyards and in Italian history. It is located in the southern part of Piedmont, between the Po River and the Ligurian Apennines, and encompasses the whole range of technical and economic processes relating to the winegrowing and winemaking that has characterized the region for centuries. Vine pollen has been found in the area dating from the 5th century BC, when Piedmont was a place of contact and trade between the Etruscans and the Celts; Etruscan and Celtic words, particularly wine-related ones, are still found in the local dialect. During the Roman Empire, Pliny the Elder mentions the Piedmont region as being one of the most favourable for growing vines in ancient Italy; Strabo mentions its barrels. ",4.9,83,3
Socotra Archipelago,Yemen,Natural Arab States Historic Landmark World Heritage," Socotra Archipelago, in the northwest Indian Ocean near the Gulf of Aden, is 250 km long and comprises four islands and two rocky islets which appear as a prolongation of the Horn of Africa. The site is of universal importance because of its biodiversity with rich and distinct flora and fauna: 37% of Socotra&rsquo;s 825 plant species, 90% of its reptile species and 95% of its land snail species do not occur anywhere else in the world. The site also supports globally significant populations of land and sea birds (192 bird species, 44 of which breed on the islands while 85 are regular migrants), including a number of threatened species. The marine life of Socotra is also very diverse, with 253 species of reef-building corals, 730 species of coastal fish and 300 species of crab, lobster and shrimp. ",4.5,68,3
Roskilde Cathedral,Denmark,Cultural Europe and North America Historic Landmark World Heritage," Built in the 12th and 13th centuries, this was Scandinavia's first Gothic cathedral to be built of brick and it encouraged the spread of this style throughout northern Europe. It has been the mausoleum of the Danish royal family since the 15th century. Porches and side chapels were added up to the end of the 19th century. Thus it provides a clear overview of the development of European religious architecture. ",4.9,71,1
Costiera Amalfitana,Italy,Cultural Europe and North America Historic Landmark World Heritage," The Amalfi coast is an area of great physical beauty and natural diversity. It has been intensively settled by human communities since the early Middle Ages. There are a number of towns such as Amalfi and Ravello with architectural and artistic works of great significance. The rural areas show the versatility of the inhabitants in adapting their use of the land to the diverse nature of the terrain, which ranges from terraced vineyards and orchards on the lower slopes to wide upland pastures. ",4.7,93,1
Archaeological Site of Philippi,Greece,Cultural Europe and North America Historic Landmark World Heritage," The remains of this walled city lie at the foot of an acropolis in north-eastern Greece, on the ancient route linking Europe and Asia, the Via Egnatia. Founded in 356 BC by the Macedonian King Philip II, the city developed as a “small Rome” with the establishment of the Roman Empire in the decades following the Battle of Philippi, in 42 BCE. The vibrant Hellenistic city of Philip II, of which the walls and their gates, the theatre and the funerary heroon (temple) are to be seen, was supplemented with Roman public buildings such as the Forum and a monumental terrace with temples to its north. Later the city became a centre of the Christian faith following the visit of the Apostle Paul in 49-50 CE. The remains of its basilicas constitute an exceptional testimony to the early establishment of Christianity.   ",4.9,52,3
Kyoto,Japan,City Trip Nature Landscape Culture History Art,"Serene temples and vibrant gardens blend with the gentle rustle of bamboo forests, creating a tranquil yet deeply enriching experience.",4.0,91,5
Huanglong Scenic and Historic Interest Area,China,Natural Asia and the Pacific Historic Landmark World Heritage," Situated in the north-west of Sichaun Province, the Huanglong valley is made up of snow-capped peaks and the easternmost of all the Chinese glaciers. In addition to its mountain landscape, diverse forest ecosystems can be found, as well as spectacular limestone formations, waterfalls and hot springs. The area also has a population of endangered animals, including the giant panda and the Sichuan golden snub-nosed monkey. ",4.8,70,2
Sanganeb Marine National Park and Dungonab Bay – Mukkawar Island Marine National Park,Sudan,Natural Arab States Historic Landmark World Heritage," The property consists of two separate areas: Sanganeb is an isolated, coral reef structure in the central Red Sea and the only atoll, 25 km off the shoreline of Sudan. The second component of the property is made up of Dungonab Bay and Mukkawar Island, situated 125 km north of Port Sudan. It includes a highly diverse system of coral reefs, mangroves, seagrass beds, beaches and islets. The site provides a habitat for populations of seabirds, marine mammals, fish, sharks, turtles and manta rays. Dungonab Bay also has a globally significant population of dugongs.  ",4.6,79,3
Takayama,Japan,City Trip Nature Landscape Culture History Art,"Charming wooden houses, serene streets, and the gentle flow of the river create a peaceful atmosphere perfect for unwinding and exploration.",4.6,84,3
Hong Kong,Hong Kong,City Trip Culture History Art Nightlife Party,"A bustling metropolis where neon lights reflect off harbor waters, offering a vibrant mix of street markets, towering skyscrapers, and serene parks.",3.7,64,5
Chhatrapati Shivaji Terminus (formerly Victoria Terminus),India,Cultural Asia and the Pacific Historic Landmark World Heritage," The Chhatrapati Shivaji Terminus, formerly known as Victoria Terminus Station, in Mumbai, is an outstanding example of Victorian Gothic Revival architecture in India, blended with themes deriving from Indian traditional architecture. The building, designed by the British architect F. W. Stevens, became the symbol of Bombay as the &lsquo;Gothic City&rsquo; and the major international mercantile port of India. The terminal was built over 10 years, starting in 1878, according to a High Victorian Gothic design based on late medieval Italian models. Its remarkable stone dome, turrets, pointed arches and eccentric ground plan are close to traditional Indian palace architecture. It is an outstanding example of the meeting of two cultures, as British architects worked with Indian craftsmen to include Indian architectural tradition and idioms thus forging a new style unique to Bombay. ",4.7,52,1
Nelson,New Zealand,City Trip Nature Landscape Adventure Hiking,"Sun-drenched coastal charm with vibrant markets and lush vineyards invites a laid-back exploration of art, nature, and local flavors.",4.5,77,3
Hill Forts of Rajasthan,India,Cultural Asia and the Pacific Historic Landmark World Heritage," The serial site, situated in the state of Rajastahan, includes six majestic forts in Chittorgarh; Kumbhalgarh; Sawai Madhopur; Jhalawar; Jaipur, and Jaisalmer. The ecclectic architecture of the forts, some up to 20 kilometres in circumference, bears testimony to the power of the Rajput princely states that flourished in the region from the 8th to the 18th centuries. Enclosed within defensive walls are major urban centres, palaces, trading centres and other buildings including temples that often predate the fortifications within which developed an elaborate courtly culture that supported learning, music and the arts. Some of the urban centres enclosed in the fortifications have survived, as have many of the site's temples and other sacred buildings. The forts use the natural defenses offered by the landscape: hills, deserts, rivers, and dense forests. They also feature extensive water harvesting structures, largely still in use today. ",4.6,80,2
Dougga / Thugga,Tunisia,Cultural Arab States Historic Landmark World Heritage," Before the Roman annexation of Numidia, the town of Thugga, built on an elevated site overlooking a fertile plain, was the capital of an important Libyco-Punic state. It flourished under Roman and Byzantine rule, but declined in the Islamic period. The impressive ruins that are visible today give some idea of the resources of a small Roman town on the fringes of the empire. ",4.7,58,1
Landscape of Grand Pré,Canada,Cultural Europe and North America Historic Landmark World Heritage," Situated in the southern Minas Basin of Nova Scotia, the Grand Pr&eacute; marshland and archaeological sites constitute a cultural landscape bearing testimony to the development of agricultural farmland using dykes and the aboiteau wooden sluice system, started by the Acadians in the 17th century and further developed and maintained by the Planters and present-day inhabitants. Over 1,300&nbsp;ha, the cultural landscape encompasses a large expanse of polder farmland and archaeological elements of the towns of Grand Pr&eacute; and Hortonville, which were built by the Acadians and their successors. The landscape is an exceptional example of the adaptation of the first European settlers to the conditions of the North American Atlantic coast. The site &ndash; marked by one of the most extreme tidal ranges in the world, averaging 11.6&nbsp;m &ndash; is also inscribed as a memorial to Acadian way of life and deportation, which started in 1755, known as the Grand D&eacute;rangement. ",4.8,84,3
"Christiansfeld, a Moravian Church Settlement",Denmark,Cultural Europe and North America Historic Landmark World Heritage," Founded in 1773 in South Jutland, the site is an example of a planned settlement of the Moravian Church, a Lutheran free congregation centred in Herrnhut, Saxony. The town was planned to represent the Protestant urban ideal, constructed around a central Church square. The architecture is homogenous and unadorned, with one and two-storey buildings in yellow brick with red tile roofs. The democratic organization of the Moravian Church, with its pioneering egalitarian philosophy, is expressed in its humanistic town planning. The settlement’s plan opens onto agricultural land and includes important buildings for the common welfare such as large communal houses for the congregation’s widows and unmarried men and women. The buildings are still in use and many are still owned by the local Moravian Church community . ",4.9,54,1
Tomb of Askia,Mali,Cultural Africa Historic Landmark World Heritage," The dramatic 17-m pyramidal structure of the Tomb of Askia was built by Askia Mohamed, the Emperor of Songhai, in 1495 in his capital Gao. It bears testimony to the power and riches of the empire that flourished in the 15th and 16th centuries through its control of the trans-Saharan trade, notably in salt and gold. It is also a fine example of the monumental mud-building traditions of the West African Sahel. The complex, including the pyramidal tomb, two flat-roofed mosque buildings, the mosque cemetery and the open-air assembly ground, was built when Gao became the capital of the Songhai Empire and after Askia Mohamed had returned from Mecca and made Islam the official religion of the empire. ",4.9,57,2
Monastery of Geghard and the Upper Azat Valley,Armenia,Cultural Europe and North America Historic Landmark World Heritage," The monastery of Geghard contains a number of churches and tombs, most of them cut into the rock, which illustrate the very peak of Armenian medieval architecture. The complex of medieval buildings is set into a landscape of great natural beauty, surrounded by towering cliffs at the entrance to the Azat Valley. ",4.6,65,1
"Bassari Country: Bassari, Fula and Bedik Cultural Landscapes",Senegal,Cultural Africa Historic Landmark World Heritage," The site, located in south-east Senegal, includes three geographical areas: the Bassari–Salémata area, the Bedik–Bandafassi area and the Fula–Dindéfello area, each with its specific morphological traits. The Bassari, Fula and Bedik peoples settled from the 11th to the 19th centuries and developed specific cultures and habitats symbiotic with their surrounding natural environment. The Bassari landscape is marked by terraces and rice paddies, interspersed with villages, hamlets and archaeological sites. The Bedik villages are formed by dense groups of huts with steep thatched roofs. Their inhabitants’ cultural expressions are characterized by original traits of agro-pastoral, social, ritual and spiritual practices, which represent an original response to environmental constraints and human pressures. The site is a well-preserved multicultural landscape housing original and still vibrant local cultures. ",4.6,86,2
Thimphu,Bhutan,City Trip Nature Landscape Culture History Art,"Nestled in the mountains, this city blends serene monasteries with colorful markets, offering a unique blend of tradition and tranquility.",3.7,80,5
Central Highlands of Sri Lanka,Sri Lanka,Natural Asia and the Pacific Historic Landmark World Heritage," Sri Lanka's highlands are situated in the south-central part of the island. The property comprises the Peak Wilderness Protected Area, the Horton Plains National Park and the Knuckles Conservation Forest. These montane forests, where the land rises to 2,500 metres above sea-level, are home to an extraordinary range of flora and fauna, including several endangered species such as the western-purple-faced langur, the Horton Plains slender loris and the Sri Lankan leopard. The region is considered a super biodiversity hotspot. ",4.8,87,2
Durban,South Africa,City Trip Nature Landscape Adventure Hiking Beach Sea Tropical,"A vibrant blend of golden beaches, rich Zulu culture, and fragrant Indian spices, creating an inviting atmosphere full of warmth and diversity.",3.9,63,3
Renaissance Monumental Ensembles of Úbeda and Baeza,Spain,Cultural Europe and North America Historic Landmark World Heritage," The urban morphology of the two small cities of Úbeda and Baeza in southern Spain dates back to the Moorish 9th century and to the Reconquista in the 13th century. An important development took place in the 16th century, when the cities were subject to renovation along the lines of the emerging Renaissance. This planning intervention was part of the introduction into Spain of new humanistic ideas from Italy, which went on to have a great influence on the architecture of Latin America. ",4.5,68,3
University and Historic Precinct of Alcalá de Henares,Spain,Cultural Europe and North America Historic Landmark World Heritage," Founded by Cardinal Jiménez de Cisneros in the early 16th century, Alcalá de Henares was the world's first planned university city. It was the original model for the Civitas Dei (City of God), the ideal urban community which Spanish missionaries brought to the Americas. It also served as a model for universities in Europe and elsewhere. ",5.0,52,2
"Portovenere, Cinque Terre, and the Islands (Palmaria, Tino and Tinetto)",Italy,Cultural Europe and North America Historic Landmark World Heritage," The Ligurian coast between Cinque Terre and Portovenere is a cultural landscape of great scenic and cultural value. The layout and disposition of the small towns and the shaping of the surrounding landscape, overcoming the disadvantages of a steep, uneven terrain, encapsulate the continuous history of human settlement in this region over the past millennium. ",4.7,54,3
Paraty and Ilha Grande – Culture and Biodiversity,Brazil,Mixed Latin America and the Caribbean Historic Landmark World Heritage,"Located between the Serra da Bocaina mountain range and the Atlantic Ocean, this cultural landscape includes the historic centre of Paraty, one of Brazil's best-preserved coastal towns, as well as four protected natural areas of the Brazilian Atlantic Forest, one of the world’s five key biodiversity hotspots. Paraty is home to an impressive diversity of species, some of which are threatened, such as the jaguar (Panthera onca), the white-lipped peccary (Tayassu pecari) and several primate species, including the woolly spider monkey (Brachyteles arachnoides), which are emblematic of the site. In the late 17thcentury, Paraty was the end-point of the Caminho do Ouro (Gold Route), along which gold was shipped to Europe. Its port also served as an entry point for tools and African slaves, sent to work in the mines. A defence system was built to protect the wealth of the port and the town.  The historic centre of Paraty has retained its 18th century plan and much of its colonial architecture dating from the 18th and early 19th centuries.",4.7,66,1
Town Hall and Roland on the Marketplace of Bremen,Germany,Cultural Europe and North America Historic Landmark World Heritage," The Town Hall and the statue of Roland on the marketplace of Bremen in north-west Germany are outstanding representations of civic autonomy and sovereignty, as these developed in the Holy Roman Empire in Europe. The old town hall was built in the Gothic style in the early 15th century, after Bremen joined the Hanseatic League. The building was renovated in the so-called Weser Renaissance style in the early 17th century. A new town hall was built next to the old one in the early 20th century as part of an ensemble that survived bombardment during the Second World War. The statue stands 5.5 m tall and dates back to 1404. ",4.9,66,3
City of Bath,United Kingdom of Great Britain and Northern Ireland,Cultural Europe and North America Historic Landmark World Heritage," Founded by the Romans as a thermal spa, Bath became an important centre of the wool industry in the Middle Ages. In the 18th century, under George III, it developed into an elegant town with neoclassical Palladian buildings, which blend harmoniously with the Roman baths. ",4.6,56,2
Sapporo,Japan,City Trip Nature Landscape Culture History Art,"Snow-dusted streets, lively markets, and the aroma of fresh seafood create a vibrant yet cozy atmosphere that's both inviting and invigorating.",4.5,91,3
Naples,Italy,City Trip Culture History Art Nightlife Party,"Bustling streets filled with the aroma of pizza, vibrant street life, and historic architecture create a lively and authentic Italian experience.",4.4,87,3
Aranjuez Cultural Landscape,Spain,Cultural Europe and North America Historic Landmark World Heritage," The Aranjuez cultural landscape is an entity of complex relationships: between nature and human activity, between sinuous watercourses and geometric landscape design, between the rural and the urban, between forest landscape and the delicately modulated architecture of its palatial buildings. Three hundred years of royal attention to the development and care of this landscape have seen it express an evolution of concepts from humanism and political centralization, to characteristics such as those found in its 18th century French-style Baroque garden, to the urban lifestyle which developed alongside the sciences of plant acclimatization and stock-breeding during the Age of Enlightenment. ",4.7,67,1
Ancient City of Tauric Chersonese and its Chora,Ukraine,Cultural Europe and North America Historic Landmark World Heritage," The site features the remains of a city founded by Dorian Greeks in the 5th century BC on the northern shores of the Black Sea. It encompasses six component sites with urban remains and agricultural lands divided into several hundreds of chora, rectangular plots of equal size. The plots supported vineyards whose production was exported by the city which thrived until the 15th century. The site features several public building complexes and residential neighbourhoods, as well as early Christian monuments alongside remains from Stone and Bronze Age settlements; Roman and medieval tower fortifications and water supply systems; and exceptionally well-preserved examples of vineyard planting and dividing walls. In the 3rd century AD, the site was known as the most productive wine centre of the Black Sea and remained a hub of exchange between the Greek, Roman and Byzantine Empires and populations north of the Black Sea. It is an outstanding example of democratic land organization linked to an ancient polis, reflecting the city&rsquo;s social organization. ",4.5,56,2
Nagasaki,Japan,City Trip Culture History Art,"Steeped in history and surrounded by lush hills, this city offers a poignant mix of serene gardens and vibrant cultural experiences.",4.1,70,3
Cahokia Mounds State Historic Site,United States of America,Cultural Europe and North America Historic Landmark World Heritage," Cahokia Mounds, some 13 km north-east of St Louis, Missouri, is the largest pre-Columbian settlement north of Mexico. It was occupied primarily during the Mississippian period (800–1400), when it covered nearly 1,600 ha and included some 120 mounds. It is a striking example of a complex chiefdom society, with many satellite mound centres and numerous outlying hamlets and villages. This agricultural society may have had a population of 10–20,000 at its peak between 1050 and 1150. Primary features at the site include Monks Mound, the largest prehistoric earthwork in the Americas, covering over 5 ha and standing 30 m high. ",4.6,94,1
Nagoya,Japan,City Trip Culture History Art,"A city where modern skyscrapers meet historic castles, offering a rich blend of tradition and innovation with a laid-back vibe.",4.8,75,5
The Grand Canal,China,Cultural Asia and the Pacific Historic Landmark World Heritage," The Grand Canal is a vast waterway system in the north-eastern and central-eastern plains of China, running from Beijing in the north to Zhejiang province in the south. Constructed in sections from the 5th century BC onwards, it was conceived as a unified means of communication for the Empire for the first time in the 7th century AD (Sui dynasty). This led to a series of gigantic construction sites, creating the world’s largest and most extensive civil engineering project prior to the Industrial Revolution. It formed the backbone of the Empire’s inland communication system, transporting grain and strategic raw materials, and supplying rice to feed the population. By the 13th century it consisted of more than 2,000 km of artificial waterways, linking five of China’s main river basins. It has played an important role in ensuring the country’s economic prosperity and stability and is still in use today as a major means of communication. ",4.6,94,3
Poblet Monastery,Spain,Cultural Europe and North America Historic Landmark World Heritage," This Cistercian abbey in Catalonia is one of the largest in Spain. At its centre is a 12th-century church. The austere, majestic monastery, which has a fortified royal residence and contains the pantheon of the kings of Catalonia and Aragon, is an impressive sight. ",5.0,50,3
Kuk Early Agricultural Site,Papua New Guinea,Cultural Asia and the Pacific Historic Landmark World Heritage," Kuk Early Agricultural Site consists of 116 ha of swamps in the western highlands of New Guinea 1,500 metres above sea-level. Archaeological excavation has revealed the landscape to be one of wetland reclamation worked almost continuously for 7,000, and possibly for 10,000 years. It contains well-preserved archaeological remains demonstrating the technological leap which transformed plant exploitation to agriculture around 6,500 years ago. It is an excellent example of transformation of agricultural practices over time, from cultivation mounds to draining the wetlands through the digging of ditches with wooden tools. Kuk is one of the few places in the world where archaeological evidence suggests independent agricultural development and changes in agricultural practice over such a long period of time. ",4.8,58,3
Wadi Rum,Jordan,City Trip Nature Landscape Adventure Hiking,"Expansive red sands and towering sandstone cliffs create a surreal landscape, inviting exploration and offering moments of profound tranquility under star-filled skies.",3.5,61,3
Kotor,Montenegro,City Trip Nature Landscape Culture History Art,"Winding cobblestone streets and ancient stone walls create a charming, timeless atmosphere, inviting you to explore hidden corners and scenic views.",4.8,61,3
Head-Smashed-In Buffalo Jump,Canada,Cultural Europe and North America Historic Landmark World Heritage," In south-west Alberta, the remains of marked trails and an aboriginal camp, and a tumulus where vast quantities of buffalo (American Bison) skeletons can still be found, are evidence of a custom practised by aboriginal peoples of the North American plains for nearly 6,000 years. Using their excellent knowledge of the topography and of buffalo behaviour, they killed their prey by chasing them over a precipice; the carcasses were later carved up in the camp below. ",4.9,89,2
Rock Shelters of Bhimbetka,India,Cultural Asia and the Pacific Historic Landmark World Heritage," The Rock Shelters of Bhimbetka are in the foothills of the Vindhyan Mountains on the southern edge of the central Indian plateau. Within massive sandstone outcrops, above comparatively dense forest, are five clusters of natural rock shelters, displaying paintings that appear to date from the Mesolithic Period right through to the historical period. The cultural traditions of the inhabitants of the twenty-one villages adjacent to the site bear a strong resemblance to those represented in the rock paintings. ",4.7,78,1
Macau,China,City Trip Culture History Art Nightlife Party,"A unique blend of Portuguese heritage and vibrant Chinese culture, with bustling streets, aromatic food stalls, and dazzling casino lights.",4.6,69,3
Old City of Acre,Israel,Cultural Europe and North America Historic Landmark World Heritage," Acre is a historic walled port-city with continuous settlement from the Phoenician period. The present city is characteristic of a fortified town dating from the Ottoman 18th and 19th centuries, with typical urban components such as the citadel, mosques, khans and baths. The remains of the Crusader town, dating from 1104 to 1291, lie almost intact, both above and below today's street level, providing an exceptional picture of the layout and structures of the capital of the medieval Crusader kingdom of Jerusalem. ",4.9,77,1
Historic Centre of the Town of Diamantina,Brazil,Cultural Latin America and the Caribbean Historic Landmark World Heritage," Diamantina, a colonial village set like a jewel in a necklace of inhospitable rocky mountains, recalls the exploits of diamond prospectors in the 18th century and testifies to the triumph of human cultural and artistic endeavour over the environment. ",4.6,64,1
Nazca,Peru,City Trip Culture History Art,"Endless desert landscapes meet ancient mysteries, with a quiet charm that invites you to explore its enigmatic lines and vibrant local culture.",3.6,76,1
Bam and its Cultural Landscape,Iran (Islamic Republic of),Cultural Asia and the Pacific Historic Landmark World Heritage," Bam is situated in a desert environment on the southern edge of the Iranian high plateau. The origins of Bam can be traced back to the Achaemenid period (6th to 4th centuries BC). Its heyday was from the 7th to 11th centuries, being at the crossroads of important trade routes and known for the production of silk and cotton garments. The existence of life in the oasis was based on the underground irrigation canals, the qanāts, of which Bam has preserved some of the earliest evidence in Iran. Arg-e Bam is the most representative example of a fortified medieval town built in vernacular technique using mud layers (Chineh ). ",4.5,90,2
Bagan,Myanmar,City Trip Nature Landscape Culture History Art,"Ancient temples rise from misty plains, where the golden glow of sunrise paints a serene landscape that feels both timeless and mystical.",3.8,78,1
Purnululu National Park,Australia,Natural Asia and the Pacific Historic Landmark World Heritage," The 239,723 ha Purnululu National Park is located in the State of Western Australia. It contains the deeply dissected Bungle Bungle Range composed of Devonian-age quartz sandstone eroded over a period of 20 million years into a series of beehive-shaped towers or cones, whose steeply sloping surfaces are distinctly marked by regular horizontal bands of dark-grey cyanobacterial crust (single-celled photosynthetic organisms). These outstanding examples of cone karst owe their existence and uniqueness to several interacting geological, biological, erosional and climatic phenomena. ",4.9,85,3
Jesuit Missions of La Santísima Trinidad de Paraná and Jesús de Tavarangue,Paraguay,Cultural Latin America and the Caribbean Historic Landmark World Heritage," In addition to their artistic interest, these missions are a reminder of the Jesuits' Christianization of the R&iacute;o de la Plata basin in the 17th and 18th centuries, with the accompanying social and economic initiatives. ",4.8,94,1
Imperial Palaces of the Ming and Qing Dynasties in Beijing and Shenyang,China,Cultural Asia and the Pacific Historic Landmark World Heritage," Seat of supreme power for over five centuries (1416-1911), the Forbidden City in Beijing, with its landscaped gardens and many buildings (whose nearly 10,000 rooms contain furniture and works of art), constitutes a priceless testimony to Chinese civilization during the Ming and Qing dynasties. The Imperial Palace of the Qing Dynasty in Shenyang consists of 114 buildings constructed between 1625–26 and 1783. It contains an important library and testifies to the foundation of the last dynasty that ruled China, before it expanded its power to the centre of the country and moved the capital to Beijing. This palace then became auxiliary to the Imperial Palace in Beijing. This remarkable architectural edifice offers important historical testimony to the history of the Qing Dynasty and to the cultural traditions of the Manchu and other tribes in the north of China. ",4.7,65,1
Historic Villages of Korea: Hahoe and Yangdong,Republic of Korea,Cultural Asia and the Pacific Historic Landmark World Heritage," Founded in the 14th-15th centuries, Hahoe and Yangdong are seen as the two most representative historic clan villages in the Republic of Korea. Their layout and location - sheltered by forested mountains and facing out onto a river and open agricultural fields &ndash; reflect the distinctive aristocratic Confucian culture of the early part of the Joseon Dynasty (1392-1910). The villages were located to provide both physical and spiritual nourishment from their surrounding landscapes. They include residences of the head families, together with substantial timber framed houses of other clan members, also pavilions, study halls, Confucian academies for learning, and clusters of one story mud-walled, thatched-roofed houses, formerly for commoners. The landscapes of mountains, trees and water around the village, framed in views from pavilions and retreats, were celebrated for their beauty by 17th and 18th century poets. ",4.8,88,3
Fort Lauderdale,United States,City Trip Beach Sea Tropical Nightlife Party,"Palm-lined beaches and vibrant nightlife create an inviting atmosphere, where the gentle ocean breeze and warm sun make relaxation effortless.",4.9,80,3
Millenary Benedictine Abbey of Pannonhalma and its Natural Environment,Hungary,Cultural Europe and North America Historic Landmark World Heritage," The first Benedictine monks settled here in 996. They went on to convert the Hungarians, to found the country's first school and, in 1055, to write the first document in Hungarian. From the time of its founding, this monastic community has promoted culture throughout central Europe. Its 1,000-year history can be seen in the succession of architectural styles of the monastic buildings (the oldest dating from 1224), which still today house a school and the monastic community. ",4.8,87,2
Historic City of Ayutthaya,Thailand,Cultural Asia and the Pacific Historic Landmark World Heritage," Founded c. 1350, Ayutthaya became the second Siamese capital after Sukhothai. It was destroyed by the Burmese in the 18th century. Its remains, characterized by the prang (reliquary towers) and gigantic monasteries, give an idea of its past splendour. ",4.9,57,2
West Norwegian Fjords – Geirangerfjord and Nærøyfjord,Norway,Natural Europe and North America Historic Landmark World Heritage," Situated in south-western Norway, north-east of Bergen, Geirangerfjord and N&aelig;r&oslash;yfjord, set 120 km from one another, are part of the west Norwegian fjord landscape, which stretches from Stavanger in the south to Andalsnes, 500 km to the north-east. The two fjords, among the world&rsquo;s longest and deepest, are considered as archetypical fjord landscapes and among the most scenically outstanding anywhere. Their exceptional natural beauty is derived from their narrow and steep-sided crystalline rock walls that rise up to 1,400 m from the Norwegian Sea and extend 500 m below sea level. The sheer walls of the fjords have numerous waterfalls while free-flowing rivers cross their deciduous and coniferous forests to glacial lakes, glaciers and rugged mountains. The landscape features a range of supporting natural phenomena, both terrestrial and marine, such as submarine moraines and marine mammals. ",4.9,67,1
Bordeaux,France,City Trip Culture History Art,"Strolling through sun-dappled streets, you'll find stunning architecture, vibrant markets, and the rich aroma of freshly baked baguettes filling the air.",4.4,75,3
Oaxaca City,Mexico,City Trip Culture History Art,Colorful streets filled with vibrant markets and the aroma of rich mole sauces create a warm and inviting cultural tapestry.,3.6,98,3
Neolithic Flint Mines at Spiennes (Mons),Belgium,Cultural Europe and North America Historic Landmark World Heritage," The Neolithic flint mines at Spiennes, covering more than 100 ha, are the largest and earliest concentration of ancient mines in Europe. They are also remarkable for the diversity of technological solutions used for extraction and for the fact that they are directly linked to a settlement of the same period. ",4.6,94,2
Odessa,Ukraine,City Trip Culture History Art Beach Sea Tropical Nightlife Party,"Charming cobblestone streets, lively markets, and the gentle sea breeze create a relaxed yet vibrant atmosphere perfect for unwinding and exploring.",3.7,90,1
Cartagena,Colombia,City Trip Culture History Art Beach Sea Tropical Nightlife Party,"Winding cobblestone streets, vibrant colonial architecture, and the rhythmic sound of salsa create a lively and colorful coastal atmosphere.",4.8,75,3
Jodrell Bank Observatory,United Kingdom of Great Britain and Northern Ireland,Cultural Europe and North America Historic Landmark World Heritage,"Located in a rural area of northwest England, free from radio interference, Jodrell Bank is one of the world's leading radio astronomy observatories. At the beginning of its use, in 1945, the site housed research on cosmic rays detected by radar echoes. This observatory, which is still in operation, includes several radio telescopes and working buildings, including engineering sheds and the Control Building. Jodrell Bank has had substantial scientific impact in fields such as the study of meteors and the moon, the discovery of quasars, quantum optics, and the tracking of spacecraft. This exceptional technological ensemble illustrates the transition from traditional optical astronomy to radio astronomy (1940s to 1960s), which led to radical changes in the understanding of the universe.",4.6,71,2
Comoé National Park,Côte d'Ivoire,Natural Africa Historic Landmark World Heritage," One of the largest protected areas in West Africa, this park is characterized by its great plant diversity. Due to the presence of the Comoé river, it contains plants which are normally only found much farther south, such as shrub savannahs and patches of thick rainforest. ",4.9,94,1
Carcassone,France,City Trip Culture History Art,"Wandering through narrow cobblestone streets, you feel the weight of history enveloped by ancient walls, with the aroma of rustic French cuisine lingering.",4.8,78,3
Salento,Colombia,City Trip Nature Landscape Culture History Art Adventure Hiking,"Rolling green hills and colorful streets create a welcoming vibe, with coffee aromas and vibrant landscapes offering a true sensory escape.",4.2,98,1
Cape Town,South Africa,City Trip Nature Landscape Culture History Art Adventure Hiking Beach Sea Tropical Nightlife Party,"A vibrant coastal city surrounded by rugged mountains and pristine beaches, offering laid-back afternoons, diverse cultures, and breathtaking views.",4.9,98,3
Isle of Skye,United Kingdom,City Trip Nature Landscape Adventure Hiking,"Dramatic landscapes with rugged cliffs and serene lochs create an enchanting atmosphere, perfect for exploring nature and experiencing tranquil moments.",3.8,68,3
Cappadocia,Turkey,City Trip Nature Landscape Culture History Art Adventure Hiking,"Imagine drifting over surreal landscapes in a hot air balloon, where ancient rock formations and vibrant valleys create an otherworldly experience.",4.1,74,3
Hwaseong Fortress,Republic of Korea,Cultural Asia and the Pacific Historic Landmark World Heritage," When the Joseon King Jeongjo moved his father's tomb to Suwon at the end of the 18th century, he surrounded it with strong defensive works, laid out according to the precepts of an influential military architect of the period, who brought together the latest developments in the field from both East and West. The massive walls, extending for nearly 6 km, still survive; they are pierced by four gates and equipped with bastions, artillery towers and other features. ",4.9,73,3
Surtsey,Iceland,Natural Europe and North America Historic Landmark World Heritage," Surtsey, a volcanic island approximately 32 km from the south coast of Iceland, is a new island formed by volcanic eruptions that took place from 1963 to 1967. It is all the more outstanding for having been protected since its birth, providing the world with a pristine natural laboratory. Free from human interference, Surtsey has been producing unique long-term information on the colonisation process of new land by plant and animal life. Since they began studying the island in 1964, scientists have observed the arrival of seeds carried by ocean currents, the appearance of moulds, bacteria and fungi, followed in 1965 by the first vascular plant, of which there were 10 species by the end of the first decade. By 2004, they numbered 60 together with 75 bryophytes, 71 lichens and 24 fungi. Eighty-nine species of birds have been recorded on Surtsey, 57 of which breed elsewhere in Iceland. The 141 ha island is also home to 335 species of invertebrates. ",4.9,94,1
West Lake Cultural Landscape of Hangzhou,China,Cultural Asia and the Pacific Historic Landmark World Heritage," The West Lake Cultural Landscape of Hangzhou, comprising the West Lake and the hills surrounding its three sides, has inspired famous poets, scholars and artists since the 9th century. It comprises numerous temples, pagodas, pavilions, gardens and ornamental trees, as well as causeways and artificial islands. These additions have been made to improve the landscape west of the city of Hangzhou to the south of the Yangtze river. 
 The West Lake has influenced garden design in the rest of China as well as Japan and Korea over the centuries and bears an exceptional testimony to the cultural tradition of improving landscapes to create a series of vistas reflecting an idealised fusion between humans and nature. 
 &nbsp; ",4.9,68,2
Sofia,Bulgaria,City Trip Culture History Art,"Charming streets lined with eclectic architecture and vibrant markets invite you to immerse in a blend of history, culture, and modern energy.",4.9,94,1
"The Climats, terroirs of Burgundy",France,Cultural Europe and North America Historic Landmark World Heritage," The climates are precisely delimited vineyard parcels on the slopes of the Côte de Nuits and the Côte de Beaune south of the city of Dijon. They differ from one another due to specific natural conditions (geology and exposure) as well as vine types and have been shaped by human cultivation. Over time they came to be recognized by the wine they produce. This cultural landscape consists of two parts. Firstly, the vineyards and associated production units including villages and the town of Beaune, which together represent the commercial dimension of the production system. The second part includes the historic centre of Dijon, which embodies the political regulatory impetus that gave birth to the climats system. The site is an outstanding example of grape cultivation and wine production developed since the High Middle Ages. ",4.7,89,1
Hoi An,Vietnam,City Trip Culture History Art,"Charming lantern-lit streets, bustling markets, and the scent of fresh herbs create an inviting atmosphere that feels both timeless and vibrant.",5.0,93,1
Verona,Italy,City Trip Culture History Art,"Charming streets with a romantic vibe, historic architecture, and cozy piazzas invite leisurely strolls and delightful discoveries at every turn.",3.9,66,3
Caye Caulker,Belize,City Trip Nature Landscape Adventure Hiking Beach Sea Tropical,"Charming sandy streets, vibrant Caribbean colors, and a laid-back vibe invite you to unwind and soak up the island's easygoing atmosphere.",4.6,96,1
"Villa d'Este, Tivoli",Italy,Cultural Europe and North America Historic Landmark World Heritage," The Villa d'Este in Tivoli, with its palace and garden, is one of the most remarkable and comprehensive illustrations of Renaissance culture at its most refined. Its innovative design along with the architectural components in the garden (fountains, ornamental basins, etc.) make this a unique example of an Italian 16th-century garden. The Villa d'Este, one of the first giardini delle meraviglie , was an early model for the development of European gardens. ",4.7,57,3
Proto-urban Site of Sarazm,Tajikistan,Cultural Asia and the Pacific Historic Landmark World Heritage," Sarazm, which means &ldquo;where the land begins&rdquo;, is an archaeological site bearing testimony to the development of human settlements in Central Asia, from the 4th millennium BCE to the end of the 3rd millennium BCE. The ruins demonstrate the early development of proto-urbanization in this region. This centre of settlement, one of the oldest in Central Asia, is situated between a mountainous region suitable for cattle rearing by nomadic pastoralists, and a large valley conducive to the development of agriculture and irrigation by the first settled populations in the region. Sarazm also demonstrates the existence of commercial and cultural exchanges and trade relations with peoples over an extensive geographical area, extending from the steppes of Central Asia and Turkmenistan, to the Iranian plateau, the Indus valley and as far as the Indian Ocean. ",4.9,50,2
Decorated Farmhouses of Hälsingland,Sweden,Cultural Europe and North America Historic Landmark World Heritage," Seven timber houses are listed in this site located in the east of Sweden, representing the zenith of a regional timber building tradition that dates back to the Middle Ages. They reflect the prosperity of independent farmers who in the 19th century used their wealth to build substantial new homes with elaborately decorated ancillary houses or suites of rooms reserved for festivities. The paintings represent a fusion of folk art with the styles favoured by the landed gentry of the time, including Baroque and Rococo. Decorated by painters, including known and unknown itinerant artists, the listed properties represent the final flowering of a long cultural tradition. ",4.8,93,1
Trondheim,Norway,City Trip Nature Landscape Culture History Art,"Charming wooden houses, crisp Nordic air, and a vibrant student atmosphere create a cozy yet lively vibe that's both welcoming and invigorating.",4.2,91,5
Honiara,Solomon Islands,City Trip Nature Landscape,"Lush tropical landscapes meet vibrant local markets, offering an authentic and immersive experience in a laid-back island atmosphere.",4.4,96,3
Historic Centre of Camagüey,Cuba,Cultural Latin America and the Caribbean Historic Landmark World Heritage," One of the first seven villages founded by the Spaniards in Cuba, Camag&uuml;ey played a prominent role as the urban centre of an inland territory dedicated to cattle breeding and the sugar industry. Settled in its current location in 1528, the town developed on the basis of an irregular urban pattern that contains a system of large and minor squares, serpentine streets, alleys and irregular urban blocks, highly exceptional for Latin American colonial towns located in plain territories. The 54 ha Historic Centre of Camag&uuml;ey constitutes an exceptional example of a traditional urban settlement relatively isolated from main trade routes. The Spanish colonizers followed medieval European influences in terms of urban layout and traditional construction techniques brought to the Americas by their masons and construction masters. The property reflects the influence of numerous styles through the ages: neoclassical, eclectic, Art Deco, Neo-colonial as well as some Art Nouveau and rationalism. ",4.7,77,2
Monastery of the Hieronymites and Tower of Belém in Lisbon,Portugal,Cultural Europe and North America Historic Landmark World Heritage," Standing at the entrance to Lisbon harbour, the Monastery of the Hieronymites &ndash; construction of which began in 1502 &ndash; exemplifies Portuguese art at its best. The nearby Tower of Bel&eacute;m, built to commemorate Vasco da Gama's expedition, is a reminder of the great maritime discoveries that laid the foundations of the modern world. ",4.7,84,3
Valparaíso,Chile,City Trip Culture History Art Nightlife Party,"Colorful hillside neighborhoods cascade down to the bustling port, where vibrant street art and ocean breezes create an inspiring, bohemian atmosphere.",4.4,65,3
Sacred City of Anuradhapura,Sri Lanka,Cultural Asia and the Pacific Historic Landmark World Heritage," This sacred city was established around a cutting from the 'tree of enlightenment', the Buddha's fig tree, brought there in the 3rd century B.C. by Sanghamitta, the founder of an order of Buddhist nuns. Anuradhapura, a Ceylonese political and religious capital that flourished for 1,300 years, was abandoned after an invasion in 993. Hidden away in dense jungle for many years, the splendid site, with its palaces, monasteries and monuments, is now accessible once again. ",4.8,57,1
Medina of Essaouira (formerly Mogador),Morocco,Cultural Arab States Historic Landmark World Heritage," Essaouira is an exceptional example of a late-18th-century fortified town, built according to the principles of contemporary European military architecture in a North African context. Since its foundation, it has been a major international trading seaport, linking Morocco and its Saharan hinterland with Europe and the rest of the world. ",4.6,86,2
Monteverde,Costa Rica,City Trip Nature Landscape Adventure Hiking,"Misty cloud forests and vibrant wildlife create an enchanting atmosphere, where every trail offers a new sensory delight and adventure.",5.0,73,3
Cultural Landscape of Maymand,Iran (Islamic Republic of),Cultural Asia and the Pacific Historic Landmark World Heritage," Maymand is a self-contained, semi-arid area at the end of a valley at the southern extremity of Iran’s central mountains. The villagers are semi-nomadic agro-pastoralists. They raise their animals on mountain pastures, living in temporary settlements in spring and autumn. During the winter months they live lower down the valley in cave dwellings carved out of the soft rock (kamar), an unusual form of housing in a dry, desert environment.  This cultural landscape is an example of a system that appears to have been more widespread in the past and involves the movement of people rather than animals. ",4.8,81,1
Prehistoric Rock Art Sites in the Côa Valley and Siega Verde,"Portugal,Spain",Cultural Europe and North America Historic Landmark World Heritage," The two Prehistoric Rock Art Sites in the Côa Valley (Portugal) and Siega Verde (Spain) are located on the banks of the rivers Agueda and Côa, tributaries of the river Douro, documenting continuous human occupation from the end of the Paleolithic Age. Hundreds of panels with thousands of animal figures (5,000 in Foz Côa and around 440 in Siega Verde) were carved over several millennia, representing the most remarkable open-air ensemble of Paleolithic art on the Iberian Peninsula. 
 Côa Valley and Siega Verde provide the best illustration of the iconographic themes and organization of Paleolithic rock art, using the same modes of expression in caves and in the open air, thus contributing to a greater understanding of this artistic phenomenon. Together they form a unique site of the prehistoric era, rich in material evidence of Upper Paleolithic occupation. ",4.7,87,3
Canal du Midi,France,Cultural Europe and North America Historic Landmark World Heritage," This 360-km network of navigable waterways linking the Mediterranean and the Atlantic through 328 structures (locks, aqueducts, bridges, tunnels, etc.) is one of the most remarkable feats of civil engineering in modern times. Built between 1667 and 1694, it paved the way for the Industrial Revolution. The care that its creator, Pierre-Paul Riquet, took in the design and the way it blends with its surroundings turned a technical achievement into a work of art. ",4.5,92,1
Luis Barragán House and Studio,Mexico,Cultural Latin America and the Caribbean Historic Landmark World Heritage," Built in 1948, the House and Studio of architect Luis Barrag&aacute;n in the suburbs of Mexico City represents an outstanding example of the architect&rsquo;s creative work in the post-Second World War period. The concrete building, totalling 1,161 m2, consists of a ground floor and two upper storeys, as well as a small private garden. Barrag&aacute;n&rsquo;s work integrated modern and traditional artistic and vernacular currents and elements into a new synthesis, which has been greatly influential, especially in the contemporary design of gardens, plazas and landscapes. ",4.8,75,1
Tajik National Park (Mountains of the Pamirs),Tajikistan,Natural Asia and the Pacific Historic Landmark World Heritage," Tajikistan National Park&nbsp;covers more than 2.5 million hectares in the east of the country, at the centre of the so-called &ldquo;Pamir Knot&rdquo;, a meeting point of the highest mountain ranges on the Eurasian continent. It consists of high plateaux in the east and, to the west, rugged peaks, some of them over 7,000 meters high, and features extreme seasonal variations of temperature. The longest valley glacier outside the Polar region is located among the 1,085 glaciers inventoried in the site, which also numbers 170 rivers and more than 400 lakes. Rich flora species of both the south-western and central Asian floristic regions grow in the Park which shelters nationally rare and threatened birds and mammals (Marco Polo Argali sheep, Snow Leopards and Siberian Ibex and more). Subject to frequent strong earthquakes, the Park is sparsely inhabited, and virtually unaffected by agriculture and permanent human settlements. It offers a unique opportunity for the study of plate tectonics and subduction phenomena. ",5.0,71,2
Debrecen,Hungary,City Trip,"Tree-lined streets, charming squares, and a blend of old-world charm with modern vibrancy create a welcoming and relaxed atmosphere.",4.8,63,1
Praia,Cape Verde,City Trip Beach Sea Tropical,"Colorful markets, lively music, and ocean breezes create a vibrant yet laid-back atmosphere that invites you to explore and unwind.",4.5,67,3
Eindhoven,Netherlands,City Trip,"Innovative design and vibrant street art create a lively atmosphere, while cozy cafes and green spaces offer moments of relaxation and inspiration.",3.8,93,3
Belfries of Belgium and France,"Belgium,France",Cultural Europe and North America Historic Landmark World Heritage," Twenty-three belfries in the north of France and the belfry of Gembloux in Belgium were inscribed in 2005, as an extension to the 32 Belgian belfries inscribed in 1999 as Belfries of Flanders and Wallonia. Built between the 11th and 17th centuries, they showcase the Roman, Gothic, Renaissance and Baroque styles of architecture. They are highly significant tokens of the winning of civil liberties. While Italian, German and English towns mainly opted to build town halls, in part of north-western Europe, greater emphasis was placed on building belfries. Compared with the keep (symbol of the seigneurs) and the bell-tower (symbol of the Church), the belfry, the third tower in the urban landscape, symbolizes the power of the aldermen. Over the centuries, they came to represent the influence and wealth of the towns. ",4.7,86,2
Whale Sanctuary of El Vizcaino,Mexico,Natural Latin America and the Caribbean Historic Landmark World Heritage," Located in the central part of the peninsula of Baja California, the sanctuary contains some exceptionally interesting ecosystems. The coastal lagoons of Ojo de Liebre and San Ignacio are important reproduction and wintering sites for the grey whale, harbour seal, California sea lion, northern elephant-seal and blue whale. The lagoons are also home to four species of the endangered marine turtle. ",4.7,93,3
"Biblical Tels - Megiddo, Hazor, Beer Sheba",Israel,Cultural Europe and North America Historic Landmark World Heritage," Tels (prehistoric settlement mounds), are characteristic of the flatter lands of the eastern Mediterranean, particularly Lebanon, Syria, Israel and eastern Turkey. Of more than 200 tels in Israel, Megiddo, Hazor and Beer Sheba are representative of those that contain substantial remains of cities with biblical connections. The three tels also present some of the best examples in the Levant of elaborate Iron Age, underground water-collecting systems, created to serve dense urban communities. Their traces of construction over the millennia reflect the existence of centralized authority, prosperous agricultural activity and the control of important trade routes. ",4.6,64,3
Medina of Fez,Morocco,Cultural Arab States Historic Landmark World Heritage," Founded in the 9th century and home to the oldest university in the world, Fez reached its height in the 13th&ndash;14th centuries under the Marinids, when it replaced Marrakesh as the capital of the kingdom. The urban fabric and the principal monuments in the medina &ndash; madrasas, fondouks, palaces, residences, mosques and fountains - date from this period. Although the political capital of Morocco was transferred to Rabat in 1912, Fez has retained its status as the country's cultural and spiritual centre. ",4.8,84,3
Tahiti,French Polynesia,City Trip Nature Landscape Adventure Hiking Beach Sea Tropical,"Lush landscapes and tranquil lagoons invite a sense of serenity, where vibrant markets and local flavors add a touch of island warmth.",4.6,88,5
Los Katíos National Park,Colombia,Natural Latin America and the Caribbean Historic Landmark World Heritage," Extending over 72,000 ha in north-western Colombia, Los Katios National Park comprises low hills, forests and humid plains. An exceptional biological diversity is found in the park, which is home to many threatened animal species, as well as many endemic plants. ",4.6,66,3
Mount Wutai,China,Cultural Asia and the Pacific Historic Landmark World Heritage," With its five flat peaks, Mount Wutai is a sacred Buddhist mountain. The cultural landscape is home to forty-one monasteries and includes the East Main Hall of Foguang Temple, the highest surviving timber building of the Tang dynasty, with life-size clay sculptures. It also features the Ming dynasty Shuxiang Temple with a huge complex of 500 statues representing Buddhist stories woven into three-dimensional pictures of mountains and water. Overall, the buildings on the site catalogue the way in which Buddhist architecture developed and influenced palace building in China for over a millennium. Mount Wutai, literally, 'the five terrace mountain', is the highest in Northern China and is remarkable for its morphology of precipitous slopes with five open treeless peaks. Temples have been built on this site from the 1st century AD to the early 20th century. ",4.8,71,2
Writing-on-Stone / Áísínai’pi,Canada,Cultural Europe and North America Historic Landmark World Heritage,"This site is located on the northern edge of the semi-arid Great Plains of North America, on the border between Canada and the United States of America. The Milk River Valley dominates the topography of this cultural landscape, which is characterized by a concentration of pillars or hoodoos – columns of rock sculpted by erosion into spectacular shapes. The Blackfoot (Siksikáíítsitapi) people left engravings and paintings on the sandstone walls of the Milk River Valley, bearing testimony to messages from Sacred Beings. The archaeological remains date from 1800 BCE to the beginning of the post-contact period. This landscape is considered sacred to the Blackfoot people, and their centuries-old traditions are perpetuated through ceremonies and in enduring respect for the places.",4.9,67,2
Ha Long Bay,Viet Nam,Natural Asia and the Pacific Historic Landmark World Heritage," Ha Long Bay, in the Gulf of Tonkin, includes some 1,600 islands and islets, forming a spectacular seascape of limestone pillars. Because of their precipitous nature, most of the islands are uninhabited and unaffected by a human presence. The site's outstanding scenic beauty is complemented by its great biological interest. ",4.7,78,3
Temple and Cemetery of Confucius and the Kong Family Mansion in Qufu,China,Cultural Asia and the Pacific Historic Landmark World Heritage," The temple, cemetery and family mansion of Confucius, the great philosopher, politician and educator of the 6th&ndash;5th centuries B.C., are located at Qufu, in Shandong Province. Built to commemorate him in 478 B.C., the temple has been destroyed and reconstructed over the centuries; today it comprises more than 100 buildings. The cemetery contains Confucius' tomb and the remains of more than 100,000 of his descendants. The small house of the Kong family developed into a gigantic aristocratic residence, of which 152 buildings remain. The Qufu complex of monuments has retained its outstanding artistic and historic character due to the devotion of successive Chinese emperors over more than 2,000 years. ",4.5,67,2
Konso Cultural Landscape,Ethiopia,Cultural Africa Historic Landmark World Heritage," Konso Cultural Landscape is a 55km2 arid property of stone walled terraces and fortified settlements in the Konso highlands of Ethiopia. It constitutes a spectacular example of a living cultural tradition stretching back 21 generations (more than 400 years) adapted to its dry hostile environment. The landscape demonstrates the shared values, social cohesion and engineering knowledge of its communities. The site also features anthropomorphic wooden statues - grouped to represent respected members of their communities and particularly heroic events - which are an exceptional living testimony to funerary traditions that are on the verge of disappearing. Stone steles in the towns express a complex system of marking the passing of generations of leaders. ",4.7,86,3
The Dolomites,Italy,Natural Europe and North America Historic Landmark World Heritage," The site of the Dolomites comprises a mountain range in the northern Italian Alps, numbering 18 peaks which rise to above 3,000 metres and cover 141,903 ha. It features some of the most beautiful mountain landscapes anywhere, with vertical walls, sheer cliffs and a high density of narrow, deep and long valleys. A serial property of nine areas that present a diversity of spectacular landscapes of international significance for geomorphology marked by steeples, pinnacles and rock walls, the site also contains glacial landforms and karst systems. It is characterized by dynamic processes with frequent landslides, floods and avalanches. The property also features one of the best examples of the preservation of Mesozoic carbonate platform systems, with fossil records. ",4.8,53,1
Lake Turkana National Parks,Kenya,Natural Africa Historic Landmark World Heritage," The most saline of Africa's large lakes, Turkana is an outstanding laboratory for the study of plant and animal communities. The three National Parks serve as a stopover for migrant waterfowl and are major breeding grounds for the Nile crocodile, hippopotamus and a variety of venomous snakes. The Koobi Fora deposits, rich in mammalian, molluscan and other fossil remains, have contributed more to the understanding of paleo-environments than any other site on the continent. ",4.8,83,1
City of Graz – Historic Centre and Schloss Eggenberg,Austria,Cultural Europe and North America Historic Landmark World Heritage," The City of Graz &ndash; Historic Centre and Schloss Eggenberg bear witness to an exemplary model of the living heritage of a central European urban complex influenced by the secular presence of the Habsburgs and the cultural and artistic role played by the main aristocratic families. They are a harmonious blend of the architectural styles and artistic movements that have succeeded each other from the Middle Ages until the 18th century, from the many neighbouring regions of Central and Mediterranean Europe. They embody a diversified and highly comprehensive ensemble of architectural, decorative and landscape examples of these interchanges of influence. ",4.5,91,3
"Summer Palace, an Imperial Garden in Beijing",China,Cultural Asia and the Pacific Historic Landmark World Heritage," The Summer Palace in Beijing &ndash; first built in 1750, largely destroyed in the war of 1860 and restored on its original foundations in 1886 &ndash; is a masterpiece of Chinese landscape garden design. The natural landscape of hills and open water is combined with artificial features such as pavilions, halls, palaces, temples and bridges to form a harmonious ensemble of outstanding aesthetic value. ",4.5,62,2
Kota Kinabalu,Malaysia,City Trip Nature Landscape Adventure Hiking Beach Sea Tropical,"Lush rainforests meet vibrant city life, offering a blend of natural wonders and cultural richness that invites exploration and adventure.",3.9,78,3
"Seowon, Korean Neo-Confucian Academies",Republic of Korea,Cultural Asia and the Pacific Historic Landmark World Heritage,"This site, located in central and southern parts of the Republic of Korea, comprises nine seowon, representing a type of Neo-Confucian academy of the Joseon dynasty (15th—19th centuries CE). Learning, veneration of scholars and interaction with the environment were the essential functions of the seowons, expressed in their design. Situated near mountains and water sources, they favoured the appreciation of nature and cultivation of mind and body. The pavilion-style buildings were intended to facilitate connections to the landscape. The seowons illustrate an historical process in which Neo-Confucianism from China was adapted to Korean conditions.",4.7,67,2
Ashur (Qal'at Sherqat),Iraq,Cultural Arab States Historic Landmark World Heritage," The ancient city of Ashur is located on the Tigris River in northern Mesopotamia in a specific geo-ecological zone, at the borderline between rain-fed and irrigation agriculture. The city dates back to the 3rd millennium BC. From the 14th to the 9th centuries BC it was the first capital of the Assyrian Empire, a city-state and trading platform of international importance. It also served as the religious capital of the Assyrians, associated with the god Ashur. The city was destroyed by the Babylonians, but revived during the Parthian period in the 1st and 2nd centuries AD. ",4.9,65,2
Cultural Landscape of the Serra de Tramuntana,Spain,Cultural Europe and North America Historic Landmark World Heritage, The Cultural Landscape of the Serra de Tramuntana located on a sheer-sided mountain range parallel to the north-western coast of the island of Mallorca. Millennia of agriculture in an environment with scarce resources has transformed the terrain and displays an articulated network of devices for the management of water revolving around farming units of feudal origins. The landscape is marked by agricultural terraces and inter-connected water works - including water mills - as well as dry stone constructions and farms. ,4.6,79,2
Dorset and East Devon Coast,United Kingdom of Great Britain and Northern Ireland,Natural Europe and North America Historic Landmark World Heritage," The cliff exposures along the Dorset and East Devon coast provide an almost continuous sequence of rock formations spanning the Mesozoic Era, or some 185 million years of the earth's history. The area's important fossil sites and classic coastal geomorphologic features have contributed to the study of earth sciences for over 300 years. ",5.0,81,3
Izmir,Turkey,City Trip Culture History Art Beach Sea Tropical,"Coastal breezes carry the scent of the sea through bustling markets and lively streets, offering a vibrant yet laid-back Mediterranean vibe.",4.1,66,3
"Temple Zone of Sambor Prei Kuk, Archaeological Site of Ancient Ishanapura",Cambodia,Cultural Asia and the Pacific Historic Landmark World Heritage," The archaeological site of Sambor Prei Kuk, “the temple in the richness of the forest” in the Khmer language, has been identified as Ishanapura, the capital of the Chenla Empire that flourished in the late 6th and early 7th centuries AD. The property comprises more than a hundred temples, ten of which are octagonal, unique specimens of their genre in South-East Asia. Decorated sandstone elements in the site are characteristic of the pre-Angkor decorative idiom, known as the Sambor Prei Kuk Style. Some of these elements, including lintels, pediments and colonnades, are true masterpieces. The art and architecture developed here became models for other parts of the region and lay the ground for the unique Khmer style of the Angkor period. ",4.6,57,1
Sukur Cultural Landscape,Nigeria,Cultural Africa Historic Landmark World Heritage," The Sukur Cultural Landscape, with the Palace of the Hidi (Chief) on a hill dominating the villages below, the terraced fields and their sacred symbols, and the extensive remains of a former flourishing iron industry, is a remarkably intact physical expression of a society and its spiritual and material culture. ",4.8,77,3
Historic Centre of Santa Cruz de Mompox,Colombia,Cultural Latin America and the Caribbean Historic Landmark World Heritage," Founded in 1540 on the banks of the River Magdalena, Mompox played a key role in the Spanish colonization of northern South America. From the 16th to the 19th century the city developed parallel to the river, with the main street acting as a dyke. The historic centre has preserved the harmony and unity of the urban landscape. Most of the buildings are still used for their original purposes, providing an exceptional picture of what a Spanish colonial city was like. ",4.8,79,1
Catania,Italy,City Trip Nature Landscape Culture History Art,"Sun-soaked streets filled with the aroma of fresh seafood, lively markets, and the dramatic backdrop of a smoking volcano create a unique atmosphere.",4.4,70,3
Mombasa,Kenya,City Trip Nature Landscape Culture History Art Adventure Hiking Beach Sea Tropical,"Lively markets, stunning beaches, and a fusion of cultures create a vibrant atmosphere where you can feel the ocean breeze and hear Swahili melodies.",3.8,83,3
Glasgow,United Kingdom,City Trip Culture History Art Nightlife Party,"Lively streets filled with music, striking architecture, and a rich cultural scene make every corner of this city feel inviting and vibrant.",3.5,64,3
"Qutb Minar and its Monuments, Delhi",India,Cultural Asia and the Pacific Historic Landmark World Heritage," Built in the early 13th century a few kilometres south of Delhi, the red sandstone tower of Qutb Minar is 72.5 m high, tapering from 2.75 m in diameter at its peak to 14.32 m at its base, and alternating angular and rounded flutings. The surrounding archaeological area contains funerary buildings, notably the magnificent Alai-Darwaza Gate, the masterpiece of Indo-Muslim art (built in 1311), and two mosques, including the Quwwatu'l-Islam, the oldest in northern India, built of materials reused from some 20 Brahman temples. ",4.9,77,2
State Historical and Cultural Park “Ancient Merv”,Turkmenistan,Cultural Asia and the Pacific Historic Landmark World Heritage," Merv is the oldest and best-preserved of the oasis-cities along the Silk Route in Central Asia. The remains in this vast oasis span 4,000 years of human history. A number of monuments are still visible, particularly from the last two millennia. ",5.0,58,2
Cornwall and West Devon Mining Landscape,United Kingdom of Great Britain and Northern Ireland,Cultural Europe and North America Historic Landmark World Heritage," Much of the landscape of Cornwall and West Devon was transformed in the 18th and early 19th centuries as a result of the rapid growth of pioneering copper and tin mining. Its deep underground mines, engine houses, foundries, new towns, smallholdings, ports and harbours, and their ancillary industries together reflect prolific innovation which, in the early 19th century, enabled the region to produce two-thirds of the world’s supply of copper. The substantial remains are a testimony to the contribution Cornwall and West Devon made to the Industrial Revolution in the rest of Britain and to the fundamental influence the area had on the mining world at large. Cornish technology embodied in engines, engine houses and mining equipment was exported around the world. Cornwall and West Devon were the heartland from which mining technology rapidly spread. ",4.8,85,3
Tehuacán-Cuicatlán Valley: originary habitat of Mesoamerica,Mexico,Mixed Latin America and the Caribbean Historic Landmark World Heritage," Tehuacán-Cuicatlán Valley, part of the Mesoamerican region, is the arid or semi-arid zone with the richest biodiversity in all of North America. Consisting of three components, Zapotitlán-Cuicatlán, San Juan Raya and Purrón, it is one of the main centres of diversification for the cacti family, which is critically endangered worldwide. The valley harbours the densest forests of columnar cacti in the world, shaping a unique landscape that also includes agaves, yuccas and oaks. Archaeological remains demonstrate technological developments and the early domestication of crops. The valley presents an exceptional water management system of canals, wells, aqueducts and dams, the oldest in the continent, which has allowed for the emergence of agricultural settlements. ",4.9,68,2
Tiwanaku: Spiritual and Political Centre of the Tiwanaku Culture,Bolivia (Plurinational State of),Cultural Latin America and the Caribbean Historic Landmark World Heritage," The city of Tiwanaku, capital of a powerful pre-Hispanic empire that dominated a large area of the southern Andes and beyond, reached its apogee between 500 and 900 AD. Its monumental remains testify to the cultural and political significance of this civilisation, which is distinct from any of the other pre-Hispanic empires of the Americas. ",4.8,60,2
Bwindi Impenetrable National Park,Uganda,Natural Africa Historic Landmark World Heritage," Located in south-western Uganda, at the junction of the plain and mountain forests, Bwindi Park covers 32,000 ha and is known for its exceptional biodiversity, with more than 160 species of trees and over 100 species of ferns. Many types of birds and butterflies can also be found there, as well as many endangered species, including the mountain gorilla. ",4.5,63,2
Okavango Delta,Botswana,Natural Africa Historic Landmark World Heritage," This delta in north-west Botswana comprises permanent marshlands and seasonally flooded plains. It is one of the very few major interior delta systems that do not flow into a sea or ocean, with a wetland system that is almost intact. One of the unique characteristics of the site is that the annual flooding from the River Okavango occurs during the dry season, with the result that the native plants and animals have synchronized their biological cycles with these seasonal rains and floods. It is an exceptional example of the interaction between climatic, hydrological and biological processes. The Okavango Delta is home to some of the world&rsquo;s most endangered species of large mammal, such as the cheetah, white rhinoceros, black rhinoceros, African wild dog and lion. ",4.7,59,3
São Tomé,São Tomé and Príncipe,City Trip Nature Landscape Adventure Hiking Beach Sea Tropical,"Lush rainforests, tranquil beaches, and the gentle rhythm of island life create a serene escape filled with natural beauty and warmth.",4.5,76,3
Khiva,Uzbekistan,City Trip Culture History Art,"Wander through ancient, sun-drenched streets surrounded by intricately carved minarets and walls, where history whispers from every corner and time feels suspended.",4.0,71,1
Royal Domain of Drottningholm,Sweden,Cultural Europe and North America Historic Landmark World Heritage," The Royal Domain of Drottningholm stands on an island in Lake Mälar in a suburb of Stockholm. With its castle, perfectly preserved theatre (built in 1766), Chinese pavilion and gardens, it is the finest example of an 18th-century north European royal residence inspired by the Palace of Versailles. ",4.9,61,3
Blenheim Palace,United Kingdom of Great Britain and Northern Ireland,Cultural Europe and North America Historic Landmark World Heritage," Blenheim Palace, near Oxford, stands in a romantic park created by the famous landscape gardener 'Capability' Brown. It was presented by the English nation to John Churchill, first Duke of Marlborough, in recognition of his victory in 1704 over French and Bavarian troops. Built between 1705 and 1722 and characterized by an eclectic style and a return to national roots, it is a perfect example of an 18th-century princely dwelling. ",4.8,88,1
Colombo,Sri Lanka,City Trip Culture History Art,"Lively streets filled with the aroma of spices, historic temples, and a coastal breeze create a vibrant and welcoming atmosphere.",4.3,83,1
Derwent Valley Mills,United Kingdom of Great Britain and Northern Ireland,Cultural Europe and North America Historic Landmark World Heritage," The Derwent Valley in central England contains a series of 18th- and 19th- century cotton mills and an industrial landscape of high historical and technological interest. The modern factory owes its origins to the mills at Cromford, where Richard Arkwright's inventions were first put into industrial-scale production. The workers' housing associated with this and the other mills remains intact and illustrate the socio-economic development of the area. ",4.6,61,3
Tallinn,Estonia,City Trip Culture History Art,"Medieval lanes, vibrant markets, and the scent of fresh pastries create an enchanting atmosphere that's both historic and inviting.",4.7,85,3
Jeju Volcanic Island and Lava Tubes,Republic of Korea,Natural Asia and the Pacific Historic Landmark World Heritage," Jeju Volcanic Island and Lava Tubes together comprise three sites that make up 18,846 ha. It includes Geomunoreum, regarded as the finest lava tube system of caves anywhere, with its multicoloured carbonate roofs and floors, and dark-coloured lava walls; the fortress-like Seongsan Ilchulbong tuff cone, rising out of the ocean, a dramatic landscape; and Mount Halla, the highest in Korea, with its waterfalls, multi-shaped rock formations, and lake-filled crater. The site, of outstanding aesthetic beauty, also bears testimony to the history of the planet, its features and processes. ",4.7,94,3
Kuwait City,Kuwait,City Trip,"A modern skyline meets traditional souks, where the aroma of spices and the warmth of the desert sun create an inviting atmosphere.",4.9,97,5
Archaeological Site of Troy,Turkey,Cultural Europe and North America Historic Landmark World Heritage," Troy, with its 4,000 years of history, is one of the most famous archaeological sites in the world. The first excavations at the site were undertaken by the famous archaeologist Heinrich Schliemann in 1870. In scientific terms, its extensive remains are the most significant demonstration of the first contact between the civilizations of Anatolia and the Mediterranean world. Moreover, the siege of Troy by Spartan and Achaean warriors from Greece in the 13th or 12th century B.C., immortalized by Homer in the Iliad, has inspired great creative artists throughout the world ever since. ",4.8,69,2
Masjed-e Jāmé of Isfahan  ,Iran (Islamic Republic of),Cultural Asia and the Pacific Historic Landmark World Heritage," Located in the historic centre of Isfahan, the Masjed-e Jām&eacute; (&lsquo;Friday mosque&rsquo;) can be seen as a stunning illustration of the evolution of mosque architecture over twelve centuries, starting in ad&nbsp;841. It is the oldest preserved edifice of its type in Iran and a prototype for later mosque designs throughout Central Asia. The complex, covering more than 20,000&nbsp;m2, is also the first Islamic building that adapted the four-courtyard layout of Sassanid palaces to Islamic religious architecture. Its double-shelled ribbed domes represent an architectural innovation that inspired builders throughout the region. The site also features remarkable decorative details representative of stylistic developments over more than a thousand years of Islamic art. ",4.7,90,1
Historic Centre of Macao,China,Cultural Asia and the Pacific Historic Landmark World Heritage," Macao, a lucrative port of strategic importance in the development of international trade, was under Portuguese administration from the mid-16th century until 1999, when it came under Chinese sovereignty. With its historic street, residential, religious and public Portuguese and Chinese buildings, the historic centre of Macao provides a unique testimony to the meeting of aesthetic, cultural, architectural and technological influences from East and West. The site also contains a fortress and a lighthouse, the oldest in China. It bears witness to one of the earliest and longest-lasting encounters between China and the West, based on the vibrancy of international trade. ",4.7,91,3
Los Glaciares National Park,Argentina,Natural Latin America and the Caribbean Historic Landmark World Heritage," The Los Glaciares National Park is an area of exceptional natural beauty, with rugged, towering mountains and numerous glacial lakes, including Lake Argentino, which is 160 km long. At its farthest end, three glaciers meet to dump their effluvia into the milky grey glacial water, launching massive igloo icebergs into the lake with thunderous splashes. ",4.9,50,1
Routes of Santiago de Compostela in France,France,Cultural Europe and North America Historic Landmark World Heritage," Santiago de Compostela was the supreme goal for countless thousands of pious pilgrims who converged there from all over Europe throughout the Middle Ages. To reach Spain pilgrims had to pass through France, and the group of important historical monuments included in this inscription marks out the four routes by which they did so. ",4.8,81,2
Belfast,United Kingdom,City Trip Culture History Art,"Cozy pubs, historic streets, and the lively spirit of its people create an inviting and culturally rich atmosphere full of stories.",4.8,75,3
San Cristobal,Venezuela,City Trip Nature Landscape,"A lively blend of bustling markets, friendly locals, and the refreshing mountain air creates a welcoming and invigorating atmosphere.",4.0,68,1
Ensemble of the Ferapontov Monastery,Russian Federation,Cultural Europe and North America Historic Landmark World Heritage," The Ferapontov Monastery, in the Vologda region in northern Russia, is an exceptionally well-preserved and complete example of a Russian Orthodox monastic complex of the 15th-17th centuries, a period of great significance in the development of the unified Russian state and its culture. The architecture of the monastery is outstanding in its inventiveness and purity. The interior is graced by the magnificent wall paintings of Dionisy, the greatest Russian artist of the end of the 15th century. ",4.6,59,1
Abbey Church of Saint-Savin sur Gartempe,France,Cultural Europe and North America Historic Landmark World Heritage," Known as the 'Romanesque Sistine Chapel', the Abbey-Church of Saint-Savin contains many beautiful 11th- and 12th-century murals which are still in a remarkable state of preservation. ",4.7,70,1
Historic Centre of the City of Pienza,Italy,Cultural Europe and North America Historic Landmark World Heritage," It was in this Tuscan town that Renaissance town-planning concepts were first put into practice after Pope Pius II decided, in 1459, to transform the look of his birthplace. He chose the architect Bernardo Rossellino, who applied the principles of his mentor, Leon Battista Alberti. This new vision of urban space was realized in the superb square known as Piazza Pio II and the buildings around it: the Piccolomini Palace, the Borgia Palace and the cathedral with its pure Renaissance exterior and an interior in the late Gothic style of south German churches. ",4.9,64,3
Funafuti,Tuvalu,City Trip Beach Sea Tropical,"Gentle sea breezes, vibrant sunsets, and the rhythmic sound of waves create a serene backdrop for a truly tranquil escape.",4.5,68,5
Phoenix Islands Protected Area,Kiribati,Natural Asia and the Pacific Historic Landmark World Heritage," The Phoenix Island Protected Area (PIPA) is a 408,250 sq.km expanse of marine and terrestrial habitats in the Southern Pacific Ocean. The property encompasses the Phoenix Island Group, one of three island groups in Kiribati, and is the largest designated Marine Protected Area in the world. PIPA conserves one of the world's largest intact oceanic coral archipelago ecosystems, together with 14 known underwater sea mounts (presumed to be extinct volcanoes) and other deep-sea habitats. The area contains approximately 800 known species of fauna, including about 200 coral species, 500 fish species, 18 marine mammals and 44 bird species. The structure and functioning of PIPA's ecosystems illustrates its pristine nature and importance as a migration route and reservoir. This is the first site in Kiribati to be inscribed on the World Heritage List. ",4.6,72,2
"Fort Jesus, Mombasa",Kenya,Cultural Africa Historic Landmark World Heritage," The Fort, built by the Portuguese in 1593-1596 to the designs of Giovanni Battista Cairati to protect the port of Mombasa, is one of the most outstanding and well preserved examples of 16th Portuguese military fortification and a landmark in the history of this type of construction. The Fort's layout and form reflected the Renaissance ideal that perfect proportions and geometric harmony are to be found in the human body. The property covers an area of 2.36 hectares and includes the fort's moat and immediate surroundings. ",4.9,59,3
Ancient City of Damascus,Syrian Arab Republic,Cultural Arab States Historic Landmark World Heritage," Founded in the 3rd millennium B.C., Damascus is one of the oldest cities in the Middle East. In the Middle Ages, it was the centre of a flourishing craft industry, specializing in swords and lace. The city has some 125 monuments from different periods of its history – one of the most spectacular is the 8th-century Great Mosque of the Umayyads, built on the site of an Assyrian sanctuary. ",4.8,69,1
Redwood National and State Parks,United States of America,Natural Europe and North America Historic Landmark World Heritage," Redwood National Park comprises a region of coastal mountains bordering the Pacific Ocean north of San Francisco. It is covered with a magnificent forest of coastal redwood trees, the tallest and most impressive trees in the world. The marine and land life are equally remarkable, in particular the sea lions, the bald eagle and the endangered California brown pelican. ",4.9,63,2
Wooden Churches of the Slovak part of the Carpathian Mountain Area,Slovakia,Cultural Europe and North America Historic Landmark World Heritage," The Wooden Churches of the Slovak part of Carpathian Mountain Area&nbsp;inscribed on the World Heritage List consist of two Roman Catholic, three Protestant and three Greek Orthodox churches built between the 16th and 18th centuries. The property presents good examples of a rich local tradition of religious architecture, marked by the meeting of Latin and Byzantine cultures. The edifices exhibit some typological variations in their floor plans, interior spaces and external appearance due to their respective religious practices. They bear testimony to the development of major architectural and artistic trends during the period of construction and to their interpretation and adaptation to a specific geographical and cultural context. Interiors are decorated with paintings on the walls and ceilings and other works of art that enrich the cultural significance of the properties. ",4.8,89,3
Kangaroo Island,Australia,City Trip Nature Landscape Adventure Hiking Beach Sea Tropical,"Wild landscapes and pristine beaches create a serene escape, where you can encounter unique wildlife and feel truly connected to nature.",3.7,95,3
Annecy,France,City Trip Nature Landscape Culture History Art Adventure Hiking,"Charming canals and cobblestone streets weave through a picturesque town, surrounded by stunning alpine views and the serene waters of a crystal-clear lake.",3.8,80,3
Sibiu,Romania,City Trip Nature Landscape Culture History Art,"Charming cobblestone streets and vibrant squares create a cozy atmosphere, inviting you to explore its rich history and welcoming local culture.",3.7,96,1
Rock Islands Southern Lagoon,Palau,Mixed Asia and the Pacific Historic Landmark World Heritage," Rock Islands Southern Lagoon covers 100,200&nbsp;ha and includes 445 uninhabited limestone islands of volcanic origin. Many of them display unique mushroom-like shapes in turquoise lagoons surrounded by coral reefs. The aesthetic beauty of the site is heightened by a complex reef system featuring over 385 coral species and different types of habitat. They sustain a large diversity of plants, birds and marine life including dugong and at least thirteen shark species. The site harbours the highest concentration of marine lakes anywhere, isolated bodies of seawater separated from the ocean by land barriers. They are among the islands&rsquo; distinctive features and sustain high endemism of populations which continue to yield new species discoveries. The remains of stonework villages, as well as burial sites and rock art, bear testimony to the organization of small island communities over some three millennia. The abandonment of the villages in the 17th and 18th centuries illustrates the consequences of climate change, population growth and subsistence behaviour on a society living in a marginal marine environment. ",4.9,82,1
Tomioka Silk Mill and Related Sites,Japan,Cultural Asia and the Pacific Historic Landmark World Heritage," This property is a historic sericulture and silk mill complex established in the late 19th and early 20th century in the Gunma prefecture, north-west of Tokyo. It consists of four sites that correspond to the different stages in the production of raw silk: a large raw silk reeling plant whose machinery and industrial expertise were imported from France; an experimental farm for production of cocoons; a school for the dissemination of sericulture knowledge; and a cold-storage facility for silkworm eggs. The site illustrates Japan’s desire to rapidly access the best mass production techniques, and became a decisive element in the renewal of sericulture and the Japanese silk industry in the last quarter of the 19th century. Tomioka Silk Mill and its related sites became the centre of innovation for the production of raw silk and marked Japan’s entry into the modern, industrialized era, making it the world’s leading exporter of raw silk, notably to Europe and the United States. ",4.8,57,2
San Antonio,United States,City Trip Culture History Art,Historic missions and lively riverside pathways invite you to wander through a city rich with cultural charm and Texan hospitality.,4.7,74,3
Carlsbad Caverns National Park,United States of America,Natural Europe and North America Historic Landmark World Heritage," This karst landscape in the state of New Mexico comprises over 80 recognized caves. They are outstanding not only for their size but also for the profusion, diversity and beauty of their mineral formations. Lechuguilla Cave stands out from the others, providing an underground laboratory where geological and biological processes can be studied in a pristine setting. ",4.8,81,2
Iguazu Falls,Argentina,City Trip Nature Landscape Adventure Hiking,The thunderous roar of cascading water and the lush embrace of the surrounding rainforest create an awe-inspiring natural spectacle.,4.5,93,3
"Birthplace of Jesus: Church of the Nativity and the Pilgrimage Route, Bethlehem",Palestine,Cultural Arab States Historic Landmark World Heritage," The inscribed property is situated 10 km south of Jerusalem on the site identified by Christian tradition as the birthplace of Jesus since the 2nd century. A church was first completed there in ad 339 and the edifice that replaced it after a fire in the 6th century retains elaborate floor mosaics from the original building. The site also includes Latin, Greek Orthodox, Franciscan and Armenian convents and churches, as well as bell towers, terraced gardens and a pilgrimage route. ",4.9,62,3
Aksum,Ethiopia,Cultural Africa Historic Landmark World Heritage," The ruins of the ancient city of Aksum are found close to Ethiopia's northern border. They mark the location of the heart of ancient Ethiopia, when the Kingdom of Aksum was the most powerful state between the Eastern Roman Empire and Persia. The massive ruins, dating from between the 1st and the 13th century A.D., include monolithic obelisks, giant stelae, royal tombs and the ruins of ancient castles. Long after its political decline in the 10th century, Ethiopian emperors continued to be crowned in Aksum. ",4.5,87,1
Historic Centre of Sighişoara,Romania,Cultural Europe and North America Historic Landmark World Heritage," Founded by German craftsmen and merchants known as the Saxons of Transylvania, Sighişoara is a fine example of a small, fortified medieval town which played an important strategic and commercial role on the fringes of central Europe for several centuries. ",4.7,92,2
Bishkek,Kyrgyzstan,City Trip Nature Landscape Adventure Hiking,Wide boulevards lined with Soviet-era architecture and bustling bazaars create a unique blend of history and vibrant local life.,4.6,65,1
Taos Pueblo,United States of America,Cultural Europe and North America Historic Landmark World Heritage," Situated in the valley of a small tributary of the Rio Grande, this adobe settlement – consisting of dwellings and ceremonial buildings – represents the culture of the Pueblo Indians of Arizona and New Mexico. ",4.9,70,3
Kolkata,India,City Trip Culture History Art,"Bustling streets filled with the aroma of spices, vibrant markets, and colonial architecture create an inviting atmosphere full of life and history.",3.8,83,1
Caliphate City of Medina Azahara,Spain,Cultural Europe and North America Historic Landmark World Heritage," The Caliphate city of Medina Azahara is an archaeological site of a city built in the mid-10th century CE by the Umayyad dynasty as the seat of the Caliphate of Cordoba. After prospering for several years, it was laid to waste during the civil war that put an end to the Caliphate in 1009-1010. The remains of the city were forgotten for almost 1,000 years until their rediscovery in the early 20th century. This complete urban ensemble features infrastructure such as roads, bridges, water systems, buildings, decorative elements and everyday objects. It provides in-depth knowledge of the now vanished Western Islamic civilization of Al-Andalus, at the height of its splendour. ",4.9,94,3
Site of Xanadu,China,Cultural Asia and the Pacific Historic Landmark World Heritage," North of the Great Wall, the Site of Xanadu encompasses the remains of Kublai Khan&rsquo;s legendary capital city, designed by the Mongol ruler&rsquo;s Chinese advisor Liu Bingzhdong in 1256. Over a surface area of 25,000&nbsp;ha, the site was a unique attempt to assimilate the nomadic Mongolian and Han Chinese cultures. From this base, Kublai Khan established the Yuan dynasty that ruled China over a century, extending its boundaries across Asia. The religious debate that took place here resulted in the dissemination of Tibetan Buddhism over north-east Asia, a cultural and religious tradition still practised in many areas today. The site was planned according to traditional Chinese feng shui in relation to the nearby mountains and river. It features the remains of the city, including temples, palaces, tombs, nomadic encampments and the Tiefan&rsquo;gang Canal, along with other waterworks. ",4.7,83,3
Salta,Argentina,City Trip Nature Landscape Culture History Art Adventure Hiking,"Stunning mountain landscapes, vibrant local markets, and the warmth of traditional folklore create an inviting and colorful atmosphere.",4.6,70,3
Garajonay National Park,Spain,Natural Europe and North America Historic Landmark World Heritage," Laurel forest covers some 70% of this park, situated in the middle of the island of La Gomera in the Canary Islands archipelago. The presence of springs and numerous streams assures a lush vegetation resembling that of the Tertiary, which, due to climatic changes, has largely disappeared from southern Europe. ",4.9,54,1
Bled,Slovenia,City Trip Nature Landscape Adventure Hiking,"A serene lakeside town where the emerald waters reflect the surrounding mountains, offering a peaceful escape and stunning natural beauty.",4.3,94,3
Vredefort Dome,South Africa,Natural Africa Historic Landmark World Heritage," Vredefort Dome, approximately 120 km south-west of Johannesburg, is a representative part of a larger meteorite impact structure, or astrobleme. Dating back 2,023 million years, it is the oldest astrobleme yet found on Earth. With a radius of 190 km, it is also the largest and the most deeply eroded. Vredefort Dome bears witness to the world&rsquo;s greatest known single energy release event, which had devastating global effects including, according to some scientists, major evolutionary changes. It provides critical evidence of the Earth&rsquo;s geological history and is crucial to understanding of the evolution of the planet. Despite the importance of impact sites to the planet&rsquo;s history, geological activity on the Earth&rsquo;s surface has led to the disappearance of evidence from most of them, and Vredefort is the only example to provide a full geological profile of an astrobleme below the crater floor. ",5.0,61,3
Old town of Regensburg with Stadtamhof,Germany,Cultural Europe and North America Historic Landmark World Heritage," Located on the Danube River in Bavaria, this medieval town contains many buildings of exceptional quality that testify to its history as a trading centre and to its influence on the region from the 9th century. A notable number of historic structures span some two millennia and include ancient Roman, Romanesque and Gothic buildings. Regensburg&rsquo;s 11th- to 13th-century architecture &ndash; including the market, city hall and cathedral &ndash; still defines the character of the town marked by tall buildings, dark and narrow lanes, and strong fortifications. The buildings include medieval patrician houses and towers, a large number of churches and monastic ensembles as well as the 12th-century Old Bridge. The town is also remarkable for the vestiges testifing to its rich history as one of the centres of the Holy Roman Empire that turned to Protestantism. ",4.9,90,3
The 20th-Century Architecture of Frank Lloyd Wright,United States of America,Cultural Europe and North America Historic Landmark World Heritage,"The property consists of eight buildings in the United States designed by the architect during the first half of the 20th century. These include the Fallingwater (Mill Run, Pennsylvania), the Herbert and Katherine Jacobs House (Madison, Wisconsin) and the Guggenheim Museum (New York). These buildings reflect the “organic architecture” developed by Wright, which includes an open plan, a blurring of the boundaries between exterior and interior and the unprecedented use of materials such as steel and concrete. Each of these buildings offers innovative solutions to the needs for housing, worship, work or leisure. Wright's work from this period had a strong impact on the development of modern architecture in Europe.",4.7,54,2
Sighisoara,Romania,City Trip Culture History Art,"Cobblestone streets and colorful medieval towers create a fairy-tale setting, inviting you to wander and uncover centuries-old secrets around every corner.",4.9,64,1
Uvs Nuur Basin,"Russian Federation,Mongolia","Natural Europe and North America,Asia and the Pacific Historic Landmark World Heritage"," The Uvs Nuur Basin (1,068,853 ha), is the northernmost of the enclosed basins of Central Asia. It takes its name from Uvs Nuur Lake, a large, shallow and very saline lake, important for migrating birds, waterfowl and seabirds. The site is made up of twelve protected areas representing the major biomes of eastern Eurasia. The steppe ecosystem supports a rich diversity of birds and the desert is home to a number of rare gerbil, jerboas and the marbled polecat. The mountains are an important refuge for the globally endangered snow leopard, mountain sheep (argali) and the Asiatic ibex. ",4.9,80,3
The Historic Centre (Chorá) with the Monastery of Saint-John the Theologian and the Cave of the Apocalypse on the Island of Pátmos,Greece,Cultural Europe and North America Historic Landmark World Heritage," The small island of P&aacute;tmos in the Dodecanese is reputed to be where St John the Theologian wrote both his Gospel and the Apocalypse. A monastery dedicated to the &lsquo;beloved disciple&rsquo; was founded there in the late 10th century and it has been a place of pilgrimage and Greek Orthodox learning ever since. The fine monastic complex dominates the island. The old settlement of Chor&aacute;, associated with it, contains many religious and secular buildings. ",5.0,50,2
Stevns Klint,Denmark,Natural Europe and North America Historic Landmark World Heritage," This geological site comprises a 15 km-long fossil-rich coastal cliff, offering exceptional evidence of the impact of the Chicxulub meteorite that crashed into the planet at the end of the Cretaceous, about 65 million years ago. Researchers think that this caused the most remarkable mass extinction ever, responsible for the disappearance of over 50 per cent of all life on Earth. The site harbours a record of the cloud of ash formed by the impact of the meteorite – the exact site being at the bottom of the ocean off the coast of Mexico’s Yucatán Peninsula. An exceptional fossil record is visible at the site, showing the complete succession of fauna and micro-fauna charting the recovery after the mass extinction. ",4.8,70,3
"Humayun's Tomb, Delhi",India,Cultural Asia and the Pacific Historic Landmark World Heritage," This tomb, built in 1570, is of particular cultural significance as it was the first garden-tomb on the Indian subcontinent. It inspired several major architectural innovations, culminating in the construction of the Taj Mahal. ",4.8,52,1
Xinjiang Tianshan,China,Natural Asia and the Pacific Historic Landmark World Heritage," Xinjiang Tianshan&nbsp;comprises four components&mdash;Tomur, Kalajun-Kuerdening, Bayinbukuke and Bogda&mdash; that total 606,833 hectares. They are part of the Tianshan mountain system of Central Asia, one of the largest mountain ranges in the world. Xinjiang Tianshan presents unique physical geographic features and scenically beautiful areas including spectacular snow and snowy mountains glacier-capped peaks, undisturbed forests and meadows, clear rivers and lakes and red bed canyons. These landscapes contrast with the vast adjacent desert landscapes, creating a striking visual contrast between hot and cold environments, dry and wet, desolate and luxuriant. The landforms and ecosystems of the site have been preserved since the Pliocene epoch and present an outstanding example of ongoing biological and ecological evolutionary processes. The site also extends into the Taklimakan Desert, one of the world&rsquo;s largest and highest deserts, known for its large dune forms and great dust storms. Xinjiang Tianshan is moreover an important habitat for endemic and relic flora species, some rare and endangered. ",4.7,81,3
Yangshuo,China,City Trip Nature Landscape Adventure Hiking,Lush karst mountains and tranquil rivers create a serene backdrop for cycling through rice paddies and exploring vibrant local markets.,4.1,98,1
Sites of Human Evolution at Mount Carmel: The Nahal Me’arot / Wadi el-Mughara Caves,Israel,Cultural Europe and North America Historic Landmark World Heritage," Situated on the western slopes of the Mount Carmel range, the site includes the caves of Tabun, Jamal, el-Wad and Skhul. Ninety years of archaeological research have revealed a cultural sequence of unparalleled duration, providing an archive of early human life in south-west Asia. This 54 ha property contains cultural deposits representing at least 500,000 years of human evolution demonstrating the unique existence of both Neanderthals andEarly Anatomically Modern Humans within the same Middle Palaeolithic cultural framework, the Mousterian. Evidence from numerous Natufian burials and early stone architecture represents the transition from a hunter-gathering lifestyle to agriculture and animal husbandry. As a result, the caves have become a key site of the chrono-stratigraphic framework for human evolution in general, and the prehistory of the Levant in particular. 
   ",4.8,62,1
Cairo,Egypt,City Trip Culture History Art,"Bustling streets filled with vibrant markets, the aroma of spices, and the awe-inspiring sight of ancient pyramids create an unforgettable experience.",4.7,87,1
Kathmandu Valley ,Nepal,Cultural Asia and the Pacific Historic Landmark World Heritage," The cultural heritage of the Kathmandu Valley is illustrated by seven groups of monuments and buildings which display the full range of historic and artistic achievements for which the Kathmandu Valley is world famous. The seven include the Durbar Squares of Hanuman Dhoka (Kathmandu), Patan and Bhaktapur, the Buddhist stupas of Swayambhu and Bauddhanath and the Hindu temples of Pashupati and Changu Narayan. ",4.6,71,3
Namhansanseong,Republic of Korea,Cultural Asia and the Pacific Historic Landmark World Heritage," Namhansanseong was designed as an emergency capital for the Joseon dynasty (1392–1910), in a mountainous site 25 km south-east of Seoul. Built and defended by Buddhist monk-soldiers, it could accommodate 4,000 people and fulfilled important administrative and military functions. Its earliest remains date from the 7th century, but it was rebuilt several times, notably in the early 17th century in anticipation of an attack from the Sino-Manchu Qing dynasty. The city embodies a synthesis of the defensive military engineering concepts of the period, based on Chinese and Japanese influences, and changes in the art of fortification following the introduction from the West of weapons using gunpowder. A city that has always been inhabited, and which was the provincial capital over a long period, it contains evidence of a variety of military, civil and religious buildings and has become a symbol of Korean sovereignty. ",4.9,59,1
Djoudj National Bird Sanctuary,Senegal,Natural Africa Historic Landmark World Heritage," Situated in the Senegal River delta, the Djoudj Sanctuary is a wetland of 16,000 ha, comprising a large lake surrounded by streams, ponds and backwaters. It forms a living but fragile sanctuary for some 1.5 million birds, such as the white pelican, the purple heron, the African spoonbill, the great egret and the cormorant. ",4.5,68,1
Holy Trinity Column in Olomouc,Czechia,Cultural Europe and North America Historic Landmark World Heritage," This memorial column, erected in the early years of the 18th century, is the most outstanding example of a type of monument specific to central Europe. In the characteristic regional style known as Olomouc Baroque and rising to a height of 35 m, it is decorated with many fine religious sculptures, the work of the distinguished Moravian artist Ondrej Zahner. ",4.9,67,1
"Gamzigrad-Romuliana, Palace of Galerius",Serbia,Cultural Europe and North America Historic Landmark World Heritage," The Late Roman fortified palace compound and memorial complex of Gamzigrad-Romuliana, Palace of Galerius, in the east of Serbia, was commissioned by Emperor Caius Valerius Galerius Maximianus, in the late 3rd and early 4th centuries. It was known as Felix Romuliana, named after the emperor&rsquo;s mother. The site consists of fortifications, the palace in the north-western part of the complex, basilicas, temples, hot baths, memorial complex, and a tetrapylon. The group of buildings is also unique in its intertwining of ceremonial and memorial functions. ",4.9,88,2
Osun-Osogbo Sacred Grove,Nigeria,Cultural Africa Historic Landmark World Heritage," The dense forest of the Osun Sacred Grove, on the outskirts of the city of Osogbo, is one of the last remnants of primary high forest in southern Nigeria. Regarded as the abode of the goddess of fertility Osun, one of the pantheon of Yoruba gods, the landscape of the grove and its meandering river is dotted with sanctuaries and shrines, sculptures and art works in honour of Osun and other deities. The sacred grove, which is now seen as a symbol of identity for all Yoruba people, is probably the last in Yoruba culture. It testifies to the once widespread practice of establishing sacred groves outside all settlements. ",4.9,74,1
Asunción,Paraguay,City Trip,"Stroll through sun-dappled streets, where lively markets and the scent of grilled meats create a warm, inviting atmosphere.",4.5,88,1
Lut Desert,Iran (Islamic Republic of),Natural Asia and the Pacific Historic Landmark World Heritage," The Lut Desert, or Dasht-e-Lut, is located in the south-east of the country. Between June and October, this arid subtropical area is swept by strong winds, which transport sediment and cause aeolian erosion on a colossal scale. Consequently, the site presents some of the most spectacular examples of aeolian yardang landforms (massive corrugated ridges). It also contains extensive stony deserts and dune fields. The property represents an exceptional example of ongoing geological processes.  ",4.6,88,1
Great Burkhan Khaldun Mountain and its surrounding sacred landscape,Mongolia,Cultural Asia and the Pacific Historic Landmark World Heritage," The site is situated in the north-east of the country in the central part of the Khentii mountain chain where the vast Central Asian steppe meets the coniferous forests of the Siberian taiga. Burkhan Khaldun is associated with the worship of sacred mountains, rivers and ovoo-s (shamanic rock cairns), in which ceremonies have been shaped by a fusion of ancient shamanic and Buddhist practices. The site is also believed to be the place of Genghis Khan’s birth and burial. It testifies to his efforts to establish mountain worship as an important part of the unification of the Mongol people. ",4.7,74,3
Historic Centre of Bukhara,Uzbekistan,Cultural Asia and the Pacific Historic Landmark World Heritage," Bukhara, which is situated on the Silk Route, is more than 2,000 years old. It is the most complete example of a medieval city in Central Asia, with an urban fabric that has remained largely intact. Monuments of particular interest include the famous tomb of Ismail Samani, a masterpiece of 10th-century Muslim architecture, and a large number of 17th-century madrasas. ",5.0,53,1
Chicago,United States,City Trip Culture History Art Nightlife Party,"Dynamic streets filled with diverse food, vibrant arts, and stunning architecture create a lively yet welcoming urban atmosphere by the lake.",4.8,76,5
Urnes Stave Church,Norway,Cultural Europe and North America Historic Landmark World Heritage," The wooden church of Urnes (the stavkirke) stands in the natural setting of Sogn og Fjordane. It was built in the 12th and 13th centuries and is an outstanding example of traditional Scandinavian wooden architecture. It brings together traces of Celtic art, Viking traditions and Romanesque spatial structures. ",5.0,59,2
Santo Domingo,Dominican Republic,City Trip Culture History Art Beach Sea Tropical Nightlife Party,"Lively streets filled with the sound of merengue, colonial architecture, and the aroma of local cuisine create an inviting and vibrant atmosphere.",3.9,84,3
Banjul,Gambia,City Trip Nature Landscape Beach Sea Tropical,"Bustling markets filled with vibrant colors and the aroma of spices, alongside tranquil river views, create a welcoming and lively atmosphere.",3.9,95,1
Manas Wildlife Sanctuary,India,Natural Asia and the Pacific Historic Landmark World Heritage," On a gentle slope in the foothills of the Himalayas, where wooded hills give way to alluvial grasslands and tropical forests, the Manas sanctuary is home to a great variety of wildlife, including many endangered species, such as the tiger, pygmy hog, Indian rhinoceros and Indian elephant. ",4.8,53,2
Virgin Komi Forests,Russian Federation,Natural Europe and North America Historic Landmark World Heritage," The Virgin Komi Forests cover 3.28 million ha of tundra and mountain tundra in the Urals, as well as one of the most extensive areas of virgin boreal forest remaining in Europe. This vast area of conifers, aspens, birches, peat bogs, rivers and natural lakes has been monitored and studied for over 50 years. It provides valuable evidence of the natural processes affecting biodiversity in the taiga. ",4.9,65,3
San Cristóbal de La Laguna,Spain,Cultural Europe and North America Historic Landmark World Heritage," San Crist&oacute;bal de La Laguna, in the Canary Islands, has two nuclei: the original, unplanned Upper Town; and the Lower Town, the first ideal 'city-territory' laid out according to philosophical principles. Its wide streets and open spaces have a number of fine churches and public and private buildings dating from the 16th to the 18th century. ",4.5,60,1
Fès,Morocco,City Trip Culture History Art,"Winding alleys filled with vibrant souks, the aroma of spices, and the sound of artisans at work create an enchanting, timeless atmosphere.",3.7,62,1
Naypyidaw,Myanmar,City Trip,"Wide, quiet streets and sprawling landscapes create a serene atmosphere, offering a unique glimpse into a city designed for calm exploration.",3.9,83,1
Mantua and Sabbioneta,Italy,Cultural Europe and North America Historic Landmark World Heritage," Mantua and Sabbioneta, in the Po valley, in the north of Italy, represent two aspects of Renaissance town planning: Mantua shows the renewal and extension of an existing city, while 30 km away, Sabbioneta represents the implementation of the period&rsquo;s theories about planning the ideal city. Typically, Mantua&rsquo;s layout is irregular with regular parts showing different stages of its growth since the Roman period and includes many medieval edifices among them an 11th century rotunda and a Baroque theatre. Sabbioneta, created in the second half of the 16th century under the rule of one person, Vespasiano Gonzaga Colonna, can be described as a single-period city and has a right angle grid layout. Both cities offer exceptional testimonies to the urban, architectural and artistic realizations of the Renaissance, linked through the visions and actions of the ruling Gonzaga family. The two towns are important for the value of their architecture and for their prominent role in the dissemination of Renaissance culture. The ideals of the Renaissance, fostered by the Gonzaga family, are present in the towns&rsquo; morphology and architecture. ",4.9,82,2
Malpelo Fauna and Flora Sanctuary,Colombia,Natural Latin America and the Caribbean Historic Landmark World Heritage," Located some 506 km off the coast of Colombia, the site includes Malpelo island (350 ha) and the surrounding marine environment (857,150 ha). This vast marine park, the largest no-fishing zone in the Eastern Tropical Pacific, provides a critical habitat for internationally threatened marine species, and is a major source of nutrients resulting in large aggregations of marine biodiversity. It is in particular a ‘reservoir' for sharks, giant grouper and billfish and is one of the few places in the world where sightings of the short-nosed ragged-toothed shark, a deepwater shark, have been confirmed. Widely recognized as one of the top diving sites in the world, due to the presence of steep walls and caves of outstanding natural beauty, these deep waters support important populations of large predators and pelagic species (e.g. aggregations of over 200 hammerhead sharks and over 1,000 silky sharks, whale sharks and tuna have been recorded) in an undisturbed environment where they maintain natural behavioural patterns. ",4.6,51,1
Xanthos-Letoon,Turkey,Cultural Europe and North America Historic Landmark World Heritage," This site, which was the capital of Lycia, illustrates the blending of Lycian traditions and Hellenic influence, especially in its funerary art. The epigraphic inscriptions are crucial for our understanding of the history of the Lycian people and their Indo-European language. ",4.9,88,3
Zermatt,Switzerland,City Trip Nature Landscape Adventure Hiking,"Nestled amid towering peaks, this charming alpine village offers crisp mountain air, stunning vistas, and a serene escape from the everyday hustle.",4.8,69,5
Fertö / Neusiedlersee Cultural Landscape,"Austria,Hungary",Cultural Europe and North America Historic Landmark World Heritage," The Fert&ouml;/Neusiedler Lake area has been the meeting place of different cultures for eight millennia. This is graphically demonstrated by its varied landscape, the result of an evolutionary symbiosis between human activity and the physical environment. The remarkable rural architecture of the villages surrounding the lake and several 18th- and 19th-century palaces adds to the area&rsquo;s considerable cultural interest. ",4.8,62,2
Hobart,Australia,City Trip Nature Landscape Culture History Art,"Charming waterfront views and a laid-back vibe invite exploration through historic streets, bustling markets, and the surrounding natural beauty of rugged landscapes.",4.0,82,3
L'viv – the Ensemble of the Historic Centre,Ukraine,Cultural Europe and North America Historic Landmark World Heritage," The city of L''viv, founded in the late Middle Ages, was a flourishing administrative, religious and commercial centre for several centuries. The medieval urban topography has been preserved virtually intact (in particular, there is evidence of the different ethnic communities who lived there), along with many fine Baroque and later buildings. ",4.9,76,1
Palawan,Philippines,City Trip Nature Landscape Adventure Hiking Beach Sea Tropical,"Crystal-clear waters, lush green landscapes, and vibrant marine life create a serene escape where relaxation and adventure blend seamlessly.",4.0,82,1
Defence Line of Amsterdam,Netherlands,Cultural Europe and North America Historic Landmark World Heritage," Extending 135 km around the city of Amsterdam, this defence line (built between 1883 and 1920) is the only example of a fortification based on the principle of controlling the waters. Since the 16th century, the people of the Netherlands have used their expert knowledge of hydraulic engineering for defence purposes. The centre of the country was protected by a network of 45 armed forts, acting in concert with temporary flooding from polders and an intricate system of canals and locks. ",4.7,67,1
Dubai,United Arab Emirates,City Trip Culture History Art Adventure Hiking Beach Sea Tropical Nightlife Party,"Skyscrapers glisten under the sun, luxury blends with tradition, and the aroma of spices fills the air, creating a uniquely vibrant experience.",3.6,90,5
Tipasa,Algeria,Cultural Arab States Historic Landmark World Heritage," On the shores of the Mediterranean, Tipasa was an ancient Punic trading-post conquered by Rome and turned into a strategic base for the conquest of the kingdoms of Mauritania. It comprises a unique group of Phoenician, Roman, palaeochristian and Byzantine ruins alongside indigenous monuments such as the Kbor er Roumia, the great royal mausoleum of Mauretania. ",4.6,86,3
The Cathedral of St James in Šibenik,Croatia,Cultural Europe and North America Historic Landmark World Heritage," The Cathedral of St James in &Scaron;ibenik (1431-1535), on the Dalmatian coast, bears witness to the considerable exchanges in the field of monumental arts between Northern Italy, Dalmatia and Tuscany in the 15th and 16th centuries. The three architects who succeeded one another in the construction of the Cathedral - Francesco di Giacomo, Georgius Mathei Dalmaticus and Niccol&ograve; di Giovanni Fiorentino - developed a structure built entirely from stone and using unique construction techniques for the vaulting and the dome of the Cathedral. The form and the decorative elements of the Cathedral, such as a remarkable frieze decorated with 71 sculptured faces of men, women, and children, also illustrate the successful fusion of Gothic and Renaissance art. ",4.5,50,2
Monaco,Monaco,City Trip Culture History Art Nightlife Party,"Glamorous streets lined with luxury cars and yachts, where the Mediterranean breeze mingles with the scent of high-end cuisine and opulence.",3.6,80,5
Memphis and its Necropolis – the Pyramid Fields from Giza to Dahshur,Egypt,Cultural Arab States Historic Landmark World Heritage," The capital of the Old Kingdom of Egypt has some extraordinary funerary monuments, including rock tombs, ornate mastabas, temples and pyramids. In ancient times, the site was considered one of the Seven Wonders of the World. ",4.9,54,3
Zanzibar,Tanzania,City Trip Nature Landscape Culture History Art Adventure Hiking Beach Sea Tropical,"White sandy beaches, turquoise waters, and the scent of spices fill the air, creating an enchanting and laid-back island vibe.",3.7,67,3
Galle,Sri Lanka,City Trip Nature Landscape Culture History Art Beach Sea Tropical,"Charming cobblestone streets, colonial architecture, and the salty breeze of the ocean create a serene and timeless atmosphere.",3.5,63,1
Rhaetian Railway in the Albula / Bernina Landscapes,"Italy,Switzerland",Cultural Europe and North America Historic Landmark World Heritage," Rhaetian Railway in the Albula / Bernina Landscapes, brings together two historic railway lines that cross the Swiss Alps through two passes. Opened in 1904, the Albula line in the north western part of the property is 67 km long. It features an impressive set of structures including 42 tunnels and covered galleries and 144 viaducts and bridges. The 61 km Bernina pass line features 13 tunnels and galleries and 52 viaducts and bridges. The property is exemplary of the use of the railway to overcome the isolation of settlements in the Central Alps early in the 20th century, with a major and lasting socio-economic impact on life in the mountains. It constitutes an outstanding technical, architectural and environmental ensemble and embodies architectural and civil engineering achievements, in harmony with the landscapes through which they pass. ",4.6,54,1
"Monastery and Site of the Escurial, Madrid",Spain,Cultural Europe and North America Historic Landmark World Heritage," Built at the end of the 16th century on a plan in the form of a grill, the instrument of the martyrdom of St Lawrence, the Escurial Monastery stands in an exceptionally beautiful site in Castile. Its austere architecture, a break with previous styles, had a considerable influence on Spanish architecture for more than half a century. It was the retreat of a mystic king and became, in the last years of Philip II's reign, the centre of the greatest political power of the time. ",4.6,89,3
"Historic Centre of Rome, the Properties of the Holy See in that City Enjoying Extraterritorial Rights and San Paolo Fuori le Mura","Holy See,Italy",Cultural Europe and North America Historic Landmark World Heritage," Founded, according to legend, by Romulus and Remus in 753 BC, Rome was first the centre of the Roman Republic, then of the Roman Empire, and it became the capital of the Christian world in the 4th century. The World Heritage site, extended in 1990 to the walls of Urban VIII, includes some of the major monuments of antiquity such as the Forums, the Mausoleum of Augustus, the Mausoleum of Hadrian, the Pantheon, Trajan’s Column and the Column of Marcus Aurelius, as well as the religious and public buildings of papal Rome. ",5.0,77,3
Tbilisi,Georgia,City Trip Culture History Art,"Cobblestone streets wind through eclectic neighborhoods, where vibrant markets and ancient architecture create a welcoming blend of history and modern charm.",3.8,60,1
Bilbao,Spain,City Trip Culture History Art Nightlife Party,"A vibrant blend of modern architecture and rich history, with bustling markets, delightful pintxos bars, and the soothing sound of the river.",3.8,70,3
"Three Castles, Defensive Wall and Ramparts of the Market-Town of Bellinzona",Switzerland,Cultural Europe and North America Historic Landmark World Heritage," The Bellinzona site consists of a group of fortifications grouped around the castle of Castelgrande, which stands on a rocky peak looking out over the entire Ticino valley. Running from the castle, a series of fortified walls protect the ancient town and block the passage through the valley. A second castle (Montebello) forms an integral part of the fortifications, while a third but separate castle (Sasso Corbaro) was built on an isolated rocky promontory south-east of the other fortifications. ",4.9,73,1
"Monasteries of Daphni, Hosios Loukas and Nea Moni of Chios",Greece,Cultural Europe and North America Historic Landmark World Heritage," Although geographically distant from each other, these three monasteries (the first is in Attica, near Athens, the second in Phocida near Delphi, and the third on an island in the Aegean Sea, near Asia Minor) belong to the same typological series and share the same aesthetic characteristics. The churches are built on a cross-in-square plan with a large dome supported by squinches defining an octagonal space. In the 11th and 12th centuries they were decorated with superb marble works as well as mosaics on a gold background, all characteristic of the 'second golden age of Byzantine art'. ",5.0,69,3
Livingstone,Zambia,City Trip Nature Landscape Adventure Hiking,"Feel the rush of cascading waterfalls and the thrill of wildlife encounters, all amidst a backdrop of vibrant sunsets and warm local hospitality.",4.0,67,3
Hamilton Island,Australia,City Trip Nature Landscape Adventure Hiking Beach Sea Tropical,"Turquoise waters and lush landscapes create a serene escape, where gentle sea breezes and vibrant sunsets offer a perfect island retreat.",4.4,65,5
Santiago de Chile,Chile,City Trip Nature Landscape Culture History Art Adventure Hiking Nightlife Party,"A vibrant city where modern skyscrapers meet historic streets, offering stunning mountain views and a lively cultural scene full of energy.",4.9,99,3
Desembarco del Granma National Park,Cuba,Natural Latin America and the Caribbean Historic Landmark World Heritage," Desembarco del Granma National Park, with its uplifted marine terraces and associated ongoing development of karst topography and features, represents a globally significant example of geomorphologic and physiographic features and ongoing geological processes. The area, which is situated in and around Cabo Cruz in south-east Cuba, includes spectacular terraces and cliffs, as well as some of the most pristine and impressive coastal cliffs bordering the western Atlantic. ",4.8,83,1
Rosario,Argentina,City Trip Culture History Art Nightlife Party,"Riverfront parks, lively streets, and a mix of modern and historic architecture create a welcoming atmosphere that's both vibrant and laid-back.",3.7,88,3
Historical Centre of the City of Yaroslavl,Russian Federation,Cultural Europe and North America Historic Landmark World Heritage," Situated at the confluence of the Volga and Kotorosl Rivers some 250 km north-east of Moscow, the historic city of Yaroslavl developed into a major commercial centre from the 11th century. It is renowned for its numerous 17th-century churches and is an outstanding example of the urban planning reform Empress Catherine the Great ordered for the whole of Russia in 1763. While keeping some of its significant historic structures, the town was renovated in the neoclassical style on a radial urban master plan. It has also kept elements from the 16th century in the Spassky Monastery, one of the oldest in the Upper Volga region, built on the site of a pagan temple in the late 12th century but reconstructed over time. ",4.8,53,3
Kalwaria Zebrzydowska: the Mannerist Architectural and Park Landscape Complex and Pilgrimage Park,Poland,Cultural Europe and North America Historic Landmark World Heritage, Kalwaria Zebrzydowska is a breathtaking cultural landscape of great spiritual significance. Its natural setting – in which a series of symbolic places of worship relating to the Passion of Jesus Christ and the life of the Virgin Mary was laid out at the beginning of the 17th century – has remained virtually unchanged. It is still today a place of pilgrimage. ,4.6,88,2
Cologne Cathedral,Germany,Cultural Europe and North America Historic Landmark World Heritage," Begun in 1248, the construction of this Gothic masterpiece took place in several stages and was not completed until 1880. Over seven centuries, successive builders were inspired by the same faith and a spirit of absolute fidelity to the original plans. Apart from its exceptional intrinsic value and the artistic masterpieces it contains, Cologne Cathedral testifies to the enduring strength of European Christianity. ",4.9,62,1
Old Town of Ghadamès,Libya,Cultural Arab States Historic Landmark World Heritage," Ghadamès, known as 'the pearl of the desert', stands in an oasis. It is one of the oldest pre-Saharan cities and an outstanding example of a traditional settlement. Its domestic architecture is characterized by a vertical division of functions: the ground floor used to store supplies; then another floor for the family, overhanging covered alleys that create what is almost an underground network of passageways; and, at the top, open-air terraces reserved for the women. ",4.8,55,1
"National History Park – Citadel, Sans Souci, Ramiers",Haiti,Cultural Latin America and the Caribbean Historic Landmark World Heritage," These Haitian monuments date from the beginning of the 19th century, when Haiti proclaimed its independence. The Palace of Sans Souci, the buildings at Ramiers and, in particular, the Citadel serve as universal symbols of liberty, being the first monuments to be constructed by black slaves who had gained their freedom. ",4.6,90,2
Roman Walls of Lugo,Spain,Cultural Europe and North America Historic Landmark World Heritage, The walls of Lugo were built in the later part of the 3rd century to defend the Roman town of Lucus. The entire circuit survives intact and is the finest example of late Roman fortifications in western Europe. ,5.0,79,2
"Palau de la Música Catalana and Hospital de Sant Pau, Barcelona",Spain,Cultural Europe and North America Historic Landmark World Heritage," These are two of the finest contributions to Barcelona's architecture by the Catalan art nouveau architect Lluís Domènech i Montaner. The Palau de la Música Catalana is an exuberant steel-framed structure full of light and space, and decorated by many of the leading designers of the day. The Hospital de Sant Pau is equally bold in its design and decoration, while at the same time perfectly adapted to the needs of the sick. ",4.9,88,3
Sundarbans National Park,India,Natural Asia and the Pacific Historic Landmark World Heritage," The Sundarbans covers 10,000 km2 of land and water (more than half of it in India, the rest in Bangladesh) in the Ganges delta. It contains the world's largest area of mangrove forests. A number of rare or endangered species live in the park, including tigers, aquatic mammals, birds and reptiles. ",4.5,81,2
Coffee Cultural Landscape of Colombia,Colombia,Cultural Latin America and the Caribbean Historic Landmark World Heritage," An exceptional example of a sustainable and productive cultural landscape that is unique and representative of a tradition that is a strong symbol for coffee growing areas worldwide - encompasses six farming landscapes, which include 18 urban centres on the foothills of the western and central ranges of the Cordillera de los Andes in the west of the country. It reflects a centennial tradition of coffee growing in small plots in the high forest and the way farmers have adapted cultivation to difficult mountain conditions. The urban areas, mainly situated on the relatively flat tops of hills above sloping coffee fields, are characterized by the architecture of the Antioquian colonization with Spanish influence. Building materials were, and remain in some areas, cob and pleated cane for the walls with clay tiles for the roofs. ",4.7,93,3
Nanda Devi and Valley of Flowers National Parks  ,India,Natural Asia and the Pacific Historic Landmark World Heritage," Nestled high in West Himalaya, India&rsquo;s Valley of Flowers National Park is renowned for its meadows of endemic alpine flowers and outstanding natural beauty. This richly diverse area is also home to rare and endangered animals, including the Asiatic black bear, snow leopard, brown bear and blue sheep. The gentle landscape of the Valley of Flowers National Park complements the rugged mountain wilderness of Nanda Devi National Park. Together they encompass a unique transition zone between the mountain ranges of the Zanskar and Great Himalaya, praised by mountaineers and botanists for over a century and in Hindu mythology for much longer. ",4.7,85,1
Kingston,Jamaica,City Trip Culture History Art Nightlife Party,"Vibrant streets pulse with reggae rhythms, while lush hills and beaches offer a serene escape, creating a captivating blend of energy and tranquility.",3.9,92,3
Dar es Salaam,Tanzania,City Trip Nature Landscape Culture History Art Beach Sea Tropical,"Lively markets, vibrant street life, and the warm Indian Ocean breeze create a dynamic and welcoming atmosphere full of local charm.",4.1,69,1
Durmitor National Park,Montenegro,Natural Europe and North America Historic Landmark World Heritage," This breathtaking national park was formed by glaciers and is traversed by rivers and underground streams. Along the Tara river canyon, which has the deepest gorges in Europe, the dense pine forests are interspersed with clear lakes and harbour a wide range of endemic flora. ",4.9,50,3
San Jose,United States,City Trip Nature Landscape,"A blend of innovation and natural beauty, with sunlit streets, tech-savvy energy, and nearby escapes to lush parks and rolling hills.",4.7,94,5
Namibia,Namibia,City Trip Nature Landscape Adventure Hiking,"Vast desert landscapes meet rugged coastlines, creating a sense of awe and solitude, while vibrant wildlife offers thrilling encounters in nature.",4.5,90,3
Maun,Botswana,City Trip Nature Landscape Adventure Hiking,"A gateway to the Okavango Delta, offering a serene blend of wildlife sounds, warm sunsets, and the gentle flow of the river.",3.6,93,3
Baptism Site “Bethany Beyond the Jordan” (Al-Maghtas),Jordan,Cultural Arab States Historic Landmark World Heritage," Situated on the eastern bank of the River Jordan, nine kilometres north of the Dead Sea, the archaeological site consists of two distinct areas: Tell Al-Kharrar, also known as Jabal Mar-Elias (Elijah’s Hill) and the area of the churches of Saint John the Baptist near the river. Situated in a pristine natural environment the site is believed to be the location where Jesus of Nazareth was baptized by John the Baptist. It features Roman and Byzantine remains including churches and chapels, a monastery, caves that have been used by hermits and pools in which baptisms were celebrated, testifying to the religious character of the place. The site is a Christian place of pilgrimage. ",4.7,61,2
Historic Monuments of Dengfeng in “The Centre of Heaven and Earth”,China,Cultural Asia and the Pacific Historic Landmark World Heritage," Mount Songshang is considered to be the central sacred mountain of China. At the foot of this 1500 metre high mountain, close to the city of Dengfeng in Henan province and spread over a 40 square-kilometre circle, stand eight clusters of buildings and sites, including three Han Que gates - remains of the oldest religious edifices in China -, temples, the Zhougong Sundial Platform and the Dengfeng Observatory. Constructed over the course of nine dynasties, these buildings are reflections of different ways of perceiving the centre of heaven and earth and the power of the mountain as a centre for religious devotion. The historical monuments of Dengfeng include some of the best examples of ancient Chinese buildings devoted to ritual, science, technology and education. ",4.7,54,2
Göbekli Tepe,Turkey,Cultural Europe and North America Historic Landmark World Heritage," Located in the Germuş mountains of south-eastern Anatolia, this property presents monumental round-oval and rectangular megalithic structures erected by hunter-gatherers in the Pre-Pottery Neolithic age between 9,600 and 8,200 BCE. These monuments were probably used in connection with rituals, most likely of a funerary nature. Distinctive T-shaped pillars are carved with images of wild animals, providing insight into the way of life and beliefs of people living in Upper Mesopotamia about 11,500 years ago. ",4.8,55,3
Barberton Makhonjwa Mountains,South Africa,Natural Africa Historic Landmark World Heritage," Situated in north-eastern South Africa, the Barberton Makhonjwa Mountains comprises 40% of the Barberton Greenstone Belt, one of the world’s oldest geological structures. The property represents the best-preserved succession of volcanic and sedimentary rock dating back 3.6 to 3.25 billion years and forms a diverse repository of information on surface conditions, meteorite impacts, volcanism, continent-building processes and the environment of early life. ",4.8,82,2
Historic City of Trogir,Croatia,Cultural Europe and North America Historic Landmark World Heritage, Trogir is a remarkable example of urban continuity. The orthogonal street plan of this island settlement dates back to the Hellenistic period and it was embellished by successive rulers with many fine public and domestic buildings and fortifications. Its beautiful Romanesque churches are complemented by the outstanding Renaissance and Baroque buildings from the Venetian period. ,4.5,86,1
Edmonton,Canada,City Trip Nature Landscape Culture History Art,"Wide-open streets, a lively arts scene, and vibrant festivals create a welcoming atmosphere that feels both dynamic and comfortably laid-back.",4.1,73,3
Heart of Neolithic Orkney,United Kingdom of Great Britain and Northern Ireland,Cultural Europe and North America Historic Landmark World Heritage," The group of Neolithic monuments on Orkney consists of a large chambered tomb (Maes Howe), two ceremonial stone circles (the Stones of Stenness and the Ring of Brodgar) and a settlement (Skara Brae), together with a number of unexcavated burial, ceremonial and settlement sites. The group constitutes a major prehistoric cultural landscape which gives a graphic depiction of life in this remote archipelago in the far north of Scotland some 5,000 years ago. ",4.7,67,3
Amritsar,India,City Trip Culture History Art,"Golden hues of the temple shimmer in the sun, while the aroma of spices and the hum of prayers create a serene, vibrant atmosphere.",4.3,99,1
Petroglyphs within the Archaeological Landscape of Tamgaly,Kazakhstan,Cultural Asia and the Pacific Historic Landmark World Heritage," Set around the lush Tamgaly Gorge, amidst the vast, arid Chu-Ili mountains, is a remarkable concentration of some 5,000 petroglyphs (rock carvings) dating from the second half of the second millennium BC to the beginning of the 20th century. Distributed among 48 complexes with associated settlements and burial grounds, they are testimonies to the husbandry, social organization and rituals of pastoral peoples. Human settlements in the site are often multilayered and show occupation through the ages. A huge number of ancient tombs are also to be found including stone enclosures with boxes and cists (middle and late Bronze Age), and mounds (kurgans) of stone and earth (early Iron Age to the present). The central canyon contains the densest concentration of engravings and what are believed to be altars, suggesting that these places were used for sacrificial offerings. ",4.6,63,2
Chavin (Archaeological Site),Peru,Cultural Latin America and the Caribbean Historic Landmark World Heritage," The archaeological site of Chavin gave its name to the culture that developed between 1500 and 300 B.C. in this high valley of the Peruvian Andes. This former place of worship is one of the earliest and best-known pre-Columbian sites. Its appearance is striking, with the complex of terraces and squares, surrounded by structures of dressed stone, and the mainly zoomorphic ornamentation. ",5.0,59,2
Yangon,Myanmar,City Trip Culture History Art,"Bustling streets filled with vibrant markets, golden pagodas glistening in the sun, and the warm smiles of locals create a welcoming energy.",3.9,60,1
Phong Nha-Ke Bang National Park,Viet Nam,Natural Asia and the Pacific Historic Landmark World Heritage," The Phong Nha-Ke Bang National Park, inscribed on the World Heritage List in 2003, covered 85,754 hectares. With this extension, the site covers a total surface area of 126,236 hectares (a 46 % increase) and shares a boundary with the Hin Namno Nature Reserve in the Peoples Democratic Republic of Laos. The Park’s landscape is formed by limestone plateaux and tropical forests. It features great geological diversity and offers spectacular phenomena, including a large number of caves and underground rivers. The site harbours a high level of biodiversity and many endemic species. The extension ensures a more coherent ecosystem while providing additional protection to the catchment areas that are of vital importance for the integrity of limestone landscapes. ",4.5,76,2
Cesky Krumlov,Czech Republic,City Trip Nature Landscape Culture History Art,"Winding cobblestone streets, charming medieval architecture, and the gentle flow of the Vltava River create a fairy-tale atmosphere you'll never forget.",3.6,81,3
East Rennell,Solomon Islands,Natural Asia and the Pacific Historic Landmark World Heritage," East Rennell makes up the southern third of Rennell Island, the southernmost island in the Solomon Island group in the western Pacific. Rennell, 86 km long x 15 km wide, is the largest raised coral atoll in the world. The site includes approximately 37,000 ha and a marine area extending 3 nautical miles to sea. A major feature of the island is Lake Tegano, which was the former lagoon on the atoll. The lake, the largest in the insular Pacific (15,500 ha), is brackish and contains many rugged limestone islands and endemic species. Rennell is mostly covered with dense forest, with a canopy averaging 20 m in height. Combined with the strong climatic effects of frequent cyclones, the site is a true natural laboratory for scientific study. The site is under customary land ownership and management. ",4.8,61,3
Palace of Westminster and Westminster Abbey including Saint Margaret’s Church,United Kingdom of Great Britain and Northern Ireland,Cultural Europe and North America Historic Landmark World Heritage," Westminster Palace, rebuilt from the year 1840 on the site of important medieval remains, is a fine example of neo-Gothic architecture. The site &ndash; which also comprises the small medieval Church of Saint Margaret, built in Perpendicular Gothic style, and Westminster Abbey, where all the sovereigns since the 11th century have been crowned &ndash; is of great historic and symbolic significance. ",4.7,84,2
Ajaccio,France,City Trip Nature Landscape Culture History Art Beach Sea Tropical,"Nestled between mountains and sea, this charming coastal town offers sunlit streets, vibrant markets, and a rich tapestry of history and culture.",3.5,97,3
University of Coimbra – Alta and Sofia,Portugal,Cultural Europe and North America Historic Landmark World Heritage," Situated on a hill overlooking the city, the University of Coimbra with its colleges grew and evolved over more than seven centuries within the old town. Notable university buildings include the 12th&nbsp;century Cathedral of Santa Cruz and a number of 16th&nbsp;century colleges,&nbsp; the Royal Palace of Alc&aacute;&ccedil;ova, which has housed the University since 1537, the Joanine Library with its rich baroque decor, the 18th&nbsp;century Botanical Garden and University Press, as well as the large &ldquo;University City&rdquo; created during the 1940s. The University&rsquo;s edifices became a reference in the development of other institutions of higher education in the Portuguese-speaking world where it also exerted a major influence on learning and literature. Coimbra offers an outstanding example of an integrated university city with a specific urban typology as well as its own ceremonial and cultural traditions that have been kept alive through the ages. ",5.0,84,1
Archaeological Sites of Mycenae and Tiryns,Greece,Cultural Europe and North America Historic Landmark World Heritage," The archaeological sites of Mycenae and Tiryns are the imposing ruins of the two greatest cities of the Mycenaean civilization, which dominated the eastern Mediterranean world from the 15th to the 12th century B.C. and played a vital role in the development of classical Greek culture. These two cities are indissolubly linked to the Homeric epics, the Iliad and the Odyssey , which have influenced European art and literature for more than three millennia. ",4.5,54,2
Episcopal City of Albi,France,Cultural Europe and North America Historic Landmark World Heritage," On the banks of the Tarn river in south-west France, the old city of Albi reflects the culmination of a medieval architectural and urban ensemble. Today the Old Bridge (Pont-Vieux), the Saint-Salvi quarter and its church are testimony to its initial development (10th -11th centuries). Following the Albigensian Crusade against the Cathar heretics (13th century) it became a powerful episcopal city. Built in a unique southern French Gothic style from local brick in characteristic red and orange colours, the lofty fortified Cathedral (late 13th century) dominates the city, demonstrating the power regained by the Roman Catholic clergy. Alongside the Cathedral is the vast bishop&rsquo;s Palais de la Berbie, overlooking the river and surrounded by residential quarters that date back to the Middle Ages. The Episcopal City of Albi forms a coherent and homogeneous ensemble of monuments and quarters that has remained largely unchanged over the centuries. ",5.0,62,1
"Mbanza Kongo, Vestiges of the Capital of the former Kingdom of Kongo",Angola,Cultural Africa Historic Landmark World Heritage," The town of Mbanza Kongo, located on a plateau at an altitude of 570 m, was the political and spiritual capital of the Kingdom of Kongo, one of the largest constituted states in Southern Africa from the 14th to 19th centuries. The historical area grew around the royal residence, the customary court and the holy tree, as well as the royal funeral places. When the Portuguese arrived in the 15th century they added stone buildings constructed in accordance with European methods to the existing urban conurbation built in local materials. Mbanza Kongo illustrates, more than anywhere in sub-Saharan Africa, the profound changes caused by the introduction of Christianity and the arrival of the Portuguese into Central Africa. ",4.8,75,1
Protective town of San Miguel and the Sanctuary of Jesús Nazareno de Atotonilco,Mexico,Cultural Latin America and the Caribbean Historic Landmark World Heritage," The fortified town, first established in the 16th century to protect the Royal Route inland, reached its apogee in the 18th century when many of its outstanding religious and civic buildings were built in the style of the Mexican Baroque. Some of these buildings are masterpieces of the style that evolved in the transition from Baroque to neoclassical. Situated 14 km from the town, the Jesuit sanctuary, also dating from the 18th century, is one of the finest examples of Baroque art and architecture in the New Spain. It consists of a large church, and several smaller chapels, all decorated with oil paintings by Rodriguez Ju&aacute;rez and mural paintings by Miguel Antonio Mart&iacute;nez de Pocasangre. Because of its location, San Miguel de Allende acted as a melting pot where Spaniards, Creoles and Amerindians exchanged cultural influences while the Sanctuary of Jes&uacute;s Nazareno de Atotonilco constitutes an exceptional example of the exchange between European and Latin American cultures. Its architecture and interior decoration testify to the influence of Saint Ignacio de Loyola&rsquo;s doctrine. ",4.7,78,1
Longmen Grottoes,China,Cultural Asia and the Pacific Historic Landmark World Heritage," The grottoes and niches of Longmen contain the largest and most impressive collection of Chinese art of the late Northern Wei and Tang Dynasties (316-907). These works, entirely devoted to the Buddhist religion, represent the high point of Chinese stone carving. ",4.8,72,3
Old City of Jerusalem and its Walls,Jerusalem (Site proposed by Jordan),Cultural Arab States Historic Landmark World Heritage," As a holy city for Judaism, Christianity and Islam, Jerusalem has always been of great symbolic importance. Among its 220 historic monuments, the Dome of the Rock stands out: built in the 7th century, it is decorated with beautiful geometric and floral motifs. It is recognized by all three religions as the site of Abraham's sacrifice. The Wailing Wall delimits the quarters of the different religious communities, while the Resurrection rotunda in the Church of the Holy Sepulchre houses Christ's tomb. ",4.6,92,3
Churches and Convents of Goa,India,Cultural Asia and the Pacific Historic Landmark World Heritage," The churches and convents of Goa, the former capital of the Portuguese Indies &ndash; particularly the Church of Bom Jesus, which contains the tomb of St Francis-Xavier &ndash; illustrate the evangelization of Asia. These monuments were influential in spreading forms of Manueline, Mannerist and Baroque art in all the countries of Asia where missions were established. ",4.7,52,3
Great Barrier Reef,Australia,City Trip Nature Landscape Adventure Hiking Beach Sea Tropical,Crystal-clear waters teeming with vibrant marine life and coral formations create a mesmerizing underwater world perfect for exploration and awe.,3.8,92,5
Cultural and Historic Ensemble of the Solovetsky Islands,Russian Federation,Cultural Europe and North America Historic Landmark World Heritage," The Solovetsky archipelago comprises six islands in the western part of the White Sea, covering about 300 km2 . They have been inhabited since the 5th century B.C. and important traces of a human presence from as far back as the 5th millennium B.C. can be found there. The archipelago has been the site of fervent monastic activity since the 15th century, and there are several churches dating from the 16th to the 19th century. ",5.0,63,1
Champaner-Pavagadh Archaeological Park,India,Cultural Asia and the Pacific Historic Landmark World Heritage," A concentration of largely unexcavated archaeological, historic and living cultural heritage properties cradled in an impressive landscape which includes prehistoric (chalcolithic) sites, a hill fortress of an early Hindu capital, and remains of the 16th-century capital of the state of Gujarat. The site also includes, among other vestiges, fortifications, palaces, religious buildings, residential precincts, agricultural structures and water installations, from the 8th to 14th centuries. The Kalikamata Temple on top of Pavagadh Hill is considered to be an important shrine, attracting large numbers of pilgrims throughout the year. The site is the only complete and unchanged Islamic pre-Mughal city. ",4.8,57,3
Palace and Gardens of Schönbrunn,Austria,Cultural Europe and North America Historic Landmark World Heritage," From the 18th century to 1918, Sch&ouml;nbrunn was the residence of the Habsburg emperors. It was designed by the architects Johann Bernhard Fischer von Erlach and Nicolaus Pacassi and is full of outstanding examples of decorative art. Together with its gardens, the site of the world&rsquo;s first zoo in 1752, it is a remarkable Baroque ensemble and a perfect example of Gesamtkunstwerk 
 . ",4.8,60,2
Archaeological Park and Ruins of Quirigua,Guatemala,Cultural Latin America and the Caribbean Historic Landmark World Heritage," Inhabited since the 2nd century A.D., Quirigua had become during the reign of Cauac Sky (723&ndash;84) the capital of an autonomous and prosperous state. The ruins of Quirigua contain some outstanding 8th-century monuments and an impressive series of carved stelae and sculpted calendars that constitute an essential source for the study of Mayan civilization. ",4.8,51,2
Wood Buffalo National Park,Canada,Natural Europe and North America Historic Landmark World Heritage," Situated on the plains in the north-central region of Canada, the park (which covers 44,807 km2) is home to North America's largest population of wild bison. It is also the natural nesting place of the whooping crane. Another of the park's attractions is the world's largest inland delta, located at the mouth of the Peace and Athabasca rivers. ",4.8,56,3
San Pedro de Atacama,Chile,City Trip Nature Landscape Adventure Hiking,"Endless desert vistas meet surreal landscapes, where clear night skies reveal a tapestry of stars, creating an otherworldly sense of tranquility and wonder.",4.6,76,3
Menorca,Spain,City Trip Nature Landscape Beach Sea Tropical,"Golden beaches meet turquoise waters, offering a tranquil escape with gentle breezes, charming villages, and the scent of pine forests in the air.",4.1,71,3
St Kilda,United Kingdom of Great Britain and Northern Ireland,Mixed Europe and North America Historic Landmark World Heritage," This volcanic archipelago, with its spectacular landscapes, is situated off the coast of the Hebrides and comprises the islands of Hirta, Dun, Soay and Boreray. It has some of the highest cliffs in Europe, which have large colonies of rare and endangered species of birds, especially puffins and gannets. The archipelago, uninhabited since 1930, bears the evidence of more than 2,000 years of human occupation in the extreme conditions prevalent in the Hebrides. Human vestiges include built structures and field systems, the cleits and the traditional Highland stone houses. They feature the vulnerable remains of a subsistence economy based on the products of birds, agriculture and sheep farming. ",4.8,72,1
Megalithic Jar Sites in Xiengkhuang – Plain of Jars,Lao People's Democratic Republic,Cultural Asia and the Pacific Historic Landmark World Heritage,"The Plain of Jars, located on a plateau in central Laos, gets its name from more than 2,100 tubular-shaped megalithic stone jars used for funerary practices in the Iron Age. This serial site of 15 components contains large carved stone jars, stone discs, secondary burials, tombstones, quarries and funerary objects dating from 500 BCE to 500 CE. The jars and associated elements are the most prominent evidence of the Iron Age civilization that made and used them until it disappeared, around 500 CE.",5.0,71,3
Late Baroque Towns of the Val di Noto (South-Eastern Sicily),Italy,Cultural Europe and North America Historic Landmark World Heritage," The eight towns in south-eastern Sicily: Caltagirone, Militello Val di Catania, Catania, Modica, Noto, Palazzolo, Ragusa and Scicli, were all rebuilt after 1693 on or beside towns existing at the time of the earthquake which took place in that year. They represent a considerable collective undertaking, successfully carried out at a high level of architectural and artistic achievement. Keeping within the late Baroque style of the day, they also depict distinctive innovations in town planning and urban building. ",4.8,51,1
Swiss Tectonic Arena Sardona,Switzerland,Natural Europe and North America Historic Landmark World Heritage," The Swiss Tectonic Arena Sardona in the north-eastern part of the country covers a mountainous area of 32,850 ha which features seven peaks that rise above 3,000 m. The area displays an exceptional example of mountain building through continental collision and features .excellent geological sections through tectonic thrust, i.e. the process whereby older, deeper rocks are carried onto younger, shallower rocks. The site is distinguished by the clear three-dimensional exposure of the structures and processes that characterize this phenomenon and has been a key site for the geological sciences since the 18th century. The Glarus Alps are glaciated mountains rising dramatically above narrow river valleys and are the site of the largest post-glacial landslide in the Central Alpine region. ",5.0,59,2
Kaunas,Lithuania,City Trip Culture History Art,"Charming cobblestone streets, vibrant street art, and a laid-back vibe invite you to explore its rich history and creative energy.",4.6,64,1
Punic Town of Kerkuane and its Necropolis,Tunisia,Cultural Arab States Historic Landmark World Heritage, This Phoenician city was probably abandoned during the First Punic War (c. 250 B.C.) and as a result was not rebuilt by the Romans. The remains constitute the only example of a Phoenicio-Punic city to have survived. The houses were built to a standard plan in accordance with a sophisticated notion of town planning. ,4.6,82,3
New Orleans,United States,City Trip Culture History Art Nightlife Party,"Lively streets echo with jazz, while the scent of Creole cuisine fills the air, creating a vibrant and soulful experience.",3.7,78,3
Sacred Sites and Pilgrimage Routes in the Kii Mountain Range,Japan,Cultural Asia and the Pacific Historic Landmark World Heritage," Set in the dense forests of the Kii Mountains overlooking the Pacific Ocean, three sacred sites – Yoshino and Omine, Kumano Sanzan, Koyasan – linked by pilgrimage routes to the ancient capital cities of Nara and Kyoto, reflect the fusion of Shinto, rooted in the ancient tradition of nature worship in Japan, and Buddhism, which was introduced from China and the Korean Peninsula. The sites (506.4 ha) and their surrounding forest landscape reflect a persistent and extraordinarily well-documented tradition of sacred mountains over 1,200 years. The area, with its abundance of streams, rivers and waterfalls, is still part of the living culture of Japan and is much visited for ritual purposes and hiking, with up to 15 million visitors annually. Each of the three sites contains shrines, some of which were founded as early as the 9th century. ",4.9,88,1
"Sun Temple, Konârak",India,Cultural Asia and the Pacific Historic Landmark World Heritage," On the shores of the Bay of Bengal, bathed in the rays of the rising sun, the temple at Konarak is a monumental representation of the sun god Surya's chariot; its 24 wheels are decorated with symbolic designs and it is led by a team of six horses. Built in the 13th century, it is one of India's most famous Brahman sanctuaries. ",4.9,88,3
Episcopal Complex of the Euphrasian Basilica in the Historic Centre of Poreč,Croatia,Cultural Europe and North America Historic Landmark World Heritage," The group of religious monuments in Porec, where Christianity was established as early as the 4th century, constitutes the most complete surviving complex of its type. The basilica, atrium, baptistery and episcopal palace are outstanding examples of religious architecture, while the basilica itself combines classical and Byzantine elements in an exceptional manner. ",4.7,73,2
Fraser Island,Australia,Natural Asia and the Pacific Historic Landmark World Heritage," Fraser Island lies just off the east coast of Australia. At 122 km long, it is the largest sand island in the world. Majestic remnants of tall rainforest growing on sand and half the world’s perched freshwater dune lakes are found inland from the beach. The combination of shifting sand-dunes, tropical rainforests and lakes makes it an exceptional site. ",4.6,86,1
"Bordeaux, Port of the Moon",France,Cultural Europe and North America Historic Landmark World Heritage," The Port of the Moon, port city of Bordeaux in south-west France, is inscribed as an inhabited historic city, an outstanding urban and architectural ensemble, created in the age of the Enlightenment, whose values continued up to the first half of the 20th century, with more protected buildings than any other French city except Paris. It is also recognized for its historic role as a place of exchange of cultural values over more than 2,000 years, particularly since the 12th century due to commercial links with Britain and the Low Lands. Urban plans and architectural ensembles of the early 18th century onwards place the city as an outstanding example of innovative classical and neoclassical trends and give it an exceptional urban and architectural unity and coherence. Its urban form represents the success of philosophers who wanted to make towns into melting pots of humanism, universality and culture. ",4.6,53,3
Putorana Plateau,Russian Federation,Natural Europe and North America Historic Landmark World Heritage," This site coincides with the area of the Putoransky State Nature Reserve, and is located in the central part of the Putorana Plateau in northern Central Siberia. It is situated about 100 km north of the Arctic Circle. The part of the plateau inscribed on the World Heritage List harbours a complete set of subarctic and arctic ecosystems in an isolated mountain range, including pristine taiga, forest tundra, tundra and arctic desert systems, as well as untouched cold-water lake and river systems. A major reindeer migration route crosses the property, which represents an exceptional, large-scale and increasingly rare natural phenomenon. ",4.9,89,1
San Francisco,United States,City Trip Nature Landscape Culture History Art Nightlife Party,"Fog-kissed hills, eclectic neighborhoods, and the scent of fresh sea air create an inviting and dynamic atmosphere that's both laid-back and vibrant.",4.4,68,5
Vladivostok,Russia,City Trip Nature Landscape Culture History Art,"Sweeping ocean views, bustling ports, and a mix of Russian and Asian influences create a dynamic and intriguing atmosphere.",4.0,83,3
Tubbataha Reefs Natural Park,Philippines,Natural Asia and the Pacific Historic Landmark World Heritage," The Tubbataha Reef Marine Park covers 130,028 ha, including the North and South Reefs. It is a unique example of an atoll reef with a very high density of marine species; the North Islet serving as a nesting site for birds and marine turtles. The site is an excellent example of a pristine coral reef with a spectacular 100-m perpendicular wall, extensive lagoons and two coral islands. ",4.6,81,1
Speyer Cathedral,Germany,Cultural Europe and North America Historic Landmark World Heritage," Speyer Cathedral, a basilica with four towers and two domes, was founded by Conrad II in 1030 and remodelled at the end of the 11th century. It is one of the most important Romanesque monuments from the time of the Holy Roman Empire. The cathedral was the burial place of the German emperors for almost 300 years. ",4.9,59,2
Studenica Monastery,Serbia,Cultural Europe and North America Historic Landmark World Heritage," The Studenica Monastery was established in the late 12th century by Stevan Nemanja, founder of the medieval Serb state, shortly after his abdication. It is the largest and richest of Serbia’s Orthodox monasteries. Its two principal monuments, the Church of the Virgin and the Church of the King, both built of white marble, enshrine priceless collections of 13th- and 14th-century Byzantine painting. ",4.5,53,3
Giant's Causeway and Causeway Coast,United Kingdom of Great Britain and Northern Ireland,Natural Europe and North America Historic Landmark World Heritage," The Giant's Causeway lies at the foot of the basalt cliffs along the sea coast on the edge of the Antrim plateau in Northern Ireland. It is made up of some 40,000 massive black basalt columns sticking out of the sea. The dramatic sight has inspired legends of giants striding over the sea to Scotland. Geological studies of these formations over the last 300 years have greatly contributed to the development of the earth sciences, and show that this striking landscape was caused by volcanic activity during the Tertiary, some 50–60 million years ago. ",5.0,79,2
Thimlich Ohinga Archaeological Site,Kenya,Cultural Africa Historic Landmark World Heritage," Situated north-west of the town of Migori, in the Lake Victoria region, this dry-stone walled settlement was probably built in the 16th century CE. The Ohinga (i.e. settlement) seems to have served as a fort for communities and livestock, but also defined social entities and relationships linked to lineage. Thimlich Ohinga is the largest and best preserved of these traditional enclosures. It is an exceptional example of the tradition of massive dry-stone walled enclosures, typical of the first pastoral communities in the Lake Victoria Basin, which persisted from the 16th to the mid-20th century. ",5.0,73,3
Berlin,Germany,City Trip Culture History Art Nightlife Party,"Eclectic streets filled with history, art, and a dynamic cultural scene create an atmosphere that's both invigorating and deeply engaging.",5.0,73,3
Hyrcanian Forests,Iran (Islamic Republic of),Natural Asia and the Pacific Historic Landmark World Heritage,"Hyrcanian forests form a unique forested massif that stretches 850 km along the southern coast of the Caspian Sea. The history of these broad-leaved forests dates back 25 to 50 million years, when they covered most of this Northern Temperate region. These ancient forest areas retreated during the Quaternary glaciations and then expanded again as the climate became milder. Their floristic biodiversity is remarkable: 44% of the vascular plants known in Iran are found in the Hyrcanian region, which only covers 7% of the country. To date, 180 species of birds typical of broad-leaved temperate forests and 58 mammal species have been recorded, including the iconic Persian Leopard (Panthera pardus tulliana).",4.5,62,1
Golden Mountains of Altai,Russian Federation,Natural Europe and North America Historic Landmark World Heritage," The Altai mountains in southern Siberia form the major mountain range in the western Siberia biogeographic region and provide the source of its greatest rivers – the Ob and the Irtysh. Three separate areas are inscribed: Altaisky Zapovednik and a buffer zone around Lake Teletskoye; Katunsky Zapovednik and a buffer zone around Mount Belukha; and the Ukok Quiet Zone on the Ukok plateau. The total area covers 1,611,457 ha. The region represents the most complete sequence of altitudinal vegetation zones in central Siberia, from steppe, forest-steppe, mixed forest, subalpine vegetation to alpine vegetation. The site is also an important habitat for endangered animal species such as the snow leopard. ",4.5,91,1
Melbourne,Australia,City Trip Culture History Art Nightlife Party,"A vibrant mix of street art, diverse cuisine, and lively laneways create an atmosphere that's both exciting and warmly inviting.",4.6,76,3
Wulingyuan Scenic and Historic Interest Area,China,Natural Asia and the Pacific Historic Landmark World Heritage," A spectacular area stretching over more than 26,000 ha in China's Hunan Province, the site is dominated by more than 3,000 narrow sandstone pillars and peaks, many over 200 m high. Between the peaks lie ravines and gorges with streams, pools and waterfalls, some 40 caves, and two large natural bridges. In addition to the striking beauty of the landscape, the region is also noted for the fact that it is home to a number of endangered plant and animal species. ",4.6,94,1
Laponian Area,Sweden,Mixed Europe and North America Historic Landmark World Heritage," The Arctic Circle region of northern Sweden is the home of the Saami people. It is the largest area in the world (and one of the last) with an ancestral way of life based on the seasonal movement of livestock. Every summer, the Saami lead their huge herds of reindeer towards the mountains through a natural landscape hitherto preserved, but now threatened by the advent of motor vehicles. Historical and ongoing geological processes can be seen in the glacial moraines and changing water courses. ",4.9,61,3
Borobudur Temple Compounds,Indonesia,Cultural Asia and the Pacific Historic Landmark World Heritage," This famous Buddhist temple, dating from the 8th and 9th centuries, is located in central Java. It was built in three tiers: a pyramidal base with five concentric square terraces, the trunk of a cone with three circular platforms and, at the top, a monumental stupa. The walls and balustrades are decorated with fine low reliefs, covering a total surface area of 2,500 m2. Around the circular platforms are 72 openwork stupas, each containing a statue of the Buddha. The monument was restored with UNESCO's help in the 1970s. ",4.8,94,2
Site of Palmyra,Syrian Arab Republic,Cultural Arab States Historic Landmark World Heritage," An oasis in the Syrian desert, north-east of Damascus, Palmyra contains the monumental ruins of a great city that was one of the most important cultural centres of the ancient world. From the 1st to the 2nd century, the art and architecture of Palmyra, standing at the crossroads of several civilizations, married Graeco-Roman techniques with local traditions and Persian influences. ",4.5,53,2
Ottawa,Canada,City Trip Nature Landscape Culture History Art,"Charming streets lined with historic architecture meet lush green parks, offering a peaceful yet vibrant atmosphere perfect for leisurely exploration.",4.9,74,3
Shrines and Temples of Nikko,Japan,Cultural Asia and the Pacific Historic Landmark World Heritage," The shrines and temples of Nikko, together with their natural surroundings, have for centuries been a sacred site known for its architectural and decorative masterpieces. They are closely associated with the history of the Tokugawa Shoguns. ",4.7,57,2
Monuments of Oviedo and the Kingdom of the Asturias,Spain,Cultural Europe and North America Historic Landmark World Heritage," In the 9th century the flame of Christianity was kept alive in the Iberian peninsula in the tiny Kingdom of the Asturias. Here an innovative pre-Romanesque architectural style was created that was to play a significant role in the development of the religious architecture of the peninsula. Its highest achievements can be seen in the churches of Santa María del Naranco, San Miguel de Lillo, Santa Cristina de Lena, the Cámara Santa and San Julián de los Prados, in and around the ancient capital city of Oviedo. Associated with them is the remarkable contemporary hydraulic engineering structure known as La Foncalada. ",4.8,91,3
Pontcysyllte Aqueduct and Canal,United Kingdom of Great Britain and Northern Ireland,Cultural Europe and North America Historic Landmark World Heritage," Situated in north-eastern Wales, the 18 kilometre long Pontcysyllte Aqueduct and Canal is a feat of civil engineering of the Industrial Revolution, completed in the early years of the 19th century. Covering a difficult geographical setting, the building of the canal required substantial, bold civil engineering solutions, especially as it was built without using locks. The aqueduct is a pioneering masterpiece of engineering and monumental metal architecture, conceived by the celebrated civil engineer Thomas Telford. The use of both cast and wrought iron in the aqueduct enabled the construction of arches that were light and d strong, producing an overall effect that is both monumental and elegant. The property is inscribed as a masterpiece of creative genius, and as a remarkable synthesis of expertise already acquired in Europe. It is also recognized as an innovative ensemble that inspired many projects all over the world. ",4.8,85,2
Istanbul,Turkey,City Trip Culture History Art Nightlife Party,"A captivating blend of East and West, with vibrant bazaars, aromatic spices, historic mosques, and the serene Bosphorus weaving through daily life.",3.5,62,3
Ilulissat Icefjord,Denmark,Natural Europe and North America Historic Landmark World Heritage," Located on the west coast of Greenland, 250 km north of the Arctic Circle, Greenland’s Ilulissat Icefjord is the sea mouth of Sermeq Kujalleq, one of the few glaciers through which the Greenland ice cap reaches the sea. Sermeq Kujalleq is one of the fastest and most active glaciers in the world. It annually calves over 35 km3 of ice, i.e. 10% of the production of all Greenland calf ice and more than any other glacier outside Antarctica. Studied for over 250 years, it has helped to develop our understanding of climate change and icecap glaciology. The combination of a huge ice-sheet and the dramatic sounds of a fast-moving glacial ice-stream calving into a fjord covered by icebergs makes for a dramatic and awe-inspiring natural phenomenon. ",4.5,92,2
Carcassonne,France,City Trip Culture History Art,"Strolling through cobbled streets surrounded by medieval walls, you feel transported to another era, with vibrant markets and cozy restaurants at every turn.",4.0,97,3
Lautoka,Fiji,City Trip Nature Landscape Adventure Hiking Beach Sea Tropical,"A vibrant port city where the aroma of sugarcane wafts through the air, blending with the lively sounds of bustling markets.",4.1,94,3
Tulum,Mexico,City Trip Nature Landscape Adventure Hiking Beach Sea Tropical,"Pristine beaches with turquoise waters meet ancient ruins and vibrant jungle, creating an inviting blend of relaxation and adventure.",4.6,61,3
Surabaya,Indonesia,City Trip Culture History Art,"Bustling streets filled with the aroma of local spices, vibrant markets, and a rich cultural tapestry invite exploration and discovery.",4.8,98,1
Old Town of Lijiang,China,Cultural Asia and the Pacific Historic Landmark World Heritage," The Old Town of Lijiang, which is perfectly adapted to the uneven topography of this key commercial and strategic site, has retained a historic townscape of high quality and authenticity. Its architecture is noteworthy for the blending of elements from several cultures that have come together over many centuries. Lijiang also possesses an ancient water-supply system of great complexity and ingenuity that still functions effectively today. ",5.0,61,3
Residences of the Royal House of Savoy,Italy,Cultural Europe and North America Historic Landmark World Heritage," When Emmanuel-Philibert, Duke of Savoy, moved his capital to Turin in 1562, he began a vast series of building projects (continued by his successors) to demonstrate the power of the ruling house. This outstanding complex of buildings, designed and embellished by the leading architects and artists of the time, radiates out into the surrounding countryside from the Royal Palace in the 'Command Area' of Turin to include many country residences and hunting lodges. ",4.9,88,3
City of Vicenza and the Palladian Villas of the Veneto,Italy,Cultural Europe and North America Historic Landmark World Heritage," Founded in the 2nd century B.C. in northern Italy, Vicenza prospered under Venetian rule from the early 15th to the end of the 18th century. The work of Andrea Palladio (1508–80), based on a detailed study of classical Roman architecture, gives the city its unique appearance. Palladio's urban buildings, as well as his villas, scattered throughout the Veneto region, had a decisive influence on the development of architecture. His work inspired a distinct architectural style known as Palladian, which spread to England and other European countries, and also to North America. ",4.8,93,1
Joya de Cerén Archaeological Site,El Salvador,Cultural Latin America and the Caribbean Historic Landmark World Heritage," Joya de Cer&eacute;n was a pre-Hispanic farming community that, like Pompeii and Herculaneum in Italy, was buried under an eruption of the Laguna Caldera volcano c. AD 600. Because of the exceptional condition of the remains, they provide an insight into the daily lives of the Central American populations who worked the land at that time. ",4.6,56,3
La Palma,Spain,City Trip Nature Landscape Adventure Hiking,"Lush landscapes and volcanic vistas create a serene atmosphere, inviting you to explore its quiet trails and charming coastal villages.",4.1,93,3
Lübeck,Germany,City Trip Culture History Art,Charming cobblestone streets lined with medieval architecture and the scent of marzipan create an inviting and cozy atmosphere for exploration.,4.8,62,3
Luxembourg City,Luxembourg,City Trip Culture History Art,"Charming cobblestone streets wind through lush valleys and historic fortresses, creating a serene yet vibrant atmosphere that's both inviting and intriguing.",4.0,71,5
Krzemionki Prehistoric Striped Flint Mining Region,Poland,Cultural Europe and North America Historic Landmark World Heritage,"Located in the mountain region of Świętokrzyskie, Krzemionki is an ensemble of four mining sites, dating from the Neolithic to the Bronze Age (about 3900 to 1600 BCE), dedicated to the extraction and processing of striped flint, which was mainly used for axe-making. With its underground mining structures, flint workshops and some 4,000 shafts and pits, the site features one of the most comprehensive prehistoric underground flint extraction and processing systems identified to date. The site provides information about life and work in prehistoric settlements and bears witness to an extinct cultural tradition. It is an exceptional testimony of the importance of the prehistoric period and of flint mining for tool production in human history.",4.8,85,3
Tugendhat Villa in Brno,Czechia,Cultural Europe and North America Historic Landmark World Heritage," The Tugendhat Villa in Brno, designed by the architect Mies van der Rohe, is an outstanding example of the international style in the modern movement in architecture as it developed in Europe in the 1920s. Its particular value lies in the application of innovative spatial and aesthetic concepts that aim to satisfy new lifestyle needs by taking advantage of the opportunities afforded by modern industrial production. ",4.7,68,1
Mountain Railways of India,India,Cultural Asia and the Pacific Historic Landmark World Heritage," This site includes three railways. The Darjeeling Himalayan Railway was the first, and is still the most outstanding, example of a hill passenger railway. Opened in 1881, its design applies bold and ingenious engineering solutions to the problem of establishing an effective rail link across a mountainous terrain of great beauty. The construction of the Nilgiri Mountain Railway, a 46-km long metre-gauge single-track railway in Tamil Nadu State was first proposed in 1854, but due to the difficulty of the mountainous location the work only started in 1891 and was completed in 1908. This railway, scaling an elevation of 326 m to 2,203 m, represented the latest technology of the time. The Kalka Shimla Railway, a 96-km long, single track working rail link built in the mid-19th century to provide a service to the highland town of Shimla is emblematic of the technical and material efforts to disenclave mountain populations through the railway. All three railways are still fully operational. ",4.6,70,2
Pisa,Italy,City Trip Culture History Art,"Charming narrow streets open up to sunlit squares, with the aroma of fresh pasta and the sound of church bells filling the air.",3.9,65,3
Völklingen Ironworks,Germany,Cultural Europe and North America Historic Landmark World Heritage," The ironworks, which cover some 6 ha, dominate the city of Völklingen. Although they have recently gone out of production, they are the only intact example, in the whole of western Europe and North America, of an integrated ironworks that was built and equipped in the 19th and 20th centuries and has remained intact. ",4.6,82,1
Milan,Italy,City Trip Culture History Art Nightlife Party,"Chic streets lined with fashion boutiques, historic architecture, and lively piazzas create a sophisticated yet welcoming atmosphere, perfect for leisurely exploration.",4.0,70,5
Palermo,Italy,City Trip Culture History Art,"Sun-drenched streets filled with the aroma of street food, lively markets, and stunning architecture create an enchanting and vibrant atmosphere.",4.4,68,3
"Budapest, including the Banks of the Danube, the Buda Castle Quarter and Andrássy Avenue",Hungary,Cultural Europe and North America Historic Landmark World Heritage," This site has the remains of monuments such as the Roman city of Aquincum and the Gothic castle of Buda, which have had a considerable influence on the architecture of various periods. It is one of the world's outstanding urban landscapes and illustrates the great periods in the history of the Hungarian capital. ",5.0,60,3
Natural and Culturo-Historical Region of Kotor,Montenegro,Cultural Europe and North America Historic Landmark World Heritage," In the Middle Ages, this natural harbour on the Adriatic coast in Montenegro was an important artistic and commercial centre with its own famous schools of masonry and iconography. A large number of the monuments (including four Romanesque churches and the town walls) were seriously damaged by the 1979 earthquake but the town has been restored, largely with UNESCO’s help. ",4.8,91,1
Pythagoreion and Heraion of Samos,Greece,Cultural Europe and North America Historic Landmark World Heritage," Many civilizations have inhabited this small Aegean island, near Asia Minor, since the 3rd millennium B.C. The remains of Pythagoreion, an ancient fortified port with Greek and Roman monuments and a spectacular tunnel-aqueduct, as well as the Heraion, temple of the Samian Hera, can still be seen. ",4.9,63,1
Old Bridge Area of the Old City of Mostar,Bosnia and Herzegovina,Cultural Europe and North America Historic Landmark World Heritage," The historic town of Mostar, spanning a deep valley of the Neretva River, developed in the 15th and 16th centuries as an Ottoman frontier town and during the Austro-Hungarian period in the 19th and 20th centuries. Mostar has long been known for its old Turkish houses and Old Bridge, Stari Most, after which it is named. In the 1990s conflict, however, most of the historic town and the Old Bridge, designed by the renowned architect Sinan, was destroyed. The Old Bridge was recently rebuilt and many of the edifices in the Old Town have been restored or rebuilt with the contribution of an international scientific committee established by UNESCO. The Old Bridge area, with its pre-Ottoman, eastern Ottoman, Mediterranean and western European architectural features, is an outstanding example of a multicultural urban settlement. The reconstructed Old Bridge and Old City of Mostar is a symbol of reconciliation, international co-operation and of the coexistence of diverse cultural, ethnic and religious communities. ",4.8,81,3
"Ancient Maya City and Protected Tropical Forests of Calakmul, Campeche",Mexico,Mixed Latin America and the Caribbean Historic Landmark World Heritage," The site is located in the central/southern portion of the Yucatán Peninsula, in southern Mexico and includes the remains of the important Maya city Calakmul, set deep in the tropical forest of the Tierras Bajas. The city played a key role in the history of this region for more than twelve centuries and is characterized by well-preserved structures providing a vivid picture of life in an ancient Maya capital. The property also falls within the Mesoamerica biodiversity hotspot, the third largest in the world, encompassing all subtropical and tropical ecosystems from central Mexico to the Panama Canal. ",4.8,87,1
Los Alerces National Park,Argentina,Natural Latin America and the Caribbean Historic Landmark World Heritage," The Los Alerces National Park is located in the Andes of northern Patagonia and its western boundary  coincides with the Chilean border. Successive glaciations have moulded the landscape in the region creating spectacular features such as moraines, glacial cirques and clear-water lakes. The vegetation is dominated by dense temperate forests, which give way to alpine meadows higher up under the rocky Andean peaks. A highly distinctive and emblematic feature is its alerce forest; the globally threatened Alerce tree is the second longest living tree species in the world (&gt;3,600 years). The Alerce forest in the property is in an excellent state of conservation. The property is vital for the protection of some of the last portions of continuous Patagonian Forest in an almost pristine state and is the habitat for a number of endemic and threatened species of flora and fauna. ",4.6,58,2
Petra,Jordan,Cultural Arab States Historic Landmark World Heritage," Inhabited since prehistoric times, this Nabataean caravan-city, situated between the Red Sea and the Dead Sea, was an important crossroads between Arabia, Egypt and Syria-Phoenicia. Petra is half-built, half-carved into the rock, and is surrounded by mountains riddled with passages and gorges. It is one of the world's most famous archaeological sites, where ancient Eastern traditions blend with Hellenistic architecture. ",4.6,86,2
Hanseatic City of Lübeck,Germany,Cultural Europe and North America Historic Landmark World Heritage," L&uuml;beck &ndash; the former capital and Queen City of the Hanseatic League &ndash; was founded in the 12th century and prospered until the 16th century as the major trading centre for northern Europe. It has remained a centre for maritime commerce to this day, particularly with the Nordic countries. Despite the damage it suffered during the Second World War, the basic structure of the old city, consisting mainly of 15th- and 16th-century patrician residences, public monuments (the famous Holstentor brick gate), churches and salt storehouses, remains unaltered. ",4.7,79,1
Walled City of Baku with the Shirvanshah's Palace and Maiden Tower,Azerbaijan,Cultural Europe and North America Historic Landmark World Heritage," Built on a site inhabited since the Palaeolithic period, the Walled City of Baku reveals evidence of Zoroastrian, Sasanian, Arabic, Persian, Shirvani, Ottoman, and Russian presence in cultural continuity. The Inner City (Icheri Sheher) has preserved much of its 12th-century defensive walls. The 12th-century Maiden Tower (Giz Galasy) is built over earlier structures dating from the 7th to 6th centuries BC, and the 15th-century Shirvanshahs' Palace is one of the pearls of Azerbaijan's architecture. ",4.6,70,3
Wellington,New Zealand,City Trip Nature Landscape Culture History Art Nightlife Party,"Charming harborside views, vibrant arts scene, and a cozy mix of urban buzz and nature create a welcoming, eclectic atmosphere.",4.2,67,3
Mount Etna,Italy,Natural Europe and North America Historic Landmark World Heritage," Mount Etna&nbsp;is an iconic site encompassing 19,237 uninhabited hectares on the highest part of Mount Etna, on the eastern coast of Sicily. Mount Etna is the highest Mediterranean island mountain and the most active stratovolcano in the world. The eruptive history of the volcano can be traced back 500,000 years and at least 2,700 years of this activity has been documented. The almost continuous eruptive activity of Mount Etna continues to influence volcanology, geophysics and other Earth science disciplines. The volcano also supports important terrestrial ecosystems including endemic flora and fauna and its activity makes it a natural laboratory for the study of ecological and biological processes. The diverse and accessible range of volcanic features such as summit craters, cinder cones, lava flows and the Valle de Bove depression have made the site a prime destination for research and education. ",4.6,71,1
Fray Bentos Industrial Landscape,Uruguay,Cultural Latin America and the Caribbean Historic Landmark World Heritage," Located on land projecting into the Uruguay River west of the town of Fray Bentos, the industrial complex was built following the development of a factory founded in 1859 to process meat produced on the vast prairies nearby. The site illustrates the whole process of meat sourcing, processing, packing and dispatching. It includes buildings and equipment of the Liebig Extract of Meat Company, which exported meat extract and corned-beef to the European market from 1865 and the Anglo Meat Packing Plant, which exported frozen meat from 1924. Through its physical location, industrial and residential buildings as well as social institutions, the site presents an illustration of the entire process of meat production on a global scale. ",5.0,68,2
Baekje Historic Areas,Republic of Korea,Cultural Asia and the Pacific Historic Landmark World Heritage," Located in the mountainous mid-western region of the Republic of Korea, this property comprises eight archaeological sites dating from 475 to 660 CE, including the Gongsanseong fortress and royal tombs at Songsan-ri related to the capital, Ungjin (present day Gongju), the Busosanseong Fortress and Gwanbuk-ri administrative buildings, the Jeongnimsa Temple, the royal tombs in Neungsan-ri and the Naseong city wall related to the capital, Sabi (now Buyeo), the royal palace at Wanggung-ri and the Mireuksa Temple in Iksan related to the secondary Sabi capital. Together, these sites represent the later period of the Baekje Kingdom – one of the three earliest kingdoms on the Korean peninsula (18 BCE to 660 CE) - during which time they were at the crossroads of considerable technological, religious (Buddhist), cultural and artistic exchanges between the ancient East Asian kingdoms in Korea, China and Japan. ",4.6,55,1
Malmö,Sweden,City Trip Culture History Art,"Charming canals, innovative architecture, and a laid-back vibe make it perfect for leisurely strolls and exploring vibrant cultural scenes.",4.4,96,3
Valletta,Malta,City Trip Culture History Art,Sun-drenched streets lined with baroque architecture and vibrant markets create a charming blend of history and lively Mediterranean spirit.,3.7,71,3
Ruins of Kilwa Kisiwani and Ruins of Songo Mnara,United Republic of Tanzania,Cultural Africa Historic Landmark World Heritage," The remains of two great East African ports admired by early European explorers are situated on two small islands near the coast. From the 13th to the 16th century, the merchants of Kilwa dealt in gold, silver, pearls, perfumes, Arabian crockery, Persian earthenware and Chinese porcelain; much of the trade in the Indian Ocean thus passed through their hands. ",4.8,59,1
Chengjiang Fossil Site,China,Natural Asia and the Pacific Historic Landmark World Heritage," A hilly 512&nbsp;ha site in Yunnan province, Chengjiang&rsquo;s fossils present the most complete record of an early Cambrian marine community with exceptionally preserved biota, displaying the anatomy of hard and soft tissues in a very wide variety of organisms, invertebrate and vertebrate. They record the early establishment of a complex marine ecosystem. The site documents at least sixteen phyla and a variety of enigmatic groups as well as about 196 species, presenting exceptional testimony to the rapid diversification of life on Earth 530&nbsp;million years ago, when almost all of today&rsquo;s major animal groups emerged. It opens a palaeobiological window of great significance to scholarship. ",4.7,71,3
Mistaken Point,Canada,Natural Europe and North America Historic Landmark World Heritage," This fossil site is located at the south-eastern tip of the island of Newfoundland, in eastern Canada. It consists of a narrow, 17 km-long strip of rugged coastal cliffs. Of deep marine origin, these cliffs date to the Ediacaran Period (580-560 million years ago), representing the oldest known assemblages of large fossils anywhere. These fossils illustrate a watershed in the history of life on earth: the appearance of large, biologically complex organisms, after almost three billion years of micro-dominated evolution.   ",4.7,89,1
"Cueva de las Manos, Río Pinturas",Argentina,Cultural Latin America and the Caribbean Historic Landmark World Heritage," The Cueva de las Manos, R&iacute;o Pinturas, contains an exceptional assemblage of cave art, executed between 13,000 and 9,500 years ago. It takes its name (Cave of the Hands) from the stencilled outlines of human hands in the cave, but there are also many depictions of animals, such as guanacos (Lama guanicoe ), still commonly found in the region, as well as hunting scenes. The people responsible for the paintings may have been the ancestors of the historic hunter-gatherer communities of Patagonia found by European settlers in the 19th century. ",4.9,68,2
Pilgrimage Church of Wies,Germany,Cultural Europe and North America Historic Landmark World Heritage," Miraculously preserved in the beautiful setting of an Alpine valley, the Church of Wies (1745&ndash;54), the work of architect Dominikus Zimmermann, is a masterpiece of Bavarian Rococo &ndash; exuberant, colourful and joyful. ",4.5,63,2
Gusuku Sites and Related Properties of the Kingdom of Ryukyu,Japan,Cultural Asia and the Pacific Historic Landmark World Heritage," Five hundred years of Ryukyuan history (12th-17th century) are represented by this group of sites and monuments. The ruins of the castles, on imposing elevated sites, are evidence for the social structure over much of that period, while the sacred sites provide mute testimony to the rare survival of an ancient form of religion into the modern age. The wide- ranging economic and cultural contacts of the Ryukyu Islands over that period gave rise to a unique culture. ",4.8,74,3
Van Nellefabriek,Netherlands,Cultural Europe and North America Historic Landmark World Heritage," Van Nellefabriek was designed and built in the 1920s on the banks of a canal in the Spaanse Polder industrial zone north-west of Rotterdam. The site is one of the icons of 20th-century industrial architecture, comprising a complex of factories, with fa&ccedil;ades consisting essentially of steel and glass, making large-scale use of the curtain wall principle. It was conceived as an &lsquo;ideal factory&rsquo;, open to the outside world, whose interior working spaces evolved according to need, and in which daylight was used to provide pleasant working conditions. It embodies the new kind of factory that became a symbol of the modernist and functionalist culture of the inter-war period and bears witness to the long commercial and industrial history of the Netherlands in the field of importation and processing of food products from tropical countries, and their industrial processing for marketing in Europe. ",4.7,74,2
Mozu-Furuichi Kofun Group: Mounded Tombs of Ancient Japan,Japan,Cultural Asia and the Pacific Historic Landmark World Heritage,"Located on a plateau above the Osaka Plain, this property includes 49 kofun (old mounds in Japanese). Burial mounds of various sizes, kofun can take the form of key holes, scallops, squares or circles. These tombs were for members of the elite, containing a range of funerary objects (such as weapons, armour and ornaments). They were decorated with clay figures, known as haniwa, which can take the form of cylinders or representations of houses, tools, weapons and human silhouettes. These kofun have been selected from a total of 160,000 in Japan and form the richest material representation of the Kofun period, from the 3rd to the 6th century CE. They demonstrate the differences in social classes of that period and reflect a highly sophisticated funerary system.",5.0,89,1
Saltaire,United Kingdom of Great Britain and Northern Ireland,Cultural Europe and North America Historic Landmark World Heritage," Saltaire, West Yorkshire, is a complete and well-preserved industrial village of the second half of the 19th century. Its textile mills, public buildings and workers' housing are built in a harmonious style of high architectural standards and the urban plan survives intact, giving a vivid impression of Victorian philanthropic paternalism. ",4.9,53,2
Gondwana Rainforests of Australia,Australia,Natural Asia and the Pacific Historic Landmark World Heritage," This site, comprising several protected areas, is situated predominantly along the Great Escarpment on Australia&rsquo;s east coast. The outstanding geological features displayed around shield volcanic craters and the high number of rare and threatened rainforest species are of international significance for science and conservation. ",4.5,81,1
Archaeological Site of Aigai (modern name Vergina),Greece,Cultural Europe and North America Historic Landmark World Heritage," The city of Aigai, the ancient first capital of the Kingdom of Macedonia, was discovered in the 19th century near Vergina, in northern Greece. The most important remains are the monumental palace, lavishly decorated with mosaics and painted stuccoes, and the burial ground with more than 300 tumuli, some of which date from the 11th century B.C. One of the royal tombs in the Great Tumulus is identified as that of Philip II, who conquered all the Greek cities, paving the way for his son Alexander and the expansion of the Hellenistic world. ",4.7,69,1
Yogyakarta,Indonesia,City Trip Nature Landscape Culture History Art,"A vibrant blend of traditional Javanese culture and modern energy, where bustling markets and ancient temples create a rich sensory tapestry.",3.8,71,1
Kujataa Greenland: Norse and Inuit Farming at the Edge of the Ice Cap,Denmark,Cultural Europe and North America Historic Landmark World Heritage," Kujataa is a subarctic farming landscape located in the southern region of Greenland. It bears witness to the cultural histories of the Norse farmer-hunters who started arriving from Iceland in the 10th century and of the Inuit hunters and Inuit farming communities that developed from the end of the 18th century. Despite their differences, the two cultures, European Norse and Inuit, created a cultural landscape based on farming, grazing and marine mammal hunting. The landscape represents the earliest introduction of farming to the Arctic, and the Norse expansion of settlement beyond Europe. ",4.7,83,1
Danube Delta,Romania,Natural Europe and North America Historic Landmark World Heritage," The waters of the Danube, which flow into the Black Sea, form the largest and best preserved of Europe's deltas. The Danube delta hosts over 300 species of birds as well as 45 freshwater fish species in its numerous lakes and marshes. ",4.9,91,3
Historic Centre of Prague,Czechia,Cultural Europe and North America Historic Landmark World Heritage," Built between the 11th and 18th centuries, the Old Town, the Lesser Town and the New Town speak of the great architectural and cultural influence enjoyed by this city since the Middle Ages. The many magnificent monuments, such as Hradcany Castle, St Vitus Cathedral, Charles Bridge and numerous churches and palaces, built mostly in the 14th century under the Holy Roman Emperor, Charles IV. ",4.6,88,3
Port Douglas,Australia,City Trip Nature Landscape Adventure Hiking Beach Sea Tropical,"Tropical breezes, lush rainforests, and the vibrant coral of the Great Barrier Reef create a serene paradise perfect for unwinding and adventure.",4.6,94,5
Bagan,Myanmar,Cultural Asia and the Pacific Historic Landmark World Heritage,"Lying on a bend of the Ayeyarwady River in the central plain of Myanmar, Bagan is a sacred landscape, featuring an exceptional range of Buddhist art and architecture. The site’s eight components include numerous temples, stupas, monasteries and places of pilgrimage, as well as archaeological remains, frescoes and sculptures. The property bears spectacular testimony to the peak of Bagan civilization (11th–13th centuries CE), when the site was the capital of a regional empire. This ensemble of monumental architecture reflects the strength of religious devotion of an early Buddhist empire.",5.0,58,3
Medieval City of Rhodes,Greece,Cultural Europe and North America Historic Landmark World Heritage," The Order of St John of Jerusalem occupied Rhodes from 1309 to 1523 and set about transforming the city into a stronghold. It subsequently came under Turkish and Italian rule. With the Palace of the Grand Masters, the Great Hospital and the Street of the Knights, the Upper Town is one of the most beautiful urban ensembles of the Gothic period. In the Lower Town, Gothic architecture coexists with mosques, public baths and other buildings dating from the Ottoman period. ",5.0,89,1
Vancouver Island,Canada,City Trip Nature Landscape Adventure Hiking Beach Sea Tropical,"Lush rainforests, rugged coastlines, and charming towns create an inviting atmosphere, perfect for outdoor adventures and tranquil moments by the sea.",4.4,91,3
Punta del Este,Uruguay,City Trip Beach Sea Tropical Nightlife Party,"Golden beaches meet vibrant nightlife, creating a lively yet laid-back atmosphere where ocean breezes, art, and music fill the air.",4.8,92,3
Ladakh,India,City Trip Nature Landscape Culture History Art Adventure Hiking,"Rugged landscapes with towering mountains and serene monasteries create a tranquil yet awe-inspiring atmosphere, perfect for those seeking adventure and peace.",4.0,62,1
Historic Centre of Naples,Italy,Cultural Europe and North America Historic Landmark World Heritage," From the Neapolis founded by Greek settlers in 470 B.C. to the city of today, Naples has retained the imprint of the successive cultures that emerged in Europe and the Mediterranean basin. This makes it a unique site, with a wealth of outstanding monuments such as the Church of Santa Chiara and the Castel Nuovo. ",4.7,59,1
Chief Roi Mata’s Domain,Vanuatu,Cultural Asia and the Pacific Historic Landmark World Heritage," Chief Roi Mata’s Domain is the first site to be inscribed in Vanuatu. It consists of three early 17th century AD sites on the islands of Efate, Lelepa and Artok associated with the life and death of the last paramount chief, or Roi Mata, of what is now Central Vanuatu. The property includes Roi Mata’s residence, the site of his death and Roi Mata’s mass burial site. It is closely associated with the oral traditions surrounding the chief and the moral values he espoused. The site reflects the convergence between oral tradition and archaeology and bears witness to the persistence of Roi Mata’s social reforms and conflict resolution, still relevant to the people of the region. ",4.9,58,1
Charlotte,United States,City Trip,"Bustling streets lined with towering trees, vibrant arts scenes, and a warm Southern hospitality create a welcoming and lively atmosphere.",4.2,83,3
Historic City of Ahmadabad,India,Cultural Asia and the Pacific Historic Landmark World Heritage," The walled city of Ahmadabad, founded by Sultan Ahmad Shah in the 15th century, on the eastern bank of the Sabarmati river, presents a rich architectural heritage from the sultanate period, notably the Bhadra citadel, the walls and gates of the Fort city and numerous mosques and tombs as well as important Hindu and Jain temples of later periods. The urban fabric is made up of densely-packed traditional houses (pols) in gated traditional streets (puras) with characteristic features such as bird feeders, public wells and religious institutions. The city continued to flourish as the capital of the State of Gujarat for six centuries, up to the present. 
",4.8,52,2
Charleston,United States,City Trip Culture History Art,"Charming cobblestone streets lined with historic homes, the scent of saltwater in the air, and a welcoming Southern hospitality create a warm atmosphere.",4.5,64,3
Taj Mahal,India,Cultural Asia and the Pacific Historic Landmark World Heritage," An immense mausoleum of white marble, built in Agra between 1631 and 1648 by order of the Mughal emperor Shah Jahan in memory of his favourite wife, the Taj Mahal is the jewel of Muslim art in India and one of the universally admired masterpieces of the world's heritage. ",4.5,73,3
Archaeological Site of Atapuerca,Spain,Cultural Europe and North America Historic Landmark World Heritage," The caves of the Sierra de Atapuerca contain a rich fossil record of the earliest human beings in Europe, from nearly one million years ago and extending up to the Common Era. They represent an exceptional reserve of data, the scientific study of which provides priceless information about the appearance and the way of life of these remote human ancestors. ",4.8,55,2
Historic Centre of Puebla,Mexico,Cultural Latin America and the Caribbean Historic Landmark World Heritage," Puebla, which was founded ex nihilo in 1531, is situated about 100 km east of Mexico City, at the foot of the Popocatepetl volcano. It has preserved its great religious structures such as the 16th&ndash;17th-century cathedral and fine buildings like the old archbishop's palace, as well as a host of houses with walls covered in tiles (azulejos). The new aesthetic concepts resulting from the fusion of European and American styles were adopted locally and are peculiar to the Baroque district of Puebla. ",4.6,61,2
Tsingy de Bemaraha Strict Nature Reserve,Madagascar,Natural Africa Historic Landmark World Heritage," Tsingy de Bemaraha Strict Nature Reserve comprises karstic landscapes and limestone uplands cut into impressive 'tsingy' peaks and a 'forest' of limestone needles, the spectacular canyon of the Manambolo river, rolling hills and high peaks. The undisturbed forests, lakes and mangrove swamps are the habitat for rare and endangered lemurs and birds. ",4.8,52,3
Al-Hijr Archaeological Site (Madâin Sâlih),Saudi Arabia,Cultural Arab States Historic Landmark World Heritage," The Archaeological Site of Al-Hijr (Madâin Sâlih) is the first World Heritage property to be inscribed in Saudi Arabia. Formerly known as Hegra it is the largest conserved site of the civilization of the Nabataeans south of Petra in Jordan. It features well-preserved monumental tombs with decorated facades dating from the 1st century BC to the 1st century AD. The site also features some 50 inscriptions of the pre-Nabataean period and some cave drawings. Al-Hijr bears a unique testimony to Nabataean civilization. With its 111 monumental tombs, 94 of which are decorated, and water wells, the site is an outstanding example of the Nabataeans’ architectural accomplishment and hydraulic expertise. ",4.9,77,3
Dushanbe,Tajikistan,City Trip Nature Landscape Adventure Hiking,"Tree-lined avenues and Soviet-era architecture blend with bustling bazaars, creating a unique atmosphere where tradition and modernity coexist harmoniously.",3.6,67,1
Archaeological Site of Olympia,Greece,Cultural Europe and North America Historic Landmark World Heritage," The site of Olympia, in a valley in the Peloponnesus, has been inhabited since prehistoric times. In the 10th century B.C., Olympia became a centre for the worship of Zeus. The Altis &ndash; the sanctuary to the gods &ndash; has one of the highest concentrations of masterpieces from the ancient Greek world. In addition to temples, there are the remains of all the sports structures erected for the Olympic Games, which were held in Olympia every four years beginning in 776 B.C. ",4.9,63,2
"Qhapaq Ñan, Andean Road System","Argentina,Bolivia (Plurinational State of),Chile,Colombia,Ecuador,Peru",Cultural Latin America and the Caribbean Historic Landmark World Heritage," This site is an extensive Inca communication, trade and defence network of roads covering 30,000 km. Constructed by the Incas over several centuries and partly based on pre-Inca infrastructure, this extraordinary network through one of the world’s most extreme geographical terrains linked the snow-capped peaks of the Andes – at an altitude of more than 6,000 m – to the coast, running through hot rainforests, fertile valleys and absolute deserts. It reached its maximum expansion in the 15th century, when it spread across the length and breadth of the Andes. The Qhapac Ñan, Andean Road System includes 273 component sites spread over more than 6,000 km that were selected to highlight the social, political, architectural and engineering achievements of the network, along with its associated infrastructure for trade, accommodation and storage, as well as sites of religious significance. 
   ",4.6,75,1
iSimangaliso Wetland Park,South Africa,Natural Africa Historic Landmark World Heritage," The ongoing fluvial, marine and aeolian processes in the site have produced a variety of landforms, including coral reefs, long sandy beaches, coastal dunes, lake systems, swamps, and extensive reed and papyrus wetlands. The interplay of the park's environmental heterogeneity with major floods and coastal storms and a transitional geographic location between subtropical and tropical Africa has resulted in exceptional species diversity and ongoing speciation. The mosaic of landforms and habitat types creates breathtaking scenic vistas. The site contains critical habitats for a range of species from Africa's marine, wetland and savannah environments. ",4.6,73,3
Gros Morne National Park,Canada,Natural Europe and North America Historic Landmark World Heritage," Situated on the west coast of the island of Newfoundland, the park provides a rare example of the process of continental drift, where deep ocean crust and the rocks of the earth's mantle lie exposed. More recent glacial action has resulted in some spectacular scenery, with coastal lowland, alpine plateau, fjords, glacial valleys, sheer cliffs, waterfalls and many pristine lakes. ",4.8,63,1
Basseterre,Saint Kitts and Nevis,City Trip Nature Landscape Beach Sea Tropical,"Lush landscapes and vibrant markets create a lively yet laid-back atmosphere, where the rhythm of island life feels both invigorating and soothing.",4.9,99,3
Residence of Bukovinian and Dalmatian Metropolitans,Ukraine,Cultural Europe and North America Historic Landmark World Heritage," The Residence of Bukovinian and Dalmatian Metropolitans represents a masterful synergy of architectural styles built by Czech architect Josef Hlavka from 1864 to 1882. The property, an outstanding example of 19th-century historicist architecture, also includes a seminary and monastery and is dominated by the domed, cruciform Seminary Church with a garden and park. The complex expresses architectural and cultural influences from the Byzantine period onward and embodies the powerful presence of the Orthodox Church during Habsburg rule, reflecting the Austro-Hungarian Empire policy of religious tolerance. ",4.5,65,2
"Lumbini, the Birthplace of the Lord Buddha",Nepal,Cultural Asia and the Pacific Historic Landmark World Heritage," Siddhartha Gautama, the Lord Buddha, was born in 623 B.C. in the famous gardens of Lumbini, which soon became a place of pilgrimage. Among the pilgrims was the Indian emperor Ashoka, who erected one of his commemorative pillars there. The site is now being developed as a Buddhist pilgrimage centre, where the archaeological remains associated with the birth of the Lord Buddha form a central feature. ",4.9,58,2
Gothenburg,Sweden,City Trip Nature Landscape Culture History Art,"A charming city with picturesque canals, lush parks, and a vibrant cultural scene, making every stroll feel both refreshing and inspiring.",3.7,84,3
City of Potosí,Bolivia (Plurinational State of),Cultural Latin America and the Caribbean Historic Landmark World Heritage," In the 16th century, this area was regarded as the world&rsquo;s largest industrial complex. The extraction of silver ore relied on a series of hydraulic mills. The site consists of the industrial monuments of the Cerro Rico, where water is provided by an intricate system of aqueducts and artificial lakes; the colonial town with the Casa de la Moneda; the Church of San Lorenzo; several patrician houses; and the barrios mitayos, the areas where the workers lived. ",4.6,82,1
Baños,Ecuador,City Trip Nature Landscape Adventure Hiking,"Lush green mountains, steaming thermal pools, and the thrill of adventure sports create an exhilarating yet serene escape in this enchanting town.",3.9,81,1
Parthian Fortresses of Nisa,Turkmenistan,Cultural Asia and the Pacific Historic Landmark World Heritage," The Parthian Fortresses of Nisa consist of two tells of Old and New Nisa, indicating the site of one of the earliest and most important cities of the Parthian Empire, a major power from the mid 3rd century BC to the 3rd century AD. They conserve the unexcavated remains of an ancient civilization which skilfully combined its own traditional cultural elements with those of the Hellenistic and Roman west. Archaeological excavations in two parts of the site have revealed richly decorated architecture, illustrative of domestic, state and religious functions. Situated at the crossroads of important commercial and strategic axes, this powerful empire formed a barrier to Roman expansion while serving as an important communication and trading centre between east and west, north and south. ",4.9,89,2
Pont du Gard (Roman Aqueduct),France,Cultural Europe and North America Historic Landmark World Heritage,"The Pont du Gard was built shortly before the Christian era to allow the aqueduct of Nîmes (which is almost 50 km long) to cross the Gard river. The Roman architects and hydraulic engineers who designed this bridge, which stands almost 50 m high and is on three levels – the longest measuring 275 m – created a technical as well as an artistic masterpiece.",4.9,74,2
Ohrid,North Macedonia,City Trip Nature Landscape Culture History Art,"Charming lakeside views, ancient cobblestone streets, and the scent of fresh coffee create a peaceful yet vibrant atmosphere perfect for unwinding.",4.5,88,1
Hierapolis-Pamukkale,Turkey,Mixed Europe and North America Historic Landmark World Heritage," Deriving from springs in a cliff almost 200 m high overlooking the plain, calcite-laden waters have created at Pamukkale (Cotton Palace) an unreal landscape, made up of mineral forests, petrified waterfalls and a series of terraced basins. At the end of the 2nd century B.C. the dynasty of the Attalids, the kings of Pergamon, established the thermal spa of Hierapolis. The ruins of the baths, temples and other Greek monuments can be seen at the site. ",5.0,66,3
City of Verona,Italy,Cultural Europe and North America Historic Landmark World Heritage," The historic city of Verona was founded in the 1st century B.C. It particularly flourished under the rule of the Scaliger family in the 13th and 14th centuries and as part of the Republic of Venice from the 15th to 18th centuries. Verona has preserved a remarkable number of monuments from antiquity, the medieval and Renaissance periods, and represents an outstanding example of a military stronghold. ",4.8,87,3
"18th-Century Royal Palace at Caserta with the Park, the Aqueduct of Vanvitelli, and the San Leucio Complex",Italy,Cultural Europe and North America Historic Landmark World Heritage," The monumental complex at Caserta, created by the Bourbon king Charles III in the mid-18th century to rival Versailles and the Royal Palace in Madrid, is exceptional for the way in which it brings together a magnificent palace with its park and gardens, as well as natural woodland, hunting lodges and a silk factory. It is an eloquent expression of the Enlightenment in material form, integrated into, rather than imposed on, its natural setting. ",4.8,92,3
Medieval Town of Toruń,Poland,Cultural Europe and North America Historic Landmark World Heritage," Torun owes its origins to the Teutonic Order, which built a castle there in the mid-13th century as a base for the conquest and evangelization of Prussia. It soon developed a commercial role as part of the Hanseatic League. In the Old and New Town, the many imposing public and private buildings from the 14th and 15th centuries (among them the house of Copernicus) are striking evidence of Torun's importance. ",4.9,62,3
Church and Dominican Convent of Santa Maria delle Grazie with “The Last Supper” by Leonardo da Vinci,Italy,Cultural Europe and North America Historic Landmark World Heritage," The refectory of the Convent of Santa Maria delle Grazie forms an integral part of this architectural complex, begun in Milan in 1463 and reworked at the end of the 15th century by Bramante. On the north wall is The Last Supper, the unrivalled masterpiece painted between 1495 and 1497 by Leonardo da Vinci, whose work was to herald a new era in the history of art. ",4.8,77,2
Sucre,Bolivia,City Trip Culture History Art,"Whitewashed colonial buildings, vibrant plazas, and a laid-back atmosphere invite you to wander cobblestone streets and soak in the rich history.",4.5,83,1
Macquarie Island,Australia,Natural Asia and the Pacific Historic Landmark World Heritage," Macquarie Island (34 km long x 5 km wide) is an oceanic island in the Southern Ocean, lying 1,500 km south-east of Tasmania and approximately halfway between Australia and the Antarctic continent. The island is the exposed crest of the undersea Macquarie Ridge, raised to its present position where the Indo-Australian tectonic plate meets the Pacific plate. It is a site of major geoconservation significance, being the only place on earth where rocks from the earth’s mantle (6 km below the ocean floor) are being actively exposed above sea-level. These unique exposures include excellent examples of pillow basalts and other extrusive rocks. ",4.5,90,1
Cancun,Mexico,City Trip Adventure Hiking Beach Sea Tropical Nightlife Party,"Powdery white sand beaches, turquoise waters, and lively nightlife create a vibrant atmosphere perfect for both relaxation and adventure.",4.0,67,3
Asante Traditional Buildings,Ghana,Cultural Africa Historic Landmark World Heritage," To the north-east of Kumasi, these are the last material remains of the great Asante civilization, which reached its high point in the 18th century. Since the dwellings are made of earth, wood and straw, they are vulnerable to the onslaught of time and weather. ",4.7,76,3
Siwa Oasis,Egypt,City Trip Nature Landscape Culture History Art,"Wandering through sun-drenched palm groves and ancient ruins, you feel the timeless tranquility and unique charm of this remote desert haven.",3.6,93,1
"Levoča, Spišský Hrad and the Associated Cultural Monuments",Slovakia,Cultural Europe and North America Historic Landmark World Heritage," Spi&scaron;sk&yacute; Hrad has one of the largest ensembles of 13th and 14th century military, political and religious buildings in eastern Europe, and its Romanesque and Gothic architecture has remained remarkably intact. 
 The extended site features the addition of the historic town-centre of Levoča founded in the 13th and 14th centuries within fortifications. Most of the site has been preserved and it includes the 14th century church of St James with its ten alters of the 15th and 16th centuries, a remarkable collection of polychrome works in the Late Gothic style, including an 18.6 metre high alterpiece by completed around 1510 by Master Paul. ",4.7,76,2
Aswan,Egypt,City Trip Nature Landscape Culture History Art,"Tranquil river views and ancient temples offer a serene escape, with warm breezes and the gentle flow of the Nile setting the pace.",4.5,69,1
Historic Centre of Morelia,Mexico,Cultural Latin America and the Caribbean Historic Landmark World Heritage," Built in the 16th century, Morelia is an outstanding example of urban planning which combines the ideas of the Spanish Renaissance with the Mesoamerican experience. Well-adapted to the slopes of the hill site, its streets still follow the original layout. More than 200 historic buildings, all in the region's characteristic pink stone, reflect the town's architectural history, revealing a masterly and eclectic blend of the medieval spirit with Renaissance, Baroque and neoclassical elements. Morelia was the birthplace of several important personalities of independent Mexico and has played a major role in the country's history. ",4.7,70,1
Þingvellir National Park,Iceland,Cultural Europe and North America Historic Landmark World Heritage," Þingvellir (Thingvellir) is the National Park where the Althing, an open-air assembly representing the whole of Iceland, was established in 930 and continued to meet until 1798. Over two weeks a year, the assembly set laws - seen as a covenant between free men - and settled disputes. The Althing has deep historical and symbolic associations for the people of Iceland. The property includes the Þingvellir National Park and the remains of the Althing itself: fragments of around 50 booths built from turf and stone. Remains from the 10th century are thought to be buried underground. The site also includes remains of agricultural use from the 18th and 19th centuries. The park shows evidence of the way the landscape was husbanded over 1,000 years. ",5.0,53,3
Florianópolis,Brazil,City Trip Nature Landscape Adventure Hiking Beach Sea Tropical Nightlife Party,"A blend of vibrant beaches, lush greenery, and lively markets creates a laid-back yet energetic vibe perfect for unwinding and exploring.",4.9,93,3
Yamoussoukro,Ivory Coast,City Trip Culture History Art,"Wide avenues lined with palm trees lead to the awe-inspiring basilica, while the tranquil surroundings invite a leisurely exploration of local culture.",3.9,94,1
Historical Centre of the City of Arequipa,Peru,Cultural Latin America and the Caribbean Historic Landmark World Heritage," The historic centre of Arequipa, built in volcanic sillar rock, represents an integration of European and native building techniques and characteristics, expressed in the admirable work of colonial masters and Criollo and Indian masons. This combination of influences is illustrated by the city's robust walls, archways and vaults, courtyards and open spaces, and the intricate Baroque decoration of its facades. ",4.5,55,1
Historic Fortified City of Carcassonne,France,Cultural Europe and North America Historic Landmark World Heritage," Since the pre-Roman period, a fortified settlement has existed on the hill where Carcassonne now stands. In its present form it is an outstanding example of a medieval fortified town, with its massive defences encircling the castle and the surrounding buildings, its streets and its fine Gothic cathedral. Carcassonne is also of exceptional importance because of the lengthy restoration campaign undertaken by Viollet-le-Duc, one of the founders of the modern science of conservation. ",4.7,60,1
Sanctuary of Bom Jesus do Monte in Braga,Portugal,Cultural Europe and North America Historic Landmark World Heritage," The site, a cultural landscape located on the slopes of Mount Espinho, overlooking the city of Braga in the north of Portugal, evokes Christian Jerusalem, recreating a sacred mount crowned with a church. The sanctuary was developed over a period of more than 600 years, primarily in a Baroque style, and illustrates a European tradition of creating Sacri Monti (sacred mountains), promoted by the Catholic Church at the Council of Trent in the 16th century, in reaction to the Protestant Reformation. The Bom Jesus ensemble is centred on a Via Crucis that leads up the western slope of the mount. It includes a series of chapels that house sculptures evoking the Passion of Christ, as well as fountains, allegorical sculptures and formal gardens. The Via Crucis culminates at the church, which was built between 1784 and 1811. The granite buildings have whitewashed plaster façades, framed by exposed stonework. The celebrated Stairway of the Five Senses, with its walls, steps, fountains, statues and other ornamental elements, is the most emblematic Baroque work within the property. ",4.7,75,1
Vatnajökull National Park - dynamic nature of fire and ice,Iceland,Natural Europe and North America Historic Landmark World Heritage,"This iconic volcanic region covers an area of over 1,400,000 ha, nearly 14% of Iceland's territory. It numbers ten central volcanoes, eight of which are subglacial. Two of these are among the most active in Iceland. The interaction between volcanoes and the rifts that underlie the Vatnajökull ice cap takes many forms, the most spectacular of which is the jökulhlaup – a sudden flood caused by the breach of the margin of a glacier during an eruption. This recurrent phenomenon has led to the emergence of unique sandur plains, river systems and rapidly evolving canyons. Volcanic areas are home to endemic groundwater fauna that has survived the Ice Age.",4.6,75,1
Archaeological Monuments Zone of Xochicalco,Mexico,Cultural Latin America and the Caribbean Historic Landmark World Heritage," Xochicalco is an exceptionally well-preserved example of a fortified political, religious and commercial centre from the troubled period of 650&ndash;900 that followed the break-up of the great Mesoamerican states such as Teotihuacan, Monte Alb&aacute;n, Palenque and Tikal. ",4.9,68,1
Urban Historic Centre of Cienfuegos ,Cuba,Cultural Latin America and the Caribbean Historic Landmark World Heritage," The colonial town of Cienfuegos was founded in 1819 in the Spanish territory but was initially settled by immigrants of French origin. It became a trading place for sugar cane, tobacco and coffee. Situated on the Caribbean coast of southern-central Cuba at the heart of the country’s sugar cane, mango, tobacco and coffee production area, the town first developed in the neoclassical style. It later became more eclectic but retained a harmonious overall townscape. Among buildings of particular interest are the Government Palace (City Hall), San Lorenzo School, the Bishopric, the Ferrer Palace, the former lyceum, and some residential houses. Cienfuegos is the first, and an outstanding example of an architectural ensemble representing the new ideas of modernity, hygiene and order in urban planning as developed in Latin America from the 19th century. ",4.8,81,1
Castles and Town Walls of King Edward in Gwynedd,United Kingdom of Great Britain and Northern Ireland,Cultural Europe and North America Historic Landmark World Heritage," The castles of Beaumaris and Harlech (largely the work of the greatest military engineer of the time, James of St George) and the fortified complexes of Caernarfon and Conwy are located in the former principality of Gwynedd, in north Wales. These extremely well-preserved monuments are examples of the colonization and defence works carried out throughout the reign of Edward I (1272&ndash;1307) and the military architecture of the time. ",4.8,75,2
Boyana Church,Bulgaria,Cultural Europe and North America Historic Landmark World Heritage," Located on the outskirts of Sofia, Boyana Church consists of three buildings. The eastern church was built in the 10th century, then enlarged at the beginning of the 13th century by Sebastocrator Kaloyan, who ordered a second two storey building to be erected next to it. The frescoes in this second church, painted in 1259, make it one of the most important collections of medieval paintings. The ensemble is completed by a third church, built at the beginning of the 19th century. This site is one of the most complete and perfectly preserved monuments of east European medieval art. ",4.7,78,1
Al Zubarah Archaeological Site,Qatar,Cultural Arab States Historic Landmark World Heritage," The walled coastal town of Al Zubarah in the Persian Gulf flourished as a pearling and trading centre in the late 18th century and early 19th centuries, before it was destroyed in 1811 and abandoned in the early 1900s. Founded by merchants from Kuwait, Al Zubarah had trading links across the Indian Ocean, Arabia and Western Asia. A layer of sand blown from the desert has protected the remains of the site’s palaces, mosques, streets, courtyard houses, and fishermen’s huts; its harbour and double defensive walls, a canal, walls, and cemeteries. Excavation has only taken place over a small part of the site, which offers an outstanding testimony to an urban trading and pearl-diving tradition which sustained the region’s major coastal towns and led to the development of small independent states that flourished outside the control of the Ottoman, European, and Persian empires and eventually led to the emergence of modern day Gulf States. ",4.9,53,3
China Danxia,China,Natural Asia and the Pacific Historic Landmark World Heritage," China Danxia is the name given in China to landscapes developed on continental red terrigenous sedimentary beds influenced by endogenous forces (including uplift) and exogenous forces (including weathering and erosion). The inscribed site comprises six areas found in the sub-tropical zone of south-west China. They are characterized by spectacular red cliffs and a range of erosional landforms, including dramatic natural pillars, towers, ravines, valleys and waterfalls. These rugged landscapes have helped to conserve sub-tropical broad-leaved evergreen forests, and host many species of flora and fauna, about 400 of which are considered rare or threatened. ",4.7,85,1
Banff,Canada,City Trip Nature Landscape Adventure Hiking,"Majestic mountains, crystal-clear lakes, and fresh alpine air create a breathtakingly serene atmosphere, perfect for nature lovers and adventure seekers alike.",4.6,78,5
Arequipa,Peru,City Trip Nature Landscape Culture History Art,Charming colonial architecture and vibrant plazas set against a backdrop of volcanic peaks create a captivating blend of history and natural beauty.,4.4,97,1
Kinabalu Park,Malaysia,Natural Asia and the Pacific Historic Landmark World Heritage," Kinabalu Park, in the State of Sabah on the northern end of the island of Borneo, is dominated by Mount Kinabalu (4,095 m), the highest mountain between the Himalayas and New Guinea. It has a very wide range of habitats, from rich tropical lowland and hill rainforest to tropical mountain forest, sub-alpine forest and scrub on the higher elevations. It has been designated as a Centre of Plant Diversity for Southeast Asia and is exceptionally rich in species with examples of flora from the Himalayas, China, Australia, Malaysia, as well as pan-tropical flora. ",4.6,80,3
Ancient City of Ping Yao,China,Cultural Asia and the Pacific Historic Landmark World Heritage," Ping Yao is an exceptionally well-preserved example of a traditional Han Chinese city, founded in the 14th century. Its urban fabric shows the evolution of architectural styles and town planning in Imperial China over five centuries. Of special interest are the imposing buildings associated with banking, for which Ping Yao was the major centre for the whole of China in the 19th and early 20th centuries. ",4.8,66,2
Ancient City of Nessebar,Bulgaria,Cultural Europe and North America Historic Landmark World Heritage," Situated on a rocky peninsula on the Black Sea, the more than 3,000-year-old site of Nessebar was originally a Thracian settlement (Menebria). At the beginning of the 6th century BC, the city became a Greek colony. The city&rsquo;s remains, which date mostly from the Hellenistic period, include the acropolis, a temple of Apollo, an agora and a wall from the Thracian fortifications. Among other monuments, the Stara Mitropolia Basilica and the fortress date from the Middle Ages, when this was one of the most important Byzantine towns on the west coast of the Black Sea. Wooden houses built in the 19th century are typical of the Black Sea architecture of the period. ",4.5,94,2
Durham Castle and Cathedral,United Kingdom of Great Britain and Northern Ireland,Cultural Europe and North America Historic Landmark World Heritage," Durham Cathedral was built in the late 11th and early 12th centuries to house the relics of St Cuthbert (evangelizer of Northumbria) and the Venerable Bede. It attests to the importance of the early Benedictine monastic community and is the largest and finest example of Norman architecture in England. The innovative audacity of its vaulting foreshadowed Gothic architecture. Behind the cathedral stands the castle, an ancient Norman fortress which was the residence of the prince-bishops of Durham. ",4.6,85,3
Historic Walled Town of Cuenca,Spain,Cultural Europe and North America Historic Landmark World Heritage," Built by the Moors in a defensive position at the heart of the Caliphate of Cordoba, Cuenca is an unusually well-preserved medieval fortified city. Conquered by the Castilians in the 12th century, it became a royal town and bishopric endowed with important buildings, such as Spain's first Gothic cathedral, and the famous casas colgadas (hanging houses), suspended from sheer cliffs overlooking the Huécar river. Taking full advantage of its location, the city towers above the magnificent countryside. ",5.0,55,1
<I>Sacri Monti</I> of Piedmont and Lombardy,Italy,Cultural Europe and North America Historic Landmark World Heritage," The nine Sacri Monti (Sacred Mountains) of northern Italy are groups of chapels and other architectural features created in the late 16th and 17th centuries and dedicated to different aspects of the Christian faith. In addition to their symbolic spiritual meaning, they are of great beauty by virtue of the skill with which they have been integrated into the surrounding natural landscape of hills, forests and lakes. They also house much important artistic material in the form of wall paintings and statuary. ",4.8,82,2
Buenos Aires,Argentina,City Trip Culture History Art Nightlife Party,"Lively streets filled with tango rhythms, vibrant markets, and historic architecture create an irresistible blend of culture and energy.",4.2,93,3
City of Luxembourg: its Old Quarters and Fortifications,Luxembourg,Cultural Europe and North America Historic Landmark World Heritage," Because of its strategic position, Luxembourg was, from the 16th century until 1867, when its walls were dismantled, one of Europe's greatest fortified sites. It was repeatedly reinforced as it passed from one great European power to another: the Holy Roman Emperors, the House of Burgundy, the Habsburgs, the French and Spanish kings, and finally the Prussians. Until their partial demolition, the fortifications were a fine example of military architecture spanning several centuries. ",4.9,80,2
Hatra,Iraq,Cultural Arab States Historic Landmark World Heritage," A large fortified city under the influence of the Parthian Empire and capital of the first Arab Kingdom, Hatra withstood invasions by the Romans in A.D. 116 and 198 thanks to its high, thick walls reinforced by towers. The remains of the city, especially the temples where Hellenistic and Roman architecture blend with Eastern decorative features, attest to the greatness of its civilization. ",4.6,60,3
Itsukushima Shinto Shrine,Japan,Cultural Asia and the Pacific Historic Landmark World Heritage," The island of Itsukushima, in the Seto inland sea, has been a holy place of Shintoism since the earliest times. The first shrine buildings here were probably erected in the 6th century. The present shrine dates from the 12th century and the harmoniously arranged buildings reveal great artistic and technical skill. The shrine plays on the contrasts in colour and form between mountains and sea and illustrates the Japanese concept of scenic beauty, which combines nature and human creativity. ",4.6,72,1
Mehmed Paša Sokolović Bridge in Višegrad,Bosnia and Herzegovina,Cultural Europe and North America Historic Landmark World Heritage," The Mehmed Pa&scaron;a Sokolović Bridge of Vi&scaron;egrad across the Drina River in the east of Bosnia and Herzegovina was built at the end of the 16th century by the court architect Mimar Koca Sinan on the orders of Grand Vizier Mehmed Pa&scaron;a Sokolović. Characteristic of the apogee of Ottoman monumental architecture and civil engineering, the bridge has 11 masonry arches with spans of 11 m to 15 m, and an access ramp at right angles with four arches on the left bank of the river. The 179.5 m long bridge is a representative masterpiece of Sinan, one of the greatest architects and engineers of the classical Ottoman period and a contemporary of the Italian Renaissance, with which his work may be compared. The unique elegance of proportion and monumental nobility of the whole site bear witness to the greatness of this style of architecture. ",5.0,61,2
Dublin,Ireland,City Trip Culture History Art Nightlife Party,"Charming cobblestone streets, lively pubs filled with music, and a rich tapestry of history create a welcoming and vibrant atmosphere.",4.3,73,3
Historic Centre of Agadez,Niger,Cultural Africa Historic Landmark World Heritage," Known as the gateway to the desert, Agadez, on the southern edge of the Sahara desert, developed in the 15th&nbsp;and 16th&nbsp;centuries when the Sultanate of A&iuml;r was established&nbsp; and Touareg tribes were sedentarized in the city, respecting the boundaries of old encampments, which gave rise to a street pattern still in place today. The historic centre of the city, an important crossroads of the caravan trade, is divided into 11 quarters with irregular shapes. They contain numerous earthen dwellings and a well-preserved group of palatial and religious buildings including a 27m high&nbsp; minaret made entirely of mud brick, the highest such structure in the world.&nbsp; The site is marked by ancestral cultural, commercial and handicraft traditions still practiced today and presents exceptional and sophisticated examples of earthen architecture. ",4.6,92,2
Ajanta Caves,India,Cultural Asia and the Pacific Historic Landmark World Heritage," The first Buddhist cave monuments at Ajanta date from the 2nd and 1st centuries B.C. During the Gupta period (5th and 6th centuries A.D.), many more richly decorated caves were added to the original group. The paintings and sculptures of Ajanta, considered masterpieces of Buddhist religious art, have had a considerable artistic influence. ",4.5,71,2
Medina of Tétouan (formerly known as Titawin),Morocco,Cultural Arab States Historic Landmark World Heritage," T&eacute;touan was of particular importance in the Islamic period, from the 8th century onwards, since it served as the main point of contact between Morocco and Andalusia. After the Reconquest, the town was rebuilt by Andalusian refugees who had been expelled by the Spanish. This is well illustrated by its art and architecture, which reveal clear Andalusian influence. Although one of the smallest of the Moroccan medinas, T&eacute;touan is unquestionably the most complete and it has been largely untouched by subsequent outside influences. ",4.8,73,3
Archaeological Site of Carthage,Tunisia,Cultural Arab States Historic Landmark World Heritage," Carthage was founded in the 9th century B.C. on the Gulf of Tunis. From the 6th century onwards, it developed into a great trading empire covering much of the Mediterranean and was home to a brilliant civilization. In the course of the long Punic wars, Carthage occupied territories belonging to Rome, which finally destroyed its rival in 146 B.C. A second &ndash; Roman &ndash; Carthage was then established on the ruins of the first. ",4.6,85,2
Sanctuary of Bom Jesus do Congonhas,Brazil,Cultural Latin America and the Caribbean Historic Landmark World Heritage," This sanctuary in Minais Gerais, south of Belo Horizonte was built in the second half of the 18th century. It consists of a church with a magnificent Rococo interior of Italian inspiration; an outdoor stairway decorated with statues of the prophets; and seven chapels illustrating the Stations of the Cross, in which the polychrome sculptures by Aleijadinho are masterpieces of a highly original, moving, expressive form of Baroque art. ",4.5,54,3
Mont-Saint-Michel and its Bay,France,Cultural Europe and North America Historic Landmark World Heritage," Perched on a rocky islet in the midst of vast sandbanks exposed to powerful tides between Normandy and Brittany stand the 'Wonder of the West', a Gothic-style Benedictine abbey dedicated to the archangel St Michael, and the village that grew up in the shadow of its great walls. Built between the 11th and 16th centuries, the abbey is a technical and artistic tour de force, having had to adapt to the problems posed by this unique natural site. ",4.8,89,2
St Mary's Cathedral and St Michael's Church at Hildesheim,Germany,Cultural Europe and North America Historic Landmark World Heritage," St Michael's Church was built between 1010 and 1020 on a symmetrical plan with two apses that was characteristic of Ottonian Romanesque art in Old Saxony. Its interior, in particular the wooden ceiling and painted stucco-work, its famous bronze doors and the Bernward bronze column, are &ndash; together with the treasures of St Mary's Cathedral &ndash; of exceptional interest as examples of the Romanesque churches of the Holy Roman Empire. ",4.9,56,3
Antofagasta,Chile,City Trip Nature Landscape,"A coastal city where the desert meets the sea, offering dramatic landscapes, vibrant sunsets, and a unique blend of tranquility and adventure.",3.8,86,3
Austin,United States,City Trip Culture History Art Nightlife Party,"Live music spills from vibrant bars, food trucks serve up eclectic flavors, and the warm, welcoming vibe makes you feel instantly at home.",3.5,83,3
Murmansk,Russia,City Trip Nature Landscape,"Cold winds sweep across the Arctic landscape, where northern lights dance in the sky and the stark beauty of nature feels otherworldly.",3.8,95,3
Jesuit Missions of the Chiquitos,Bolivia (Plurinational State of),Cultural Latin America and the Caribbean Historic Landmark World Heritage," Between 1696 and 1760, six ensembles of reducciones (settlements of Christianized Indians) inspired by the &lsquo;ideal cities&rsquo; of the 16th-century philosophers were founded by the Jesuits in a style that married Catholic architecture with local traditions. The six that remain &ndash; San Francisco Javier, Concepci&oacute;n, Santa Ana, San Miguel, San Rafael and San Jos&eacute; &ndash; make up a living heritage on the former territory of the Chiquitos. ",5.0,71,3
Birka and Hovgården,Sweden,Cultural Europe and North America Historic Landmark World Heritage," The Birka archaeological site is located on Björkö Island in Lake Mälar and was occupied in the 9th and 10th centuries. Hovgården is situated on the neighbouring island of Adelsö. Together, they make up an archaeological complex which illustrates the elaborate trading networks of Viking-Age Europe and their influence on the subsequent history of Scandinavia. Birka was also important as the site of the first Christian congregation in Sweden, founded in 831 by St Ansgar. ",5.0,93,3
Engelsberg Ironworks,Sweden,Cultural Europe and North America Historic Landmark World Heritage, Sweden's production of superior grades of iron made it a leader in this field in the 17th and 18th centuries. This site is the best-preserved and most complete example of this type of Swedish ironworks. ,5.0,55,3
"Mines of Rammelsberg, Historic Town of Goslar and Upper Harz Water Management  System",Germany,Cultural Europe and North America Historic Landmark World Heritage," The Upper Harz mining water management system, which lies south of the Rammelsberg mines and the town of Goslar, has been developed over a period of some 800 years to assist in the process of extracting ore for the production of non-ferrous metals. Its construction was first undertaken in the Middle Ages by Cistercian monks, and it was then developed on a vast scale from the end of the 16th century until the 19th century. It is made up of an extremely complex but perfectly coherent system of artificial ponds, small channels, tunnels and underground drains. It enabled the development of water power for use in mining and metallurgical processes. It is a major site for mining innovation in the western world. ",4.7,75,3
Sacred City of Kandy,Sri Lanka,Cultural Asia and the Pacific Historic Landmark World Heritage," This sacred Buddhist site, popularly known as the city of Senkadagalapura, was the last capital of the Sinhala kings whose patronage enabled the Dinahala culture to flourish for more than 2,500 years until the occupation of Sri Lanka by the British in 1815. It is also the site of the Temple of the Tooth Relic (the sacred tooth of the Buddha), which is a famous pilgrimage site. ",4.7,73,2
Levuka Historical Port Town,Fiji,Cultural Asia and the Pacific Historic Landmark World Heritage," The town and its low line of buildings set among coconut and mango trees along the beach front was the first colonial capital of Fiji, ceded to the British in 1874. It developed from the early 19th century as a centre of commercial activity by Americans and Europeans who built warehouses, stores, port facilities, residences, and religious, educational and social institutions around the villages of the South Pacific island&rsquo;s indigenous population. It is a rare example of a late colonial port town that was influenced in its development by the indigenous community which continued to outnumber the European settlers. Thus the town, an outstanding example of late 19th century Pacific port settlements, reflects the integration of local building traditions by a supreme naval power, leading to the emergence of a unique landscape. ",5.0,75,1
"Botanical Garden (Orto Botanico), Padua",Italy,Cultural Europe and North America Historic Landmark World Heritage," The world's first botanical garden was created in Padua in 1545. It still preserves its original layout &ndash; a circular central plot, symbolizing the world, surrounded by a ring of water. Other elements were added later, some architectural (ornamental entrances and balustrades) and some practical (pumping installations and greenhouses). It continues to serve its original purpose as a centre for scientific research. ",4.5,79,1
"Canterbury Cathedral, St Augustine's Abbey, and St Martin's Church",United Kingdom of Great Britain and Northern Ireland,Cultural Europe and North America Historic Landmark World Heritage," Canterbury, in Kent, has been the seat of the spiritual head of the Church of England for nearly five centuries. Canterbury's other important monuments are the modest Church of St Martin, the oldest church in England; the ruins of the Abbey of St Augustine, a reminder of the saint's evangelizing role in the Heptarchy from 597; and Christ Church Cathedral, a breathtaking mixture of Romanesque and Perpendicular Gothic, where Archbishop Thomas Becket was murdered in 1170. ",4.9,60,1
Brussels,Belgium,City Trip Culture History Art,"Charming cobblestone streets, the scent of fresh waffles, and vibrant squares create an inviting atmosphere perfect for leisurely exploration.",4.9,71,3
"Bauhaus and its Sites in Weimar, Dessau and Bernau",Germany,Cultural Europe and North America Historic Landmark World Heritage," Between 1919 and 1933 the Bauhaus movement revolutionized architectural and aesthetic thinking and practice in the 20th century. The Bauhaus buildings in Weimar, Dessau and Bernau are fundamental representatives of Classical Modernism, directed towards a radical renewal of architecture and design. This property, which was inscribed on the World Heritage List in 1996, originally comprised buildings located in Weimar (Former Art School, the Applied Art School and the Haus Am Horn) and Dessau (Bauhaus Building, the group of seven Masters' Houses). The 2017 extension includes the Houses with Balcony Access in Dessau and the ADGB Trade Union School in Bernau as important contributions to the Bauhaus ideas of austere design, functionalism and social reform. ",4.5,65,3
Mining Area of the Great Copper Mountain in Falun,Sweden,Cultural Europe and North America Historic Landmark World Heritage," The enormous mining excavation known as the Great Pit at Falun is the most striking feature of a landscape that illustrates the activity of copper production in this region since at least the 13th century. The 17th-century planned town of Falun with its many fine historic buildings, together with the industrial and domestic remains of a number of settlements spread over a wide area of the Dalarna region, provide a vivid picture of what was for centuries one of the world's most important mining areas. ",4.8,71,1
Agricultural Landscape of Southern Öland,Sweden,Cultural Europe and North America Historic Landmark World Heritage," The southern part of the island of Öland in the Baltic Sea is dominated by a vast limestone plateau. Human beings have lived here for some five thousand years and adapted their way of life to the physical constraints of the island. As a consequence, the landscape is unique, with abundant evidence of continuous human settlement from prehistoric times to the present day. ",4.8,65,2
Nuwara Eliya,Sri Lanka,City Trip Nature Landscape,"Mist-covered hills and lush tea plantations create a cool, serene atmosphere, perfect for unwinding and soaking in nature's beauty.",4.7,91,1
Historic Centre of Évora,Portugal,Cultural Europe and North America Historic Landmark World Heritage," This museum-city, whose roots go back to Roman times, reached its golden age in the 15th century, when it became the residence of the Portuguese kings. Its unique quality stems from the whitewashed houses decorated with azulejos and wrought-iron balconies dating from the 16th to the 18th century. Its monuments had a profound influence on Portuguese architecture in Brazil. ",4.7,55,1
"Historic Jeddah, the Gate to Makkah",Saudi Arabia,Cultural Arab States Historic Landmark World Heritage," Historic Jeddah is situated on the eastern shore of the Red Sea. From the 7th century AD it was established as a major port for Indian Ocean trade routes, channelling goods to Mecca. It was also the gateway for Muslim pilgrims to Mecca who arrived by sea. These twin roles saw the city develop into a thriving multicultural centre, characterized by a distinctive architectural tradition, including tower houses built in the late 19th century by the city’s mercantile elites, and combining Red Sea coastal coral building traditions with influences and crafts from along the trade routes. ",4.7,93,1
Archaeological Border complex of Hedeby and the Danevirke,Germany,Cultural Europe and North America Historic Landmark World Heritage," The archaeological site of Hedeby consists of the remains of an emporium – or trading town – containing traces of roads, buildings, cemeteries and a harbour dating back to the 1st and early 2nd millennia CE. It is enclosed by part of the Danevirke, a line of fortification crossing the Schleswig isthmus, which separates the Jutland Peninsula from the rest of the European mainland. Because of its unique situation between the Frankish Empire in the South and the Danish Kingdom in the North, Hedeby became a trading hub between continental Europe and Scandinavia and between the North Sea and the Baltic Sea. Because of its rich and well preserved archaeological material, it has become a key site for the interpretation of economic, social and historical developments in Europe during the Viking age. ",4.6,65,2
Fortaleza,Brazil,City Trip Adventure Hiking Beach Sea Tropical Nightlife Party,"Golden beaches with rolling waves, bustling markets, and vibrant nightlife create an energetic blend of relaxation and excitement.",4.7,78,3
Byblos,Lebanon,Cultural Arab States Historic Landmark World Heritage," The ruins of many successive civilizations are found at Byblos, one of the oldest Phoenician cities. Inhabited since Neolithic times, it has been closely linked to the legends and history of the Mediterranean region for thousands of years. Byblos is also directly associated with the history and diffusion of the Phoenician alphabet. ",5.0,76,2
Vilnius,Lithuania,City Trip Culture History Art,"Charming cobblestone streets and baroque architecture blend with a youthful energy, offering a cozy yet vibrant atmosphere perfect for leisurely exploration.",4.3,65,1
Oslo,Norway,City Trip Nature Landscape Culture History Art,"Modern architecture meets stunning natural landscapes, with serene fjords and vibrant city life offering a unique blend of tranquility and excitement.",4.4,75,5
Budj Bim Cultural Landscape,Australia,Cultural Asia and the Pacific Historic Landmark World Heritage,"Located within the Country of the Gunditjmara, an Aboriginal nation in the southwest of Australia, the property includes the Budj Bim Volcano and Tae Rak (Lake Condah), as well as the Kurtonitj component, characterized by wetland swamps, and Tyrendarra in the south, an area of rocky ridges and large marshes. The Budj Bim lava flows, which connect these three components, have enabled the Gunditjmara to develop one of the largest and oldest aquaculture networks in the world. Composed of channels, dams and weirs, they are used to contain floodwaters and create basins to trap, store and harvest the kooyang eel (Anguilla australis), which has provided the population with an economic and social base for six millennia.",4.8,67,2
Kuala Lumpur,Malaysia,City Trip Culture History Art Nightlife Party,"Bustling streets filled with diverse aromas and vibrant markets create a lively atmosphere, blending modern skyscrapers with rich cultural heritage.",4.9,70,3
Struve Geodetic Arc,"Belarus,Estonia,Finland,Latvia,Lithuania,Norway,Republic of Moldova,Russian Federation,Sweden,Ukraine",Cultural Europe and North America Historic Landmark World Heritage," The Struve Arc is a chain of survey triangulations stretching from Hammerfest in Norway to the Black Sea, through 10 countries and over 2,820 km. These are points of a survey, carried out between 1816 and 1855 by the astronomer Friedrich Georg Wilhelm Struve, which represented the first accurate measuring of a long segment of a meridian. This helped to establish the exact size and shape of the planet and marked an important step in the development of earth sciences and topographic mapping. It is an extraordinary example of scientific collaboration among scientists from different countries, and of collaboration between monarchs for a scientific cause. The original arc consisted of 258 main triangles with 265 main station points. The listed site includes 34 of the original station points, with different markings, i.e. a drilled hole in rock, iron cross, cairns, or built obelisks. ",4.7,78,3
Vilnius Historic Centre,Lithuania,Cultural Europe and North America Historic Landmark World Heritage," Political centre of the Grand Duchy of Lithuania from the 13th to the end of the 18th century, Vilnius has had a profound influence on the cultural and architectural development of much of eastern Europe. Despite invasions and partial destruction, it has preserved an impressive complex of Gothic, Renaissance, Baroque and classical buildings as well as its medieval layout and natural setting. ",4.8,94,1
Moroni,Comoros,City Trip Nature Landscape,Winding streets lined with colorful markets and the aroma of spices create a lively yet laid-back atmosphere by the Indian Ocean.,4.5,61,1
Bahla Fort,Oman,Cultural Arab States Historic Landmark World Heritage," The oasis of Bahla owes its prosperity to the Banu Nebhan, the dominant tribe in the area from the 12th to the end of the 15th century. The ruins of the immense fort, with its walls and towers of unbaked brick and its stone foundations, is a remarkable example of this type of fortification and attests to the power of the Banu Nebhan. ",4.9,77,3
Bern,Switzerland,City Trip Nature Landscape Culture History Art,"Charming cobblestone streets wind through medieval architecture, while the gentle flow of the river creates a serene backdrop for leisurely exploration.",4.5,66,5
Fort and Shalamar Gardens in Lahore,Pakistan,Cultural Asia and the Pacific Historic Landmark World Heritage," These are two masterpieces from the time of the brilliant Mughal civilization, which reached its height during the reign of the Emperor Shah Jahan. The fort contains marble palaces and mosques decorated with mosaics and gilt. The elegance of these splendid gardens, built near the city of Lahore on three terraces with lodges, waterfalls and large ornamental ponds, is unequalled. ",4.6,72,3
Archaeological Site of Leptis Magna,Libya,Cultural Arab States Historic Landmark World Heritage," Leptis Magna was enlarged and embellished by Septimius Severus, who was born there and later became emperor. It was one of the most beautiful cities of the Roman Empire, with its imposing public monuments, harbour, market-place, storehouses, shops and residential districts. ",4.5,60,1
Sian Ka'an,Mexico,Natural Latin America and the Caribbean Historic Landmark World Heritage," In the language of the Mayan peoples who once inhabited this region, Sian Ka'an means 'Origin of the Sky'. Located on the east coast of the Yucat&aacute;n peninsula, this biosphere reserve contains tropical forests, mangroves and marshes, as well as a large marine section intersected by a barrier reef. It provides a habitat for a remarkably rich flora and a fauna comprising more than 300 species of birds, as well as a large number of the region's characteristic terrestrial vertebrates, which cohabit in the diverse environment formed by its complex hydrological system. ",4.8,51,3
Monte San Giorgio,"Italy,Switzerland",Natural Europe and North America Historic Landmark World Heritage," The pyramid-shaped, wooded mountain of Monte San Giorgio beside Lake Lugano is regarded as the best fossil record of marine life from the Triassic Period (245–230 million years ago). The sequence records life in a tropical lagoon environment, sheltered and partially separated from the open sea by an offshore reef. Diverse marine life flourished within this lagoon, including reptiles, fish, bivalves, ammonites, echinoderms and crustaceans. Because the lagoon was near land, the remains also include land-based fossils of reptiles, insects and plants, resulting in an extremely rich source of fossils. ",4.7,59,2
Old Towns of Djenné,Mali,Cultural Africa Historic Landmark World Heritage," Inhabited since 250 B.C., Djenné became a market centre and an important link in the trans-Saharan gold trade. In the 15th and 16th centuries, it was one of the centres for the propagation of Islam. Its traditional houses, of which nearly 2,000 have survived, are built on hillocks (toguere) as protection from the seasonal floods. ",5.0,61,2
Area de Conservación Guanacaste,Costa Rica,Natural Latin America and the Caribbean Historic Landmark World Heritage," The Area de Conservación Guanacaste (inscribed in 1999), was extended with the addition of a 15,000 ha private property, St Elena. It contains important natural habitats for the conservation of biological diversity, including the best dry forest habitats from Central America to northern Mexico and key habitats for endangered or rare plant and animal species. The site demonstrates significant ecological processes in both its terrestrial and marine-coastal environments. ",4.7,54,2
Maloti-Drakensberg Park,"Lesotho,South Africa",Mixed Africa Historic Landmark World Heritage," The Maloti-Drakensberg Park is a transboundary site composed of the uKhahlamba Drakensberg National Park in South Africa and the Sehlathebe National Park in Lesotho. The site has exceptional natural beauty in its soaring basaltic buttresses, incisive dramatic cutbacks, and golden sandstone ramparts as well as visually spectacular sculptured arches, caves, cliffs, pillars and rock pools. The site's diversity of habitats protects a high level of endemic and globally important plants. The site harbors endangered species such as the Cape vulture (Gyps coprotheres) and the bearded vulture (Gypaetus barbatus). Lesotho’s Sehlabathebe National Park also harbors the Maloti minnow (Pseudobarbus quathlambae), a critically endangered fish species only found in this park. This spectacular natural site contains many caves and rock-shelters with the largest and most concentrated group of paintings in Africa south of the Sahara. They represent the spiritual life of the San people, who lived in this area over a period of 4,000 years. ",4.7,78,2
"Rock-Hewn Churches, Lalibela",Ethiopia,Cultural Africa Historic Landmark World Heritage," The 11 medieval monolithic cave churches of this 13th-century 'New Jerusalem' are situated in a mountainous region in the heart of Ethiopia near a traditional village with circular-shaped dwellings. Lalibela is a high place of Ethiopian Christianity, still today a place of pilmigrage and devotion. ",4.5,91,3
"Champagne Hillsides, Houses and Cellars",France,Cultural Europe and North America Historic Landmark World Heritage," The property encompasses sites where the method of producing sparkling wines was developed on the principle of secondary fermentation in the bottle since the early 17th century to its early industrialization in the 19th century. The property is made up of three distinct ensembles: the historic vineyards of Hautvillers, Aÿ and Mareuil-sur-Aÿ, Saint-Nicaise Hill in Reims, and the Avenue de Champagne and Fort Chabrol in Epernay. These three components – the supply basin formed by the historic hillsides, the production sites (with their underground cellars) and the sales and distribution centres (the Champagne Houses) - illustrate the entire champagne production process. The property bears clear testimony to the development of a very specialized artisan activity that has become an agro-industrial enterprise. ",4.8,79,3
Colonial City of Santo Domingo,Dominican Republic,Cultural Latin America and the Caribbean Historic Landmark World Heritage," After Christopher Columbus's arrival on the island in 1492, Santo Domingo became the site of the first cathedral, hospital, customs house and university in the Americas. This colonial town, founded in 1498, was laid out on a grid pattern that became the model for almost all town planners in the New World. ",4.7,66,1
Castries,Saint Lucia,City Trip Nature Landscape Adventure Hiking Beach Sea Tropical,"Colorful markets, ocean breezes, and lively street music create a vibrant atmosphere, inviting you to explore and unwind at your own pace.",3.7,97,3
Island of Mozambique,Mozambique,Cultural Africa Historic Landmark World Heritage," The fortified city of Mozambique is located on this island, a former Portuguese trading-post on the route to India. Its remarkable architectural unity is due to the consistent use, since the 16th century, of the same building techniques, building materials (stone or macuti) and decorative principles. ",5.0,65,1
Minaret and Archaeological Remains of Jam,Afghanistan,Cultural Asia and the Pacific Historic Landmark World Heritage," The 65m-tall Minaret of Jam is a graceful, soaring structure, dating back to the 12th century. Covered in elaborate brickwork with a blue tile inscription at the top, it is noteworthy for the quality of its architecture and decoration, which represent the culmination of an architectural and artistic tradition in this region. Its impact is heightened by its dramatic setting, a deep river valley between towering mountains in the heart of the Ghur province. ",4.6,78,1
"Gulf of Porto: Calanche of Piana, Gulf of Girolata, Scandola Reserve",France,Natural Europe and North America Historic Landmark World Heritage," The nature reserve, which is part of the Regional Natural Park of Corsica, occupies the Scandola peninsula, an impressive, porphyritic rock mass. The vegetation is an outstanding example of scrubland. Seagulls, cormorants and sea eagles can be found there. The clear waters, with their islets and inaccessible caves, host a rich marine life. ",5.0,62,3
Goa,India,City Trip Culture History Art Adventure Hiking Beach Sea Tropical Nightlife Party,"Golden beaches stretch endlessly alongside vibrant markets and aromatic spice-scented air, offering a perfect blend of relaxation and lively culture.",3.7,74,3
St Ives,United Kingdom,City Trip Nature Landscape Culture History Art Beach Sea Tropical,"Charming cobblestone streets wind through art galleries and quaint shops, with the salty sea breeze adding a refreshing touch to your stroll.",3.9,77,3
Schokland and Surroundings,Netherlands,Cultural Europe and North America Historic Landmark World Heritage," Schokland was a peninsula that by the 15th century had become an island. Occupied and then abandoned as the sea encroached, it had to be evacuated in 1859. But following the draining of the Zuider Zee, it has, since the 1940s, formed part of the land reclaimed from the sea. Schokland has vestiges of human habitation going back to prehistoric times. It symbolizes the heroic, age-old struggle of the people of the Netherlands against the encroachment of the waters. ",4.5,89,2
St Petersburg,Russia,City Trip Culture History Art Nightlife Party,"Grand palaces and winding canals create an enchanting atmosphere, where every corner reveals rich history and artistic treasures.",4.0,60,3
"Strasbourg, Grande-Île and <em>Neustadt</em>",France,Cultural Europe and North America Historic Landmark World Heritage," The initial property, inscribed in 1988 on the World Heritage List, was formed by the Grande-Île, the historic centre of Strasbourg, structured around the cathedral. The extension concerns the Neustadt, new town, designed and built under the German administration (1871-1918). The Neustadt draws the inspiration for its urban layout partially from the Haussmannian model, while adopting an architectural idiom of Germanic inspiration. This dual influence has enabled the creation of an urban space that is specific to Strasbourg, where the perspectives created around the cathedral open to a unified landscape around the rivers and canals. ",4.6,91,1
Cuenca,Ecuador,City Trip Nature Landscape Culture History Art,"Cobblestone streets lined with colonial architecture and vibrant markets create a charming atmosphere, inviting you to explore its rich cultural heritage.",3.5,76,1
Henderson Island,United Kingdom of Great Britain and Northern Ireland,Natural Europe and North America Historic Landmark World Heritage," Henderson Island, which lies in the eastern South Pacific, is one of the few atolls in the world whose ecology has been practically untouched by a human presence. Its isolated location provides the ideal context for studying the dynamics of insular evolution and natural selection. It is particularly notable for the 10 plants and four land birds that are endemic to the island. ",5.0,66,2
Lower Valley of the Awash,Ethiopia,Cultural Africa Historic Landmark World Heritage," The Awash valley contains one of the most important groupings of palaeontological sites on the African continent. The remains found at the site, the oldest of which date back at least 4 million years, provide evidence of human evolution which has modified our conception of the history of humankind. The most spectacular discovery came in 1974, when 52 fragments of a skeleton enabled the famous Lucy to be reconstructed. ",4.9,76,1
Coro and its Port,Venezuela (Bolivarian Republic of),Cultural Latin America and the Caribbean Historic Landmark World Heritage," With its earthen constructions unique to the Caribbean, Coro is the only surviving example of a rich fusion of local traditions with Spanish Mudéjar and Dutch architectural techniques. One of the first colonial towns (founded in 1527), it has some 602 historic buildings. ",4.8,56,2
Tehran,Iran,City Trip Culture History Art,"Bustling bazaars and serene parks coexist with historic palaces and modern art scenes, offering a rich tapestry of culture and hospitality.",4.6,77,1
Nairobi,Kenya,City Trip Nature Landscape Culture History Art Adventure Hiking,"Bustling streets filled with colorful markets, the aroma of street food, and a lively mix of cultures create a dynamic urban experience.",4.0,88,3
Old Havana and its Fortification System,Cuba,Cultural Latin America and the Caribbean Historic Landmark World Heritage," Havana was founded in 1519 by the Spanish. By the 17th century, it had become one of the Caribbean's main centres for ship-building. Although it is today a sprawling metropolis of 2 million inhabitants, its old centre retains an interesting mix of Baroque and neoclassical monuments, and a homogeneous ensemble of private houses with arcades, balconies, wrought-iron gates and internal courtyards. ",5.0,90,2
Sewell Mining Town,Chile,Cultural Latin America and the Caribbean Historic Landmark World Heritage," Situated at 2,000 m in the Andes, 60 km to the east of Rancagua, in an environment marked by extremes of climate, Sewell Mining Town was built by the Braden Copper company in 1905 to house workers at what was to become the world&rsquo;s largest underground copper mine, El Teniente. It is an outstanding example of the company towns that were born in many remote parts of the world from the fusion of local labour and resources from an industrialized nation, to mine and process high-value natural resources. The town was built on a terrain too steep for wheeled vehicles around a large central staircase rising from the railway station. Along its route formal squares of irregular shape with ornamental trees and plants constituted the main public spaces or squares of the town. The buildings lining the streets are timber, often painted in vivid green, yellow, red and blue. At its peak Sewell numbered 15,000 inhabitants, but was largely abandoned in the 1970s. ",4.7,53,1
"Rabat, Modern Capital and Historic City: a Shared Heritage",Morocco,Cultural Arab States Historic Landmark World Heritage," Located on the Atlantic coast in the north-west of Morocco, the site is the product of a fertile exchange between the Arabo-Muslim past and Western modernism. The inscribed city encompasses the new town conceived and built under the French Protectorate from 1912 to the 1930s, including royal and administrative areas, residential and commercial developments and the Jardins d’Essais botanical and pleasure gardens. It also encompasses older parts of the city dating back to the 12thcentury. The new town is one of the largest and most ambitious modern urban projects built in Africa in the 20th century and probably the most complete. The older parts include Hassan Mosque (begun in 1184) and the Almohad ramparts and gates, the only surviving parts of the project for a great capital city of the Almohad caliphate as well as remains from the Moorish, or Andalusian, principality of the 17thcentury. ",4.7,50,3
Gough and Inaccessible Islands,United Kingdom of Great Britain and Northern Ireland,Natural Europe and North America Historic Landmark World Heritage," The site, located in the south Atlantic, is one of the least-disrupted island and marine ecosystems in the cool temperate zone. The spectacular cliffs of Gough and Inaccessible Islands, towering above the ocean, are free of introduced mammals and home to one of the world’s largest colonies of sea birds. Gough Island is home to two endemic species of land birds, the gallinule and the Gough rowettie, as well as to 12 endemic species of plants, while Inaccessible Island boasts two birds, eight plants and at least 10 invertebrates endemic to the island. ",5.0,52,2
Vat Phou and Associated Ancient Settlements within the Champasak Cultural Landscape,Lao People's Democratic Republic,Cultural Asia and the Pacific Historic Landmark World Heritage," The Champasak cultural landscape, including the Vat Phou Temple complex, is a remarkably well-preserved planned landscape more than 1,000 years old. It was shaped to express the Hindu vision of the relationship between nature and humanity, using an axis from mountain top to river bank to lay out a geometric pattern of temples, shrines and waterworks extending over some 10 km. Two planned cities on the banks of the Mekong River are also part of the site, as well as Phou Kao mountain. The whole represents a development ranging from the 5th to 15th centuries, mainly associated with the Khmer Empire. ",4.6,61,2
Okapi Wildlife Reserve,Democratic Republic of the Congo,Natural Africa Historic Landmark World Heritage," The Okapi Wildlife Reserve occupies about one-fifth of the Ituri forest in the north-east of the Democratic Republic of the Congo. The Congo river basin, of which the reserve and forest are a part, is one of the largest drainage systems in Africa. The reserve contains threatened species of primates and birds and about 5,000 of the estimated 30,000 okapi surviving in the wild. It also has some dramatic scenery, including waterfalls on the Ituri and Epulu rivers. The reserve is inhabited by traditional nomadic pygmy Mbuti and Efe hunters. ",4.7,84,1
Archaeological Site of Volubilis,Morocco,Cultural Arab States Historic Landmark World Heritage," The Mauritanian capital, founded in the 3rd century B.C., became an important outpost of the Roman Empire and was graced with many fine buildings. Extensive remains of these survive in the archaeological site, located in a fertile agricultural area. Volubilis was later briefly to become the capital of Idris I, founder of the Idrisid dynasty, who is buried at nearby Moulay Idris. ",4.5,51,3
Mount Athos,Greece,Mixed Europe and North America Historic Landmark World Heritage," An Orthodox spiritual centre since 1054, Mount Athos has enjoyed an autonomous statute since Byzantine times. The 'Holy Mountain', which is forbidden to women and children, is also a recognized artistic site. The layout of the monasteries (about 20 of which are presently inhabited by some 1,400 monks) had an influence as far afield as Russia, and its school of painting influenced the history of Orthodox art. ",4.7,91,3
Pre-Hispanic Town of Uxmal,Mexico,Cultural Latin America and the Caribbean Historic Landmark World Heritage," The Mayan town of Uxmal, in Yucatán, was founded c. A.D. 700 and had some 25,000 inhabitants. The layout of the buildings, which date from between 700 and 1000, reveals a knowledge of astronomy. The Pyramid of the Soothsayer, as the Spaniards called it, dominates the ceremonial centre, which has well-designed buildings decorated with a profusion of symbolic motifs and sculptures depicting Chaac, the god of rain. The ceremonial sites of Uxmal, Kabah, Labna and Sayil are considered the high points of Mayan art and architecture. ",4.6,54,3
Naval Port of Karlskrona,Sweden,Cultural Europe and North America Historic Landmark World Heritage," Karlskrona is an outstanding example of a late-17th-century European planned naval city. The original plan and many of the buildings have survived intact, along with installations that illustrate its subsequent development up to the present day. ",5.0,69,1
Maya Site of Copan,Honduras,Cultural Latin America and the Caribbean Historic Landmark World Heritage," Discovered in 1570 by Diego García de Palacio, the ruins of Copán, one of the most important sites of the Mayan civilization, were not excavated until the 19th century. The ruined citadel and imposing public squares reveal the three main stages of development before the city was abandoned in the early 10th century. ",4.8,88,3
Launceston,Australia,City Trip Nature Landscape Adventure Hiking,"Charming streets lined with heritage buildings, surrounded by lush parks and vineyards, offer a welcoming atmosphere with a touch of rustic elegance.",4.7,70,3
Burgos Cathedral,Spain,Cultural Europe and North America Historic Landmark World Heritage," Our Lady of Burgos was begun in the 13th century at the same time as the great cathedrals of the Ile-de-France and was completed in the 15th and 16th centuries. The entire history of Gothic art is summed up in its superb architecture and its unique collection of works of art, including paintings, choir stalls, reredos, tombs and stained-glass windows. ",4.6,63,2
Queenstown,New Zealand,City Trip Nature Landscape Adventure Hiking Nightlife Party,"Surrounded by majestic mountains and shimmering lakes, this place offers thrilling adventures and serene landscapes that captivate your senses.",3.6,69,5
El Pinacate and Gran Desierto de Altar Biosphere Reserve,Mexico,Natural Latin America and the Caribbean Historic Landmark World Heritage," The 714,566 hectare site comprises two distinct parts: the dormant volcanic Pinacate Shield of black and red lava flows and desert pavements to the east, and, in the west, the Gran Altar Desert with its ever changing and varied sand dunes that can reach a height of 200 metres. This landscape of dramatic contrast notably features linear, star and dome dunes as well as several arid granite massifs, some as high as 650 metres. The dunes emerge like islands from the sea of sand and harbour distinct and highly diverse plant and wildlife communities, including endemic freshwater fish species and the endemic Sonoran Pronghorn, which is only to be found in northwestern Sonora and in southwestern Arizona (USA). Ten enormous, deep and almost perfectly circular craters, believed to have been formed by a combination of eruptions and collapses, also contribute to the dramatic beauty of the site whose exceptional combination of features are of great scientific interest. The site is also a UNESCO Biosphere Reserve. ",4.5,94,3
Sydney Opera House,Australia,Cultural Asia and the Pacific Historic Landmark World Heritage," Inaugurated in 1973, the Sydney Opera House is a great architectural work of the 20th century that brings together multiple strands of creativity and innovation in both architectural form and structural design. A great urban sculpture set in a remarkable waterscape, at the tip of a peninsula projecting into Sydney Harbour, the building has had an enduring influence on architecture. The Sydney Opera House comprises three groups of interlocking vaulted &lsquo;shells&rsquo; which roof two main performance halls and a restaurant. These shell-structures are set upon a vast platform and are surrounded by terrace areas that function as pedestrian concourses. In 1957, when the project of the Sydney Opera House was awarded by an international jury to Danish architect J&oslash;rn Utzon, it marked a radically new approach to construction. ",4.7,79,2
Rabat,Morocco,City Trip Culture History Art,"A city where historic medinas meet modern boulevards, offering a serene coastal vibe with the scent of sea air and spices.",3.8,78,1
Rome,Italy,City Trip Culture History Art Nightlife Party,"Ancient ruins stand proudly amidst bustling piazzas, where the aroma of fresh pasta and the echoes of street musicians fill the air.",4.3,61,3
Historic Centre of Saint Petersburg and Related Groups of Monuments,Russian Federation,Cultural Europe and North America Historic Landmark World Heritage," The 'Venice of the North', with its numerous canals and more than 400 bridges, is the result of a vast urban project begun in 1703 under Peter the Great. Later known as Leningrad (in the former USSR), the city is closely associated with the October Revolution. Its architectural heritage reconciles the very different Baroque and pure neoclassical styles, as can be seen in the Admiralty, the Winter Palace, the Marble Palace and the Hermitage. ",5.0,94,3
Historic Monuments of Ancient Nara,Japan,Cultural Asia and the Pacific Historic Landmark World Heritage," Nara was the capital of Japan from 710 to 784. During this period the framework of national government was consolidated and Nara enjoyed great prosperity, emerging as the fountainhead of Japanese culture. The city's historic monuments &ndash; Buddhist temples, Shinto shrines and the excavated remains of the great Imperial Palace &ndash; provide a vivid picture of life in the Japanese capital in the 8th century, a period of profound political and cultural change. ",4.7,52,2
"Historical Monuments at Makli, Thatta",Pakistan,Cultural Asia and the Pacific Historic Landmark World Heritage," The capital of three successive dynasties and later ruled by the Mughal emperors of Delhi, Thatta was constantly embellished from the 14th to the 18th century. The remains of the city and its necropolis provide a unique view of civilization in Sind. ",4.7,87,2
"Archaeological Areas of Pompei, Herculaneum and Torre Annunziata",Italy,Cultural Europe and North America Historic Landmark World Heritage," When Vesuvius erupted on 24 August AD 79, it engulfed the two flourishing Roman towns of Pompei and Herculaneum, as well as the many wealthy villas in the area. These have been progressively excavated and made accessible to the public since the mid-18th century. The vast expanse of the commercial town of Pompei contrasts with the smaller but better-preserved remains of the holiday resort of Herculaneum, while the superb wall paintings of the Villa Oplontis at Torre Annunziata give a vivid impression of the opulent lifestyle enjoyed by the wealthier citizens of the Early Roman Empire. ",4.8,51,3
Su Nuraxi di Barumini,Italy,Cultural Europe and North America Historic Landmark World Heritage," During the late 2nd millennium B.C. in the Bronze Age, a special type of defensive structure known as nuraghi (for which no parallel exists anywhere else in the world) developed on the island of Sardinia. The complex consists of circular defensive towers in the form of truncated cones built of dressed stone, with corbel-vaulted internal chambers. The complex at Barumini, which was extended and reinforced in the first half of the 1st millennium under Carthaginian pressure, is the finest and most complete example of this remarkable form of prehistoric architecture. ",4.7,70,3
Historic Town of Ouro Preto,Brazil,Cultural Latin America and the Caribbean Historic Landmark World Heritage," Founded at the end of the 17th century, Ouro Preto (Black Gold) was the focal point of the gold rush and Brazil&rsquo;s golden age in the 18th century. With the exhaustion of the gold mines in the 19th century, the city&rsquo;s influence declined but many churches, bridges and fountains remain as a testimony to its past prosperity and the exceptional talent of the Baroque sculptor Aleijadinho. ",4.8,68,3
Alexandria,Egypt,City Trip Culture History Art,"Bustling streets filled with the aroma of spices, historic sites whispering ancient tales, and a vibrant coastal vibe create a unique charm.",4.6,95,1
Jeju Island,South Korea,City Trip Nature Landscape Adventure Hiking Beach Sea Tropical,"Lush green landscapes, volcanic craters, and serene beaches create a tranquil escape, perfect for soaking in natural beauty and peaceful vibes.",4.4,98,3
San Cristóbal de las Casas,Mexico,City Trip Nature Landscape Culture History Art,"Charming cobblestone streets, vibrant markets, and colorful colonial architecture create a warm and inviting atmosphere, perfect for leisurely exploration.",4.6,99,1
"Jesuit Missions of the Guaranis: San Ignacio Mini, Santa Ana, Nuestra Señora de Loreto and Santa Maria Mayor (Argentina), Ruins of Sao Miguel das Missoes (Brazil)","Argentina,Brazil",Cultural Latin America and the Caribbean Historic Landmark World Heritage," The ruins of S&atilde;o Miguel das Miss&otilde;es in Brazil, and those of San Ignacio Min&iacute;, Santa Ana, Nuestra Se&ntilde;ora de Loreto and Santa Mar&iacute;a la Mayor in Argentina, lie at the heart of a tropical forest. They are the impressive remains of five Jesuit missions, built in the land of the Guaranis during the 17th and 18th centuries. Each is characterized by a specific layout and a different state of conservation. ",4.8,51,2
Manchester,United Kingdom,City Trip Culture History Art Nightlife Party,"Industrial heritage meets modern creativity, where lively music scenes and diverse eateries fill the vibrant streets with energetic charm and cultural depth.",4.2,79,3
Oaxaca,Mexico,City Trip Nature Landscape Culture History Art,"Colorful markets, aromatic street food, and vibrant festivals create an immersive experience that feels both lively and deeply rooted in tradition.",4.2,91,3
Bristol,United Kingdom,City Trip Culture History Art Nightlife Party,Historic streets lined with vibrant street art and cozy pubs create a lively yet laid-back atmosphere perfect for leisurely exploration.,3.6,71,3
"Port, Fortresses and Group of Monuments, Cartagena",Colombia,Cultural Latin America and the Caribbean Historic Landmark World Heritage," Situated in a bay in the Caribbean Sea, Cartagena has the most extensive fortifications in South America. A system of zones divides the city into three neighbourhoods: San Pedro, with the cathedral and many Andalusian-style palaces; San Diego, where merchants and the middle class lived; and Gethsemani, the 'popular quarter'. ",5.0,54,2
Wadden Sea,"Denmark,Germany,Netherlands",Natural Europe and North America Historic Landmark World Heritage," The Wadden Sea is the largest unbroken system of intertidal sand and mud flats in the world. The site covers the Dutch Wadden Sea Conservation Area, the German Wadden Sea National Parks of Lower Saxony and Schleswig-Holstein, and most of the Danish Wadden Sea maritime conservation area. It is a large, temperate, relatively flat coastal wetland environment, formed by the intricate interactions between physical and biological factors that have given rise to a multitude of transitional habitats with tidal channels, sandy shoals, sea-grass meadows, mussel beds, sandbars, mudflats, salt marshes, estuaries, beaches and dunes. The area is home to numerous plant and animal species, including marine mammals such as the harbour seal, grey seal and harbour porpoise. Wadden Sea is one of the last remaining large-scale, intertidal ecosystems where natural processes continue to function largely undisturbed. ",4.5,91,2
Waterton Glacier International Peace Park,"Canada,United States of America",Natural Europe and North America Historic Landmark World Heritage," In 1932 Waterton Lakes National Park (Alberta, Canada) was combined with the Glacier National Park (Montana, United States) to form the world's first International Peace Park. Situated on the border between the two countries and offering outstanding scenery, the park is exceptionally rich in plant and mammal species as well as prairie, forest, and alpine and glacial features. ",4.7,58,3
Old City of Sana'a,Yemen,Cultural Arab States Historic Landmark World Heritage," Situated in a mountain valley at an altitude of 2,200 m, Sana’a has been inhabited for more than 2,500 years. In the 7th and 8th centuries the city became a major centre for the propagation of Islam. This religious and political heritage can be seen in the 103 mosques, 14 hammams and over 6,000 houses, all built before the 11th century. Sana’a’s many-storeyed tower-houses built of rammed earth (pisé) add to the beauty of the site. ",5.0,66,3
Peking Man Site at Zhoukoudian,China,Cultural Asia and the Pacific Historic Landmark World Heritage," Scientific work at the site, which lies 42 km south-west of Beijing, is still underway. So far, it has led to the discovery of the remains of Sinanthropus pekinensis, who lived in the Middle Pleistocene, along with various objects, and remains of Homo sapiens sapiens dating as far back as 18,000&ndash;11,000 B.C. The site is not only an exceptional reminder of the prehistorical human societies of the Asian continent, but also illustrates the process of evolution. ",5.0,52,2
Pyu Ancient Cities,Myanmar,Cultural Asia and the Pacific Historic Landmark World Heritage," Pyu Ancient Cities includes the remains of three brick, walled and moated cities of Halin, Beikthano and Sri Ksetra located in vast irrigated landscapes in the dry zone of the Ayeyarwady (Irrawaddy) River basin. They reflect the Pyu Kingdoms that flourished for over 1,000 years between 200 BC and AD 900. The three cities are partly excavated archaeological sites. Remains include excavated palace citadels, burial grounds and manufacture sites, as well as monumental brick Buddhist stupas, partly standing walls and water management features – some still in use – that underpinned the organized intensive agriculture. ",4.9,92,2
Olympic National Park,United States of America,Natural Europe and North America Historic Landmark World Heritage," Located in the north-west of Washington State, Olympic National Park is renowned for the diversity of its ecosystems. Glacier-clad peaks interspersed with extensive alpine meadows are surrounded by an extensive old growth forest, among which is the best example of intact and protected temperate rainforest in the Pacific Northwest. Eleven major river systems drain the Olympic mountains, offering some of the best habitat for anadromous fish species in the country. The park also includes 100 km of wilderness coastline, the longest undeveloped coast in the contiguous United States, and is rich in native and endemic animal and plant species, including critical populations of the endangered northern spotted owl, marbled murrelet and bull trout. ",4.8,56,1
Accra,Ghana,City Trip Culture History Art,"Lively streets filled with vibrant markets, rhythmic music, and the aroma of spicy street food create a captivating and energetic atmosphere.",4.5,86,1
Babylon,Iraq,Cultural Arab States Historic Landmark World Heritage,"Situated 85 km south of Baghdad, the property includes the ruins of the city which, between 626 and 539 BCE, was the capital of the Neo-Babylonian Empire. It includes villages and agricultural areas surrounding the ancient city. Its remains, outer and inner-city walls, gates, palaces and temples, are a unique testimony to one of the most influential empires of the ancient world. Seat of successive empires, under rulers such as Hammurabi and Nebuchadnezzar, Babylon represents the expression of the creativity of the Neo-Babylonian Empire at its height. The city's association with one of the seven wonders of the ancient world—the Hanging Gardens—has also inspired artistic, popular and religious culture on a global scale.",4.9,92,3
Painted Churches in the Troodos Region,Cyprus,Cultural Europe and North America Historic Landmark World Heritage," This region is characterized by one of the largest groups of churches and monasteries of the former Byzantine Empire. The complex of 10 monuments included on the World Heritage List, all richly decorated with murals, provides an overview of Byzantine and post-Byzantine painting in Cyprus. They range from small churches whose rural architectural style is in stark contrast to their highly refined decoration, to monasteries such as that of St John Lampadistis. ",4.7,52,1
Gelati Monastery,Georgia,Cultural Europe and North America Historic Landmark World Heritage," Founded in 1106 in the west of Georgia, the Monastery of Gelati is a masterpiece of the Golden Age of medieval Georgia, a period of political strength and economic growth between the 11th and 13th centuries. It is characterized by the facades of smoothly hewn large blocks, balanced proportions and blind arches for exterior decoration. The Gelati monastery, one of the largest medieval Orthodox monasteries, was also a centre of science and education and the Academy it housed was one of the most important centres of culture in ancient Georgia. ",4.7,75,3
Luanda,Angola,City Trip,"A bustling port city with vibrant markets, lively music scenes, and a warm coastal breeze that invites exploration and discovery.",4.5,74,3
Masada,Israel,Cultural Europe and North America Historic Landmark World Heritage," Masada is a rugged natural fortress, of majestic beauty, in the Judaean Desert overlooking the Dead Sea. It is a symbol of the ancient kingdom of Israel, its violent destruction and the last stand of Jewish patriots in the face of the Roman army, in 73 A.D. It was built as a palace complex, in the classic style of the early Roman Empire, by Herod the Great, King of Judaea, (reigned 37 &ndash; 4 B.C.). The camps, fortifications and attack ramp that encircle the monument constitute the most complete Roman siege works surviving to the present day. ",4.7,54,3
Monastery of Batalha,Portugal,Cultural Europe and North America Historic Landmark World Heritage," The Monastery of the Dominicans of Batalha was built to commemorate the victory of the Portuguese over the Castilians at the battle of Aljubarrota in 1385. It was to be the Portuguese monarchy's main building project for the next two centuries. Here a highly original, national Gothic style evolved, profoundly influenced by Manueline art, as demonstrated by its masterpiece, the Royal Cloister. ",4.9,59,2
Ujung Kulon National Park,Indonesia,Natural Asia and the Pacific Historic Landmark World Heritage," This national park, located in the extreme south-western tip of Java on the Sunda shelf, includes the Ujung Kulon peninsula and several offshore islands and encompasses the natural reserve of Krakatoa. In addition to its natural beauty and geological interest &ndash; particularly for the study of inland volcanoes &ndash; it contains the largest remaining area of lowland rainforests in the Java plain. Several species of endangered plants and animals can be found there, the Javan rhinoceros being the most seriously under threat. ",4.9,78,2
Lagoons of New Caledonia: Reef Diversity and Associated Ecosystems,France,Natural Europe and North America Historic Landmark World Heritage," This serial site comprises six marine clusters that represent the main diversity of coral reefs and associated ecosystems in the French Pacific Ocean archipelago of New Caledonia and one of the three most extensive reef systems in the world. These Lagoons are of exceptional natural beauty. They feature an exceptional diversity of coral and fish species and a continuum of habitats from mangroves to seagrasses with the world&rsquo;s most diverse concentration of reef structures. The Lagoons of New Caledonia display intact ecosystems, with healthy populations of large predators, and a great number and diversity of big fish. They provide habitat to a number of emblematic or threatened marine species such as turtles, whales or dugongs whose population here is the third largest in the world. ",4.6,80,2
"Roman Monuments, Cathedral of St Peter and Church of Our Lady in Trier",Germany,Cultural Europe and North America Historic Landmark World Heritage," Trier, which stands on the Moselle River, was a Roman colony from the 1st century AD and then a great trading centre beginning in the next century. It became one of the capitals of the Tetrarchy at the end of the 3rd century, when it was known as the &lsquo;second Rome&rsquo;. The number and quality of the surviving monuments are an outstanding testimony to Roman civilization. ",4.9,53,1
Innsbruck,Austria,City Trip Nature Landscape Culture History Art Adventure Hiking,"Nestled in the heart of the Alps, this city offers stunning mountain views, charming old town streets, and a blend of urban and outdoor adventures.",5.0,81,3
Iguaçu National Park,Brazil,Natural Latin America and the Caribbean Historic Landmark World Heritage," The park shares with Iguazú National Park in Argentina one of the world’s largest and most impressive waterfalls, extending over some 2,700 m. It is home to many rare and endangered species of flora and fauna, among them the giant otter and the giant anteater. The clouds of spray produced by the waterfall are conducive to the growth of lush vegetation. ",4.5,69,1
Cornwall,United Kingdom,City Trip Nature Landscape Adventure Hiking Beach Sea Tropical,"Rugged coastlines, charming villages, and sweeping beaches offer a sense of tranquility and timeless beauty, perfect for unwinding and exploring.",4.3,64,3
Ulaanbaatar,Mongolia,City Trip Nature Landscape Culture History Art Adventure Hiking,"Amidst sprawling landscapes, discover a blend of Soviet-era architecture, bustling markets, and the warm hospitality of locals eager to share their stories.",4.5,88,1
Ciudad Universitaria de Caracas,Venezuela (Bolivarian Republic of),Cultural Latin America and the Caribbean Historic Landmark World Heritage," The Ciudad Universitaria de Caracas, built to the design of the architect Carlos Ra&uacute;l Villanueva, between 1940 and 1960, is an outstanding example of the Modern Movement in architecture. The university campus integrates the large number of buildings and functions into a clearly articulated ensemble, including masterpieces of modern architecture and visual arts, such as the Aula Magna with the ""Clouds"" of Alexander Calder, the Olympic Stadium, and the Covered Plaza. ",4.6,63,1
"Royal Building of <i>Mafra</i> – Palace, Basilica, Convent, <i>Cerco</i> Garden and Hunting Park (<i>Tapada</i>)",Portugal,Cultural Europe and North America Historic Landmark World Heritage,"Located 30 km northwest of Lisbon, the site was conceived by King João V in 1711 as a tangible representation of his conception of the monarchy and the State. This imposing quadrangular building houses the king’s and queen's palaces, the royal chapel, shaped like a Roman baroque basilica, a Franciscan monastery and a library containing 36,000 volumes. The complex is completed by the Cerco garden, with its geometric layout, and the royal hunting park (Tapada). The Royal Mafra Building is one of the most remarkable works undertaken by King João V, which illustrates the power and reach of the Portuguese Empire. João V adopted Roman and Italian baroque architectural and artistic models and commissioned works of art that make Mafra an exceptional example of Italian Baroque.",4.9,70,3
Great Mosque and Hospital of Divriği,Turkey,Cultural Europe and North America Historic Landmark World Heritage," This region of Anatolia was conquered by the Turks at the beginning of the 11th century. In 1228–29 Emir Ahmet Shah founded a mosque, with its adjoining hospital, at Divrigi. The mosque has a single prayer room and is crowned by two cupolas. The highly sophisticated technique of vault construction, and a creative, exuberant type of decorative sculpture – particularly on the three doorways, in contrast to the unadorned walls of the interior – are the unique features of this masterpiece of Islamic architecture. ",4.6,84,2
Fortifications on the Caribbean Side of Panama: Portobelo-San Lorenzo,Panama,Cultural Latin America and the Caribbean Historic Landmark World Heritage," Magnificent examples of 17th- and 18th-century military architecture, these Panamanian forts on the Caribbean coast form part of the defence system built by the Spanish Crown to protect transatlantic trade. ",4.9,92,3
Hanoi,Vietnam,City Trip Culture History Art,"Bustling streets filled with the aroma of street food, lively markets, and serene lakes create a vibrant yet peaceful atmosphere.",4.4,65,1
Aqueduct of Padre Tembleque Hydraulic System,Mexico,Cultural Latin America and the Caribbean Historic Landmark World Heritage," This 16th century aqueduct is located between the states of Mexico and Hidalgo, on the Central Mexican Plateau. This heritage canal system encompasses a water catchment area, springs, canals, distribution tanks and arcaded aqueduct bridges. The site incorporates the highest single-level arcade ever built in an aqueduct. Initiated by the Franciscan friar, Padre Tembleque, and built with support from the local indigenous communities, this hydraulic system is an example of the exchange of influences between the European tradition of Roman hydraulics and traditional Mesoamerican construction techniques, including the use of adobe. ",4.5,64,2
"Rani-ki-Vav (the Queen’s Stepwell) at Patan, Gujarat",India,Cultural Asia and the Pacific Historic Landmark World Heritage," Rani-ki-Vav, on the banks of the Saraswati River, was initially built as a memorial to a king in the 11th century AD. Stepwells are a distinctive form of subterranean water resource and storage systems on the Indian subcontinent, and have been constructed since the 3rd millennium BC. They evolved over time from what was basically a pit in sandy soil towards elaborate multi-storey works of art and architecture. Rani-ki-Vav was built at the height of craftsmens&rsquo; ability in stepwell construction and the Maru-Gurjara architectural style, reflecting mastery of this complex technique and great beauty of detail and proportions. Designed as an inverted temple highlighting the sanctity of water, it is divided into seven levels of stairs with sculptural panels of high artistic quality; more than 500 principle sculptures and over a thousand minor ones combine religious, mythological and secular imagery, often referencing literary works. The fourth level is the deepest and leads into a rectangular tank 9.5&nbsp;m by 9.4&nbsp;m, at a depth of 23&nbsp;m. The well is located at the westernmost end of the property and consists of a shaft 10&nbsp;m in diameter and 30&nbsp;m deep. ",4.7,57,3
Grand Canyon National Park,United States of America,Natural Europe and North America Historic Landmark World Heritage," Carved out by the Colorado River, the Grand Canyon (nearly 1,500 m deep) is the most spectacular gorge in the world. Located in the state of Arizona, it cuts across the Grand Canyon National Park. Its horizontal strata retrace the geological history of the past 2 billion years. There are also prehistoric traces of human adaptation to a particularly harsh environment. ",4.6,81,2
Old Town of Galle and its Fortifications,Sri Lanka,Cultural Asia and the Pacific Historic Landmark World Heritage," Founded in the 16th century by the Portuguese, Galle reached the height of its development in the 18th century, before the arrival of the British. It is the best example of a fortified city built by Europeans in South and South-East Asia, showing the interaction between European architectural styles and South Asian traditions. ",4.5,58,2
Hamilton,Bermuda,City Trip Nature Landscape Beach Sea Tropical,"Charming streets lined with pastel buildings and the gentle sea breeze create a laid-back, yet vibrant island atmosphere.",3.7,69,5
Jiuzhaigou Valley Scenic and Historic Interest Area,China,Natural Asia and the Pacific Historic Landmark World Heritage," Stretching over 72,000 ha in the northern part of Sichuan Province, the jagged Jiuzhaigou valley reaches a height of more than 4,800 m, thus comprising a series of diverse forest ecosystems. Its superb landscapes are particularly interesting for their series of narrow conic karst land forms and spectacular waterfalls. Some 140 bird species also inhabit the valley, as well as a number of endangered plant and animal species, including the giant panda and the Sichuan takin. ",4.8,59,2
Búzios,Brazil,City Trip Nature Landscape Adventure Hiking Beach Sea Tropical Nightlife Party,Charming cobblestone streets lined with vibrant boutiques and cozy beachside bars create a laid-back vibe perfect for unwinding and soaking up the sun.,3.8,78,3
Yellowstone National Park,United States of America,Natural Europe and North America Historic Landmark World Heritage," The vast natural forest of Yellowstone National Park covers nearly 9,000 km2 ; 96% of the park lies in Wyoming, 3% in Montana and 1% in Idaho. Yellowstone contains half of all the world's known geothermal features, with more than 10,000 examples. It also has the world's largest concentration of geysers (more than 300 geyers, or two thirds of all those on the planet). Established in 1872, Yellowstone is equally known for its wildlife, such as grizzly bears, wolves, bison and wapitis. ",4.7,76,2
Golestan Palace,Iran (Islamic Republic of),Cultural Asia and the Pacific Historic Landmark World Heritage," The lavish Golestan Palace is a masterpiece of the Qajar era, embodying the successful integration of earlier Persian crafts and architecture with Western influences. The walled Palace, one of the oldest groups of buildings in Teheran, became the seat of government of the Qajar family, which came into power in 1779 and made Teheran the capital of the country. Built around a garden featuring pools as well as planted areas, the Palace’s most characteristic features and rich ornaments date from the 19th century. It became a centre of Qajari arts and architecture of which it is an outstanding example and has remained a source of inspiration for Iranian artists and architects to this day. It represents a new style incorporating traditional Persian arts and crafts and elements of 18th century architecture and technology. ",4.7,79,2
Yakushima,Japan,Natural Asia and the Pacific Historic Landmark World Heritage," Located in the interior of Yaku Island, at the meeting-point of the palaearctic and oriental biotic regions, Yakushima exhibits a rich flora, with some 1,900 species and subspecies, including ancient specimens of the sugi (Japanese cedar). It also contains a remnant of a warm-temperate ancient forest that is unique in this region. ",4.5,55,3
Dong Phayayen-Khao Yai Forest Complex,Thailand,Natural Asia and the Pacific Historic Landmark World Heritage," The Dong Phayayen-Khao Yai Forest Complex spans 230 km between Ta Phraya National Park on the Cambodian border in the east, and Khao Yai National Park in the west. The site is home to more than 800 species of fauna, including 112 mammal species (among them two species of gibbon), 392 bird species and 200 reptile and amphibian species. It is internationally important for the conservation of globally threatened and endangered mammal, bird and reptile species, among them 19 that are vulnerable, four that are endangered, and one that is critically endangered. The area contains substantial and important tropical forest ecosystems, which can provide a viable habitat for the long-term survival of these species. ",4.7,74,1
Tassili n'Ajjer,Algeria,Mixed Arab States Historic Landmark World Heritage," Located in a strange lunar landscape of great geological interest, this site has one of the most important groupings of prehistoric cave art in the world. More than 15,000 drawings and engravings record the climatic changes, the animal migrations and the evolution of human life on the edge of the Sahara from 6000 BC to the first centuries of the present era. The geological formations are of outstanding scenic interest, with eroded sandstones forming ‘forests of rock’. ",4.9,90,2
"Meidan Emam, Esfahan",Iran (Islamic Republic of),Cultural Asia and the Pacific Historic Landmark World Heritage," Built by Shah Abbas I the Great at the beginning of the 17th century, and bordered on all sides by monumental buildings linked by a series of two-storeyed arcades, the site is known for the Royal Mosque, the Mosque of Sheykh Lotfollah, the magnificent Portico of Qaysariyyeh and the 15th-century Timurid palace. They are an impressive testimony to the level of social and cultural life in Persia during the Safavid era. ",5.0,83,1
Temple of Apollo Epicurius at Bassae,Greece,Cultural Europe and North America Historic Landmark World Heritage," This famous temple to the god of healing and the sun was built towards the middle of the 5th century B.C. in the lonely heights of the Arcadian mountains. The temple, which has the oldest Corinthian capital yet found, combines the Archaic style and the serenity of the Doric style with some daring architectural features. ",4.8,79,2
Droogmakerij de Beemster (Beemster Polder),Netherlands,Cultural Europe and North America Historic Landmark World Heritage," The Beemster Polder, dating from the early 17th century, is is an exceptional example of reclaimed land in the Netherlands. It has preserved intact its well-ordered landscape of fields, roads, canals, dykes and settlements, laid out in accordance with classical and Renaissance planning principles. ",4.7,71,3
Moorea,French Polynesia,City Trip Nature Landscape Adventure Hiking Beach Sea Tropical,"Lush green mountains meet turquoise lagoons, creating a serene paradise where gentle ocean breezes and vibrant coral reefs invite endless exploration.",5.0,95,5
Medellín,Colombia,City Trip Culture History Art Adventure Hiking Nightlife Party,"Lush green hills surround a vibrant city buzzing with music, art, and the warmth of its welcoming people, offering endless exploration.",3.7,86,3
Banc d'Arguin National Park,Mauritania,Natural Arab States Historic Landmark World Heritage," Fringing the Atlantic coast, the park comprises sand-dunes, coastal swamps, small islands and shallow coastal waters. The contrast between the harsh desert environment and the biodiversity of the marine zone has resulted in a land- and seascape of outstanding natural significance. A wide variety of migrating birds spend the winter there. Several species of sea turtle and dolphin, used by the fishermen to attract shoals of fish, can also be found. ",4.7,65,2
Plitvice Lakes National Park,Croatia,Natural Europe and North America Historic Landmark World Heritage," The waters flowing over the limestone and chalk have, over thousands of years, deposited travertine barriers, creating natural dams which in turn have created a series of beautiful lakes, caves and waterfalls. These geological processes continue today. The forests in the park are home to bears, wolves and many rare bird species. ",4.7,75,3
Samarkand,Uzbekistan,City Trip Culture History Art,"Ancient architecture glimmers under the sun, with vibrant bazaars and fragrant spices creating an intoxicating blend of history and culture.",3.6,85,1
Cape Floral Region Protected Areas,South Africa,Natural Africa Historic Landmark World Heritage," Inscribed on the World Heritage List in 2004, the property is located at the south-western extremity of South Africa. It is one of the world’s great centres of terrestrial biodiversity. The extended property includes national parks, nature reserves, wilderness areas, State forests and mountain catchment areas. These elements add a significant number of endemic species associated with the Fynbos vegetation, a fine-leaved sclerophyllic shrubland adapted to both a Mediterranean climate and periodic fires, which is unique to the Cape Floral Region. ",4.6,72,1
Lucca,Italy,City Trip Culture History Art,"Wander through cobblestone streets surrounded by ancient walls, where charming piazzas and the aroma of fresh Italian cuisine fill the air.",4.1,71,3
Camino Real de Tierra Adentro,Mexico,Cultural Latin America and the Caribbean Historic Landmark World Heritage," Camino Real de Tierra Adentro was the Royal Inland Road, also known as the Silver Route. The inscribed property consists of 55 sites and five existing World Heritage sites lying along a 1400 km section of this 2600 km route, that extends north from Mexico City to Texas and New Mexico, United States of America. The route was actively used as a trade route for 300 years, from the mid-16th to the 19th centuries, mainly for transporting silver extracted from the mines of Zacatecas, Guanajuato and San Luis Potosí, and mercury imported from Europe. Although it is a route that was motivated and consolidated by the mining industry, it also fostered the creation of social, cultural and religious links in particular between Spanish and Amerindian cultures. ",4.5,59,3
Stoclet House,Belgium,Cultural Europe and North America Historic Landmark World Heritage," When banker and art collector Adolphe Stoclet commissioned this house from one of the leading architects of the Vienna Secession movement, Josef Hoffmann, in 1905, he imposed neither aesthetic nor financial restrictions on the project. The house and garden were completed in 1911 and their austere geometry marked a turning point in Art Nouveau, foreshadowing Art Deco and the Modern Movement in architecture. Stoclet House is one of the most accomplished and homogenous buildings of the Vienna Secession, and features works by Koloman Moser and Gustav Klimt, embodying the aspiration of creating a &lsquo;total work of art' (Gesamtkunstwerk). Bearing testimony to artistic renewal in European architecture, the house retains a high level of integrity, both externally and internally as it retains most of its original fixtures and furnishings. ",4.6,65,2
Stone Town of Zanzibar,United Republic of Tanzania,Cultural Africa Historic Landmark World Heritage," The Stone Town of Zanzibar is a fine example of the Swahili coastal trading towns of East Africa. It retains its urban fabric and townscape virtually intact and contains many fine buildings that reflect its particular culture, which has brought together and homogenized disparate elements of the cultures of Africa, the Arab region, India, and Europe over more than a millennium. ",4.8,72,3
Sangiran Early Man Site,Indonesia,Cultural Asia and the Pacific Historic Landmark World Heritage," Excavations here from 1936 to 1941 led to the discovery of the first hominid fossil at this site. Later, 50 fossils of Meganthropus palaeo and Pithecanthropus erectus/Homo erectus were found &ndash; half of all the world's known hominid fossils. Inhabited for the past one and a half million years, Sangiran is one of the key sites for the understanding of human evolution. ",4.5,66,2
Meteora,Greece,Mixed Europe and North America Historic Landmark World Heritage," In a region of almost inaccessible sandstone peaks, monks settled on these 'columns of the sky' from the 11th century onwards. Twenty-four of these monasteries were built, despite incredible difficulties, at the time of the great revival of the eremetic ideal in the 15th century. Their 16th-century frescoes mark a key stage in the development of post-Byzantine painting. ",5.0,77,2
Jewish Quarter and St Procopius' Basilica in Třebíč,Czechia,Cultural Europe and North America Historic Landmark World Heritage," The ensemble of the Jewish Quarter, the old Jewish cemetery and the Basilica of St Procopius in Třebíč are reminders of the co-existence of Jewish and Christian cultures from the Middle Ages to the 20th century. The Jewish Quarter bears outstanding testimony to the different aspects of the life of this community. St Procopius' Basilica, built as part of the Benedictine monastery in the early 13th century, is a remarkable example of the influence of Western European architectural heritage in this region. ",4.9,76,2
Prambanan Temple Compounds,Indonesia,Cultural Asia and the Pacific Historic Landmark World Heritage," Built in the 10th century, this is the largest temple compound dedicated to Shiva in Indonesia. Rising above the centre of the last of these concentric squares are three temples decorated with reliefs illustrating the epic of the Ramayana, dedicated to the three great Hindu divinities (Shiva, Vishnu and Brahma) and three temples dedicated to the animals who serve them. ",4.9,66,1
Megalithic Temples of Malta,Malta,Cultural Europe and North America Historic Landmark World Heritage," Seven megalithic temples are found on the islands of Malta and Gozo, each the result of an individual development. The two temples of Ggantija on the island of Gozo are notable for their gigantic Bronze Age structures. On the island of Malta, the temples of Hagar Qin, Mnajdra and Tarxien are unique architectural masterpieces, given the limited resources available to their builders. The Ta'Hagrat and Skorba complexes show how the tradition of temple-building was handed down in Malta. ",4.7,79,3
The Great Wall,China,Cultural Asia and the Pacific Historic Landmark World Heritage," In c. 220 B.C., under Qin Shi Huang, sections of earlier fortifications were joined together to form a united defence system against invasions from the north. Construction continued up to the Ming dynasty (1368&ndash;1644), when the Great Wall became the world's largest military structure. Its historic and strategic importance is matched only by its architectural significance. ",4.7,59,2
The Forth Bridge,United Kingdom of Great Britain and Northern Ireland,Cultural Europe and North America Historic Landmark World Heritage," This railway bridge, crossing the Forth estuary in Scotland, had the world’s longest spans (541 m) when it opened in 1890. It remains one of the greatest cantilever trussed bridges and continues to carry passengers and freight. Its distinctive industrial aesthetic is the result of a forthright and unadorned display of its structural components. Innovative in style, materials and scale, the Forth Bridge marks an important milestone in bridge design and construction during the period when railways came to dominate long-distance land travel. ",4.9,56,1
Calgary,Canada,City Trip Nature Landscape Culture History Art Adventure Hiking,"A dynamic blend of urban sophistication and stunning natural landscapes, where vibrant arts scenes meet the majestic Rockies under vast blue skies.",3.7,71,3
Catalan Romanesque Churches of the Vall de Boí,Spain,Cultural Europe and North America Historic Landmark World Heritage," The narrow Vall de Boí is situated in the high Pyrénées, in the Alta Ribagorça region and is surrounded by steep mountains. Each village in the valley contains a Romanesque church, and is surrounded by a pattern of enclosed fields. There are extensive seasonally-used grazing lands on the higher slopes. ",4.9,79,2
Old Village of Hollókő and its Surroundings,Hungary,Cultural Europe and North America Historic Landmark World Heritage," Hollok&ouml; is an outstanding example of a deliberately preserved traditional settlement. This village, which developed mainly during the 17th and 18th centuries, is a living example of rural life before the agricultural revolution of the 20th century. ",4.6,82,2
Lena Pillars Nature Park,Russian Federation,Natural Europe and North America Historic Landmark World Heritage," Lena Pillars Nature Park is marked by spectacular rock pillars that reach a height of approximately 100 m along the banks of the Lena River in the central part of the Sakha Republic (Yakutia). They were produced by the region’s extreme continental climate with an annual temperature range of almost 100 degrees Celsius (from –60 °C in winter to +40 °C in summer). The pillars form rocky buttresses isolated from each other by deep and steep gullies developed by frost shattering directed along intervening joints. Penetration of water from the surface has facilitated cryogenic processes (freeze-thaw action), which have widened gullies between pillars leading to their isolation. Fluvial processes are also critical to the pillars. The site also contains a wealth of Cambrian fossil remains of numerous species, some of them unique. ",4.6,85,2
Kyiv,Ukraine,City Trip Culture History Art Nightlife Party,"Strolling through lively squares and historic streets, you'll feel the vibrant energy of a city rich in culture and warm hospitality.",3.9,82,1
Pago Pago,American Samoa,City Trip Nature Landscape Adventure Hiking Beach Sea Tropical,"Lush green mountains meet crystal-clear waters, where laid-back island vibes and vibrant Polynesian culture create a welcoming and serene atmosphere.",4.9,76,3
Lomé,Togo,City Trip,"Bustling markets filled with vibrant textiles and the scent of spices create an energetic atmosphere, while palm-lined beaches offer serene escapes.",3.9,81,1
Hattusha: the Hittite Capital,Turkey,Cultural Europe and North America Historic Landmark World Heritage," The archaeological site of Hattusha, former capital of the Hittite Empire, is notable for its urban organization, the types of construction that have been preserved (temples, royal residences, fortifications), the rich ornamentation of the Lions' Gate and the Royal Gate, and the ensemble of rock art at Yazilikaya. The city enjoyed considerable influence in Anatolia and northern Syria in the 2nd millennium B.C. ",4.6,50,1
"Decorated Cave of Pont d’Arc, known as Grotte Chauvet-Pont d’Arc, Ardèche",France,Cultural Europe and North America Historic Landmark World Heritage," Located in a limestone plateau of the Ardèche River in southern France, the property contains the earliest-known and best-preserved figurative drawings in the world, dating back as early as the Aurignacian period (30,000–32,000 BP), making it an exceptional testimony of prehistoric art. The cave was closed off by a rock fall approximately 20,000 years BP and remained sealed until its discovery in 1994, which helped to keep it in pristine condition. Over 1,000 images have so far been inventoried on its walls, combining a variety of anthropomorphic and animal motifs. Of exceptional aesthetic quality, they demonstrate a range of techniques including the skilful use of shading, combinations of paint and engraving, anatomical precision, three-dimensionality and movement. They include several dangerous animal species difficult to observe at that time, such as mammoth, bear, cave lion, rhino, bison and auroch, as well as 4,000 inventoried remains of prehistoric fauna and a variety of human footprints. ",4.7,89,2
Temple of Preah Vihear,Cambodia,Cultural Asia and the Pacific Historic Landmark World Heritage," Situated on the edge of a plateau that dominates the plain of Cambodia, the Temple of Preah Vihear is dedicated to Shiva. The Temple is composed of a series of sanctuaries linked by a system of pavements and staircases over an 800 metre long axis and dates back to the first half of the 11th century AD. Nevertheless, its complex history can be traced to the 9th century, when the hermitage was founded. This site is particularly well preserved, mainly due to its remote location. The site is exceptional for the quality of its architecture, which is adapted to the natural environment and the religious function of the temple, as well as for the exceptional quality of its carved stone ornamentation. ",4.6,62,3
St. Louis,United States,City Trip Culture History Art,"A fusion of historic charm and modern vibrancy, with leafy parks, jazz-filled streets, and the iconic arch creating a welcoming urban atmosphere.",4.0,83,3
St. George's,Grenada,City Trip Nature Landscape Beach Sea Tropical,"Colorful streets wind around a picturesque harbor, where the scent of spices mingles with the sea breeze, creating a vibrant, laid-back charm.",3.8,73,3
L’Anse aux Meadows National Historic Site,Canada,Cultural Europe and North America Historic Landmark World Heritage," At the tip of the Great Northern Peninsula of the island of Newfoundland, the remains of an 11th-century Viking settlement are evidence of the first European presence in North America. The excavated remains of wood-framed peat-turf buildings are similar to those found in Norse Greenland and Iceland. ",5.0,86,3
Le Colline del Prosecco di Conegliano e Valdobbiadene,Italy,Cultural Europe and North America Historic Landmark World Heritage,"Located in north-eastern Italy, the site includes part of the vinegrowing landscape of the Prosecco wine production area. The landscape is characterized by ‘hogback’ hills, ciglioni – small plots of vines on narrow grassy terraces – forests, small villages and farmland. For centuries, this rugged terrain has been shaped and adapted by man. Since the 17th century, the use of ciglioni has created a particular chequerboard landscape consisting of rows of vines parallel and vertical to the slopes. In the 19th century, the bellussera technique of training the vines contributed to the aesthetic characteristics of the landscape.",4.6,53,1
Cayenne,French Guiana,City Trip Nature Landscape Adventure Hiking,"Tropical vibes meet colonial charm with bustling markets, vibrant street life, and lush greenery creating a unique and inviting atmosphere.",3.7,82,3
Precolumbian Chiefdom Settlements with Stone Spheres of the Diquís,Costa Rica,Cultural Latin America and the Caribbean Historic Landmark World Heritage," The property includes four archaeological sites located in the Diqu&iacute;s Delta in southern Costa Rica, which are considered unique examples of the complex social, economic and political systems of the period AD&nbsp;500&ndash;1500. They contain artificial mounds, paved areas, burial sites and, most significantly, a collection of stone spheres, between 0.7&nbsp;m and 2.57&nbsp;m in diameter, whose meaning, use and production remain largely a mystery. The spheres are distinctive for their perfection, number, size and density, and placement in original locations. Their preservation from the looting that befell the vast majority of archaeological sites in Costa Rica has been attributed to the thick layers of sediment that kept them buried for centuries. ",4.7,60,1
Longobards in Italy. Places of the Power (568-774 A.D.),Italy,Cultural Europe and North America Historic Landmark World Heritage," The Longobards in Italy, Places of Power, 568 - 774 A.D.&nbsp;comprises seven groups of important buildings (including fortresses, churches, and monasteries) throughout the Italian Peninsula. They testify to the high achievement of the Lombards, who migrated from northern Europe and developed their own specific culture in Italy where they ruled over vast territories in the 6th to 8th centuries. The Lombards synthesis of architectural styles marked the transition from Antiquity to the European Middle Ages, drawing on the heritage of Ancient Rome, Christian spirituality, Byzantine influence and Germanic northern Europe. The serial property testifies to the Lombards' major role in the spiritual and cultural development of Medieval European Christianity, notably by bolstering the monastic movement. ",5.0,68,2
Asmara: A Modernist African City,Eritrea,Cultural Africa Historic Landmark World Heritage," Located at over 2,000 m above sea level, the capital of Eritrea developed from the 1890s onwards as a military outpost for the Italian colonial power. After 1935, Asmara underwent a large scale programme of construction applying the Italian rationalist idiom of the time to governmental edifices, residential and commercial buildings, churches, mosques, synagogues, cinemas, hotels, etc. The property encompasses the area of the city that resulted from various phases of planning between 1893 and 1941, as well as the indigenous unplanned neighbourhoods of Arbate Asmera and Abbashawel. It is an exceptional example of early modernist urbanism at the beginning of the 20th century and its application in an African context. ",4.9,72,1
Pittsburgh,United States,City Trip Culture History Art,"Charming riverside views, vibrant arts districts, and a rich industrial history create a welcoming atmosphere full of cultural and culinary discoveries.",4.5,83,3
"From the Great Saltworks of Salins-les-Bains to the Royal Saltworks of Arc-et-Senans, the Production of Open-pan Salt ",France,Cultural Europe and North America Historic Landmark World Heritage," The Royal Saltworks of Arc-et-Senans, near Besançon, was built by Claude Nicolas Ledoux. Its construction, begun in 1775 during the reign of Louis XVI, was the first major achievement of industrial architecture, reflecting the ideal of progress of the Enlightenment. The vast, semicircular complex was designed to permit a rational and hierarchical organization of work and was to have been followed by the building of an ideal city, a project that was never realized. 
 The Great Saltworks of Salins-les-Bains was active for at least 1200 years until stopping activity in 1962. From 1780 to 1895, its salt water travelled through 21 km of wood pipes to the Royal Saltworks of Arc-et-Senans. It was built near the immense Chaux Forest to ensure its supply of wood for fuel. The Saltworks of Salins shelters an underground gallery from the 13th century including a hydraulic pump from the 19th century that still functions. The boiler house demonstrates the difficulty of the saltworkers’ labour to collect the “White Gold”. ",4.6,83,2
Armenian Monastic Ensembles of Iran,Iran (Islamic Republic of),Cultural Asia and the Pacific Historic Landmark World Heritage," The Armenian Monastic Ensembles&nbsp;of Iran, in the north-west of the country, consists of three monastic ensembles of the Armenian Christian faith: St Thaddeus and St Stepanos and the Chapel of Dzordzor. These edifices - the oldest of which, St Thaddeus, dates back to the 7th century &ndash; are examples of outstanding universal value of the Armenian architectural and decorative traditions. They bear testimony to very important interchanges with the other regional cultures, in particular the Byzantine, Orthodox and Persian. Situated on the south-eastern fringe of the main zone of the Armenian cultural space, the monasteries constituted a major centre for the dissemination of that culture in the region. They are the last regional remains of this culture that are still in a satisfactory state of integrity and authenticity. Furthermore, as places of pilgrimage, the monastic ensembles are living witnesses of Armenian religious traditions through the centuries. ",4.6,93,3
Škocjan Caves,Slovenia,Natural Europe and North America Historic Landmark World Heritage," This exceptional system of limestone caves comprises collapsed dolines, some 6 km of underground passages with a total depth of more than 200 m, many waterfalls and one of the largest known underground chambers. The site, located in the Kras region (literally meaning Karst), is one of the most famous in the world for the study of karstic phenomena. ",4.8,52,1
Minneapolis,United States,City Trip Nature Landscape Culture History Art,"A city with vibrant arts scenes, scenic lakeside parks, and diverse neighborhoods, offering a welcoming mix of culture and natural beauty.",4.0,66,3
Wartburg Castle,Germany,Cultural Europe and North America Historic Landmark World Heritage," Wartburg Castle blends superbly into its forest surroundings and is in many ways 'the ideal castle'. Although it has retained some original sections from the feudal period, the form it acquired during the 19th-century reconstitution gives a good idea of what this fortress might have been at the height of its military and seigneurial power. It was during his exile at Wartburg Castle that Martin Luther translated the New Testament into German. ",4.7,89,1
Doñana National Park,Spain,Natural Europe and North America Historic Landmark World Heritage," Doñana National Park in Andalusia occupies the right bank of the Guadalquivir river at its estuary on the Atlantic Ocean. It is notable for the great diversity of its biotopes, especially lagoons, marshlands, fixed and mobile dunes, scrub woodland and maquis. It is home to five threatened bird species. It is one of the largest heronries in the Mediterranean region and is the wintering site for more than 500,000 water fowl each year. ",4.8,92,2
Historic Centre of São Luís,Brazil,Cultural Latin America and the Caribbean Historic Landmark World Heritage," The late 17th-century core of this historic town, founded by the French and occupied by the Dutch before coming under Portuguese rule, has preserved the original rectangular street plan in its entirety. Thanks to a period of economic stagnation in the early 20th century, an exceptional number of fine historic buildings have survived, making this an outstanding example of an Iberian colonial town. ",4.9,72,3
Simien National Park,Ethiopia,Natural Africa Historic Landmark World Heritage," Massive erosion over the years on the Ethiopian plateau has created one of the most spectacular landscapes in the world, with jagged mountain peaks, deep valleys and sharp precipices dropping some 1,500 m. The park is home to some extremely rare animals such as the Gelada baboon, the Simien fox and the Walia ibex, a goat found nowhere else in the world. ",4.8,57,3
Turin,Italy,City Trip Culture History Art,"Strolling through elegant piazzas and baroque architecture, you'll feel the city's rich history and vibrant cultural scene come alive around you.",4.1,67,3
Historic Cairo,Egypt,Cultural Arab States Historic Landmark World Heritage," Tucked away amid the modern urban area of Cairo lies one of the world's oldest Islamic cities, with its famous mosques, madrasas, hammams and fountains. Founded in the 10th century, it became the new centre of the Islamic world, reaching its golden age in the 14th century. ",4.7,61,2
"Arles, Roman and Romanesque Monuments",France,Cultural Europe and North America Historic Landmark World Heritage," Arles is a good example of the adaptation of an ancient city to medieval European civilization. It has some impressive Roman monuments, of which the earliest – the arena, the Roman theatre and the cryptoporticus (subterranean galleries) – date back to the 1st century B.C. During the 4th century Arles experienced a second golden age, as attested by the baths of Constantine and the necropolis of Alyscamps. In the 11th and 12th centuries, Arles once again became one of the most attractive cities in the Mediterranean. Within the city walls, Saint-Trophime, with its cloister, is one of Provence's major Romanesque monuments. ",4.7,86,3
Buddhist Monuments at Sanchi,India,Cultural Asia and the Pacific Historic Landmark World Heritage," On a hill overlooking the plain and about 40 km from Bhopal, the site of Sanchi comprises a group of Buddhist monuments (monolithic pillars, palaces, temples and monasteries) all in different states of conservation most of which date back to the 2nd and 1st centuries B.C. It is the oldest Buddhist sanctuary in existence and was a major Buddhist centre in India until the 12th century A.D. ",4.7,87,3
Taputapuātea,France,Cultural Europe and North America Historic Landmark World Heritage,"Taputapuātea on Ra’iātea Island is at the centre of the ‘Polynesian Triangle’, a vast portion of the Pacific Ocean, dotted with islands, and the last part of the globe to be settled by humans. The property includes two forested valleys, a portion of lagoon and coral reef and a strip of open ocean. At the heart of the property is the Taputapuātea marae complex, a political, ceremonial and funerary centre. It is characterized by several marae, with different functions. Widespread in Polynesia, the marae were places where the world of the living intersected the world of the ancestors and the gods. Taputapuātea is an exceptional testimony to 1,000 years of mā'ohi civilization.",4.6,54,1
"The Causses and the Cévennes, Mediterranean agro-pastoral Cultural Landscape",France,Cultural Europe and North America Historic Landmark World Heritage," This 302,319 ha property, in the southern part of central France, is a mountain landscape interspersed by deep valleys that is representative of the relationship between agro-pastoral systems and their biophysical environment, notably through drailles or drove roads. Villages and substantial stone farmhouses on deep terraces of the Causses reflect the organization of large abbeys from the 11th century. Mont Loz&egrave;re, inside the property, is one of the last places where summer transhumance is still practiced in the traditional way, using the drailles. ",4.5,94,1
Archaeological Sites of the Island of Meroe,Sudan,Cultural Arab States Historic Landmark World Heritage," The Archaeological Sites of the Island of Meroe, a semi-desert landscape between the Nile and Atbara rivers, was the heartland of the Kingdom of Kush, a major power from the 8th century B.C. to the 4th century A.D. The property consists of the royal city of the Kushite kings at Meroe, near the River Nile, the nearby religious site of Naqa and Musawwarat es Sufra. It was the seat of the rulers who occupied Egypt for close to a century and features, among other vestiges, pyramids, temples and domestic buildings as well as major installations connected to water management. Their vast empire extended from the Mediterranean to the heart of Africa, and the property testifies to the exchange between the art, architectures, religions and languages of both regions. ",4.6,51,3
Darien National Park,Panama,Natural Latin America and the Caribbean Historic Landmark World Heritage," Forming a bridge between the two continents of the New World, Darien National Park contains an exceptional variety of habitats – sandy beaches, rocky coasts, mangroves, swamps, and lowland and upland tropical forests containing remarkable wildlife. Two Indian tribes live in the park. ",4.6,75,3
Sao Paulo,Brazil,City Trip Culture History Art Nightlife Party,"Energetic streets buzz with life, offering a tapestry of art, diverse cuisine, and vibrant nightlife that captivates every sense.",3.6,69,3
Historic Centre of the City of Salzburg,Austria,Cultural Europe and North America Historic Landmark World Heritage," Salzburg has managed to preserve an extraordinarily rich urban fabric, developed over the period from the Middle Ages to the 19th century when it was a city-state ruled by a prince-archbishop. Its Flamboyant Gothic art attracted many craftsmen and artists before the city became even better known through the work of the Italian architects Vincenzo Scamozzi and Santini Solari, to whom the centre of Salzburg owes much of its Baroque appearance. This meeting-point of northern and southern Europe perhaps sparked the genius of Salzburg&rsquo;s most famous son, Wolfgang Amadeus Mozart, whose name has been associated with the city ever since. ",4.6,76,3
Garden Kingdom of Dessau-Wörlitz,Germany,Cultural Europe and North America Historic Landmark World Heritage," The Garden Kingdom of Dessau-Wörlitz is an exceptional example of landscape design and planning of the Age of the Enlightenment, the 18th century. Its diverse components - outstanding buildings, landscaped parks and gardens in the English style, and subtly modified expanses of agricultural land - serve aesthetic, educational, and economic purposes in an exemplary manner. ",4.5,72,1
Tromsø,Norway,City Trip Nature Landscape Adventure Hiking,"Snow-draped landscapes and vibrant northern lights create a magical atmosphere, while the crisp Arctic air invigorates your senses and spirit.",3.6,76,5
Pre-Hispanic City and National Park of Palenque,Mexico,Cultural Latin America and the Caribbean Historic Landmark World Heritage," A prime example of a Mayan sanctuary of the classical period, Palenque was at its height between AD 500 and 700, when its influence extended throughout the basin of the Usumacinta River. The elegance and craftsmanship of the buildings, as well as the lightness of the sculpted reliefs with their Mayan mythological themes, attest to the creative genius of this civilization. ",4.9,83,2
Ronda,Spain,City Trip Nature Landscape Culture History Art,Dramatic cliffs and a historic stone bridge create a breathtaking backdrop for wandering cobblestone streets and savoring local wines in sunlit plazas.,4.3,84,3
Castel del Monte,Italy,Cultural Europe and North America Historic Landmark World Heritage," When the Emperor Frederick II built this castle near Bari in the 13th century, he imbued it with symbolic significance, as reflected in the location, the mathematical and astronomical precision of the layout and the perfectly regular shape. A unique piece of medieval military architecture, Castel del Monte is a successful blend of elements from classical antiquity, the Islamic Orient and north European Cistercian Gothic. ",4.5,85,2
Iguazu National Park,Argentina,Natural Latin America and the Caribbean Historic Landmark World Heritage," The semicircular waterfall at the heart of this site is some 80 m high and 2,700 m in diameter and is situated on a basaltic line spanning the border between Argentina and Brazil. Made up of many cascades producing vast sprays of water, it is one of the most spectacular waterfalls in the world. The surrounding subtropical rainforest has over 2,000 species of vascular plants and is home to the typical wildlife of the region: tapirs, giant anteaters, howler monkeys, ocelots, jaguars and caymans. ",4.8,78,2
Kronborg Castle,Denmark,Cultural Europe and North America Historic Landmark World Heritage," Located on a strategically important site commanding the Sund, the stretch of water between Denmark and Sweden, the Royal castle of Kronborg at Helsing&oslash;r (Elsinore) is of immense symbolic value to the Danish people and played a key role in the history of northern Europe in the 16th-18th centuries. Work began on the construction of this outstanding Renaissance castle in 1574, and its defences were reinforced according to the canons of the period's military architecture in the late 17th century. It has remained intact to the present day. It is world-renowned as Elsinore, the setting of Shakespeare's Hamlet. ",5.0,76,1
Historic Centre of the Town of Goiás,Brazil,Cultural Latin America and the Caribbean Historic Landmark World Heritage," Goiás testifies to the occupation and colonization of the lands of central Brazil in the 18th and 19th centuries. The urban layout is an example of the organic development of a mining town, adapted to the conditions of the site. Although modest, both public and private architecture form a harmonious whole, thanks to the coherent use of local materials and vernacular techniques. ",4.6,61,2
"Mana Pools National Park, Sapi and Chewore Safari Areas",Zimbabwe,Natural Africa Historic Landmark World Heritage," On the banks of the Zambezi, great cliffs overhang the river and the floodplains. The area is home to a remarkable concentration of wild animals, including elephants, buffalo, leopards and cheetahs. An important concentration of Nile crocodiles is also be found in the area. ",4.6,92,1
Complex of Koguryo Tombs,Democratic People's Republic of Korea,Cultural Asia and the Pacific Historic Landmark World Heritage," The property includes several group and individual tombs - totalling about 30 individual tombs - from the later period of the Koguryo Kingdom, one of the strongest kingdoms in nowadays northeast China and half of the Korean peninsula between the 3rd century BC to 7th century AD. The tombs, many with beautiful wall paintings, are almost the only remains of this culture. Only about 90 out of more than 10,000 Koguryo tombs discovered in China and Korea so far, have wall paintings. Almost half of these tombs are located on this site and they are thought to have been made for the burial of kings, members of the royal family and the aristocracy. These paintings offer a unique testimony to daily life of this period. ",4.7,93,2
Kunta Kinteh Island and Related Sites,Gambia (the),Cultural Africa Historic Landmark World Heritage," James Island and Related Sites present a testimony to the main periods and facets of the encounter between Africa and Europe along the River Gambia, a continuum stretching from pre-colonial and pre-slavery times to independence. The site is particularly significant for its relation to the beginning of the slave trade and its abolition. It also documents early access to the interior of Africa. ",4.9,85,1
Guilin,China,City Trip Nature Landscape Adventure Hiking,"Lush karst mountains rise dramatically above serene rivers and rice paddies, offering a tranquil escape with breathtaking natural beauty at every turn.",5.0,81,1
Great Living Chola Temples,India,Cultural Asia and the Pacific Historic Landmark World Heritage," The Great Living Chola Temples were built by kings of the Chola Empire, which stretched over all of south India and the neighbouring islands. The site includes three great 11th- and 12th-century Temples: the Brihadisvara Temple at Thanjavur, the Brihadisvara Temple at Gangaikondacholisvaram and the Airavatesvara Temple at Darasuram. The Temple of Gangaikondacholisvaram, built by Rajendra I, was completed in 1035. Its 53-m vimana (sanctum tower) has recessed corners and a graceful upward curving movement, contrasting with the straight and severe tower at Thanjavur. The Airavatesvara temple complex, built by Rajaraja II, at Darasuram features a 24-m vimana and a stone image of Shiva. The temples testify to the brilliant achievements of the Chola in architecture, sculpture, painting and bronze casting. ",4.9,92,3
Villa Adriana (Tivoli),Italy,Cultural Europe and North America Historic Landmark World Heritage," The Villa Adriana (at Tivoli, near Rome) is an exceptional complex of classical buildings created in the 2nd century A.D. by the Roman emperor Hadrian. It combines the best elements of the architectural heritage of Egypt, Greece and Rome in the form of an 'ideal city'. ",4.6,83,3
Amman,Jordan,City Trip Culture History Art,"Bustling markets, aromatic spices, and ancient ruins create a vibrant atmosphere that blends history with the lively rhythms of modern life.",4.8,98,3
Sidi Bou Said,Tunisia,City Trip Culture History Art Beach Sea Tropical,"Whitewashed buildings with blue accents overlook the Mediterranean, offering a serene atmosphere filled with gentle sea breezes and vibrant local art.",4.7,78,1
Rock-Hewn Churches of Ivanovo,Bulgaria,Cultural Europe and North America Historic Landmark World Heritage," In the valley of the Roussenski Lom River, in north east Bulgaria, a complex of rock-hewn churches, chapels, monasteries and cells developed in the vicinity of the village of Ivanovo. This is where the first hermits had dug out their cells and churches during the 12th century. The 14th-century murals testify to the exceptional skill of the artists belonging to the Tarnovo School of painting. ",4.8,90,1
Citadel of the Ho Dynasty,Viet Nam,Cultural Asia and the Pacific Historic Landmark World Heritage," The 14th -century Ho Dynasty citadel, built according to the feng shui principles, testifies to the flowering of neo-Confucianism in late 14th century Viet Nam and its spread to other parts of east Asia. According to these principles it was sited in a landscape of great scenic beauty on an axis joining the Tuong Son and Don Son mountains in a plain between the Ma and Buoi rivers. The citadel buildings represent an outstanding example of a new style of south-east Asian imperial city. ",4.9,90,3
Historic Centre of Kraków,Poland,Cultural Europe and North America Historic Landmark World Heritage," The Historic Centre of Kraków, the former capital of Poland, is situated at the foot of the Royal Wawel Castle. The 13th-century merchants' town has Europe's largest market square and numerous historical houses, palaces and churches with their magnificent interiors. Further evidence of the town's fascinating history is provided by the remnants of the 14th-century fortifications and the medieval site of Kazimierz with its ancient synagogues in the southern part of town, Jagellonian University and the Gothic cathedral where the kings of Poland were buried. ",4.8,55,1
San Carlos de Bariloche,Argentina,City Trip Nature Landscape Adventure Hiking,"Nestled in the Andes, this destination offers stunning lake views, cozy alpine-style chalets, and a sense of tranquility amidst breathtaking natural beauty.",4.7,92,3
São Francisco Square in the Town of São Cristóvão,Brazil,Cultural Latin America and the Caribbean Historic Landmark World Heritage," S&atilde;o Francisco Square, in the town of S&atilde;o Cristov&atilde;o, is a quadrilateral open space surrounded by substantial early buildings such as S&atilde;o Francisco Church and convent, the Church and Santa Casa da Miseric&oacute;rdia, the Provincial Palace and the associated houses of different historical periods surrounding the Square. This monumental ensemble, together with the surrounding 18th- and 19th- century houses, creates an urban landscape which reflects the history of the town since its origin. The Franciscan complex is an example of the typical architecture of the religious order developed in north-eastern Brazil. ",4.5,66,2
Rennes,France,City Trip Culture History Art,"Charming streets lined with timber-framed houses, lively markets, and a vibrant student atmosphere create a welcoming and dynamic experience.",4.9,67,3
Fraser Island,Australia,City Trip Nature Landscape Adventure Hiking Beach Sea Tropical,"Endless stretches of sandy beaches, lush rainforests, and crystal-clear freshwater lakes create a serene escape filled with natural wonders and tranquility.",4.7,86,3
"Archaeological Zone of Paquimé, Casas Grandes",Mexico,Cultural Latin America and the Caribbean Historic Landmark World Heritage," Paquim&eacute;, Casas Grandes, which reached its apogee in the 14th and 15th centuries, played a key role in trade and cultural contacts between the Pueblo culture of the south-western United States and northern Mexico and the more advanced civilizations of Mesoamerica. The extensive remains, only part of which have been excavated, are clear evidence of the vitality of a culture which was perfectly adapted to its physical and economic environment, but which suddenly vanished at the time of the Spanish Conquest. ",4.7,84,2
Maritime Greenwich,United Kingdom of Great Britain and Northern Ireland,Cultural Europe and North America Historic Landmark World Heritage," The ensemble of buildings at Greenwich, an outlying district of London, and the park in which they are set, symbolize English artistic and scientific endeavour in the 17th and 18th centuries. The Queen's House (by Inigo Jones) was the first Palladian building in England, while the complex that was until recently the Royal Naval College was designed by Christopher Wren. The park, laid out on the basis of an original design by André Le Nôtre, contains the Old Royal Observatory, the work of Wren and the scientist Robert Hooke. ",4.8,60,2
Tasmanian Wilderness,Australia,Mixed Asia and the Pacific Historic Landmark World Heritage," In a region that has been subjected to severe glaciation, these parks and reserves, with their steep gorges, covering an area of over 1 million ha, constitute one of the last expanses of temperate rainforest in the world. Remains found in limestone caves attest to the human occupation of the area for more than 20,000 years. ",4.7,87,3
Pilgrimage Church of St John of Nepomuk at Zelená Hora,Czechia,Cultural Europe and North America Historic Landmark World Heritage," This pilgrimage church, built in honour of St John of Nepomuk, stands at Zelená Hora, not far from Ždár nad Sázavou in Moravia. Constructed at the beginning of the 18th century on a star-shaped plan, it is the most unusual work by the great architect Jan Blazej Santini, whose highly original style falls between neo-Gothic and Baroque. ",4.5,58,1
Litomyšl Castle,Czechia,Cultural Europe and North America Historic Landmark World Heritage," Litomyšl Castle was originally a Renaissance arcade-castle of the type first developed in Italy and then adopted and greatly developed in central Europe in the 16th century. Its design and decoration are particularly fine, including the later High-Baroque features added in the 18th century. It preserves intact the range of ancillary buildings associated with an aristocratic residence of this type. ",4.8,88,2
Speicherstadt and Kontorhaus District with Chilehaus,Germany,Cultural Europe and North America Historic Landmark World Heritage," Speicherstadt and the adjacent Kontorhaus district are two densely built urban areas in the centre of the port city of Hamburg. Speicherstadt, originally developed on a group of narrow islands in the Elbe River between 1885 and 1927, was partly rebuilt from 1949 to 1967. It is one of the largest coherent historic ensembles of port warehouses in the world (300,000 m2). It includes 15 very large warehouse blocks as well as six ancillary buildings and a connecting network of short canals. Adjacent to the modernist Chilehaus office building, the Kontorhaus district is an area of over five hectares featuring six very large office complexes built from the 1920s to the 1940s to house port-related businesses. The complex exemplifies the effects of the rapid growth in international trade in the late 19th and early 20th centuries. ",4.7,82,2
Rock-Art Sites of Tadrart Acacus,Libya,Cultural Arab States Historic Landmark World Heritage," On the borders of Tassili N'Ajjer in Algeria, also a World Heritage site, this rocky massif has thousands of cave paintings in very different styles, dating from 12,000 B.C. to A.D. 100. They reflect marked changes in the fauna and flora, and also the different ways of life of the populations that succeeded one another in this region of the Sahara. ",4.6,56,1
Johannesburg,South Africa,City Trip Culture History Art Nightlife Party,"A bustling urban landscape with vibrant street art, diverse culinary delights, and a palpable energy that captures the essence of modern African city life.",4.0,69,3
Willandra Lakes Region,Australia,Mixed Asia and the Pacific Historic Landmark World Heritage," The fossil remains of a series of lakes and sand formations that date from the Pleistocene can be found in this region, together with archaeological evidence of human occupation dating from 45–60,000 years ago. It is a unique landmark in the study of human evolution on the Australian continent. Several well-preserved fossils of giant marsupials have also been found here. ",5.0,84,1
Suzhou,China,City Trip Nature Landscape Culture History Art,"Serene gardens, ancient canals, and the gentle rustle of willow trees create a peaceful escape that invites you to slow down and unwind.",4.1,64,3
Marseille,France,City Trip Culture History Art Nightlife Party,"A lively port city with Mediterranean flair, bustling markets, and a mix of historic charm and modern vibrancy, offering endless exploration.",3.9,65,3
Pristina,Kosovo,City Trip,"A city where vibrant street life, intriguing history, and the aroma of freshly brewed coffee blend into a unique and welcoming atmosphere.",4.0,63,1
Samarkand  – Crossroad of Cultures,Uzbekistan,Cultural Asia and the Pacific Historic Landmark World Heritage," The historic town of Samarkand is a crossroad and melting pot of the world's cultures. Founded in the 7th century B.C. as ancient Afrasiab, Samarkand had its most significant development in the Timurid period from the 14th to the 15th centuries. The major monuments include the Registan Mosque and madrasas, Bibi-Khanum Mosque, the Shakhi-Zinda compound and the Gur-Emir ensemble, as well as Ulugh-Beg's Observatory. ",4.8,67,2
Santa Marta,Colombia,City Trip Nature Landscape Culture History Art Adventure Hiking Beach Sea Tropical,"Golden beaches meet lush mountains, creating a laid-back vibe where you can savor fresh seafood and vibrant sunsets by the sea.",3.7,62,1
Historic District of Old Québec,Canada,Cultural Europe and North America Historic Landmark World Heritage," Québec was founded by the French explorer Champlain in the early 17th century. It is the only North American city to have preserved its ramparts, together with the numerous bastions, gates and defensive works which still surround Old Québec. The Upper Town, built on the cliff, has remained the religious and administrative centre, with its churches, convents and other monuments like the Dauphine Redoubt, the Citadel and Château Frontenac. Together with the Lower Town and its ancient districts, it forms an urban ensemble which is one of the best examples of a fortified colonial city. ",4.9,50,2
City of Cuzco,Peru,Cultural Latin America and the Caribbean Historic Landmark World Heritage," Situated in the Peruvian Andes, Cuzco developed, under the Inca ruler Pachacutec, into a complex urban centre with distinct religious and administrative functions. It was surrounded by clearly delineated areas for agricultural, artisan and industrial production. When the Spaniards conquered it in the 16th century, they preserved the basic structure but built Baroque churches and palaces over the ruins of the Inca city. ",4.5,84,1
Ombilin Coal Mining Heritage of Sawahlunto,Indonesia,Cultural Asia and the Pacific Historic Landmark World Heritage,"Built for the extraction, processing and transport of high-quality coal in an inaccessible region of Sumatra, this industrial site was developed by the Netherlands’ colonial government from the late 19th to the beginning of the 20th century with a workforce recruited from the local population and supplemented by convict labour from Dutch-controlled areas. It comprises the mining site and company town, coal storage facilities at the port of Emmahaven and the railway network linking the mines to the coastal facilities. The The Ombilin Coal Mining Heritage was built as an integrated system that enabled the efficient deep-bore extraction, processing, transport and shipment of coal.",4.7,54,2
Ancient Villages in Southern Anhui – Xidi and Hongcun,China,Cultural Asia and the Pacific Historic Landmark World Heritage," The two traditional villages of Xidi and Hongcun preserve to a remarkable extent the appearance of non-urban settlements of a type that largely disappeared or was transformed during the last century. Their street plan, their architecture and decoration, and the integration of houses with comprehensive water systems are unique surviving examples. ",4.8,88,3
"Fasil Ghebbi, Gondar Region",Ethiopia,Cultural Africa Historic Landmark World Heritage," In the 16th and 17th centuries, the fortress-city of Fasil Ghebbi was the residence of the Ethiopian emperor Fasilides and his successors. Surrounded by a 900-m-long wall, the city contains palaces, churches, monasteries and unique public and private buildings marked by Hindu and Arab influences, subsequently transformed by the Baroque style brought to Gondar by the Jesuit missionaries. ",4.7,75,1
Rideau Canal,Canada,Cultural Europe and North America Historic Landmark World Heritage," The Rideau Canal, a monumental early 19th-century construction covering 202 km of the Rideau and Cataraqui rivers from Ottawa south to Kingston Harbour on Lake Ontario, was built primarily for strategic military purposes at a time when Great Britain and the United States vied for control of the region. The site, one of the first canals to be designed specifically for steam-powered vessels, also features an ensemble of fortifications. It is the best-preserved example of a slackwater canal in North America, demonstrating the use of this European technology on a large scale. It is the only canal dating from the great North American canal-building era of the early 19th century to remain operational along its original line with most of its structures intact. ",4.9,81,1
"Pitons, cirques and remparts of Reunion Island",France,Natural Europe and North America Historic Landmark World Heritage," The Pitons, cirques and remparts of Reunion Island site coincides with the core zone of La Réunion National Park. The property covers more than 100,000 ha or 40 % of La Réunion, an island comprising two adjoining volcanic massifs located in the south-west of the Indian Ocean. Dominated by two towering volcanic peaks, massive walls and three cliff-rimmed cirques, the property includes a great variety of rugged terrain and impressive escarpments, forested gorges and basins creating a visually striking landscape. It is the natural habitat for a wide diversity of plants, presenting a high level of endemism. There are subtropical rainforests, cloud forests and heaths creating a remarkable and visually appealing mosaic of ecosystems and landscape features. ",4.8,54,1
Isole Eolie (Aeolian Islands),Italy,Natural Europe and North America Historic Landmark World Heritage," The Aeolian Islands provide an outstanding record of volcanic island-building and destruction, and ongoing volcanic phenomena. Studied since at least the 18th century, the islands have provided the science of vulcanology with examples of two types of eruption (Vulcanian and Strombolian) and thus have featured prominently in the education of geologists for more than 200 years. The site continues to enrich the field of vulcanology. ",4.9,92,2
Liverpool – Maritime Mercantile City,United Kingdom of Great Britain and Northern Ireland,Cultural Europe and North America Historic Landmark World Heritage," Six areas in the historic centre and docklands of the maritime mercantile City of Liverpool bear witness to the development of one of the world&rsquo;s major trading centres in the 18th and 19th centuries. Liverpool played an important role in the growth of the British Empire and became the major port for the mass movement of people, e.g. slaves and emigrants from northern Europe to America. Liverpool was a pioneer in the development of modern dock technology, transport systems and port management. The listed sites feature a great number of significant commercial, civic and public buildings, including St George&rsquo;s Plateau. ",4.9,84,2
Notre-Dame Cathedral in Tournai,Belgium,Cultural Europe and North America Historic Landmark World Heritage," The Cathedral of Notre-Dame in Tournai was built in the first half of the 12th century. It is especially distinguished by a Romanesque nave of extraordinary dimensions, a wealth of sculpture on its capitals and a transept topped by five towers, all precursors of the Gothic style. The choir, rebuilt in the 13th century, is in the pure Gothic style. ",4.6,53,1
Crac des Chevaliers and Qal’at Salah El-Din,Syrian Arab Republic,Cultural Arab States Historic Landmark World Heritage," These two castles represent the most significant examples illustrating the exchange of influences and documenting the evolution of fortified architecture in the Near East during the time of the Crusades (11th - 13th centuries). The Crac des Chevaliers was built by the Hospitaller Order of Saint John of Jerusalem from 1142 to 1271. With further construction by the Mamluks in the late 13th century, it ranks among the best-preserved examples of the Crusader castles. The Qal&rsquo;at Salah El-Din (Fortress of Saladin), even though partly in ruins, represents an outstanding example of this type of fortification, both in terms of the quality of construction and the survival of historical stratigraphy. It retains features from its Byzantine beginnings in the 10th century, the Frankish transformations in the late 12th century and fortifications added by the Ayyubid dynasty (late 12th to mid-13th century). ",4.7,89,1
Elephanta Caves,India,Cultural Asia and the Pacific Historic Landmark World Heritage," The 'City of Caves', on an island in the Sea of Oman close to Bombay, contains a collection of rock art linked to the cult of Shiva. Here, Indian art has found one of its most perfect expressions, particularly the huge high reliefs in the main cave. ",5.0,65,3
Tucson,United States,City Trip Nature Landscape Culture History Art Adventure Hiking,"Vibrant desert landscapes, stunning sunsets, and a rich blend of Native American and Mexican cultures make every moment feel uniquely captivating.",4.4,63,3
Cali,Colombia,City Trip Culture History Art Nightlife Party,"Lively streets filled with salsa rhythms, vibrant street art, and the aroma of empanadas create an infectious energy that's hard to resist.",3.9,63,1
Vizcaya Bridge,Spain,Cultural Europe and North America Historic Landmark World Heritage," Vizcaya Bridge straddles the mouth of the Ibaizabal estuary, west of Bilbao. It was designed by the Basque architect Alberto de Palacio and completed in 1893. The 45-m-high bridge with its span of 160 m, merges 19th-century ironworking traditions with the then new lightweight technology of twisted steel ropes. It was the first bridge in the world to carry people and traffic on a high suspended gondola and was used as a model for many similar bridges in Europe, Africa and the America only a few of which survive. With its innovative use of lightweight twisted steel cables, it is regarded as one of the outstanding architectural iron constructions of the Industrial Revolution. ",4.7,67,3
Baltimore,United States,City Trip Culture History Art Nightlife Party,"Historic cobblestone streets meet vibrant waterfronts, offering a lively mix of seafood aromas, street art, and a welcoming, laid-back vibe.",4.0,88,3
Tikal National Park,Guatemala,Mixed Latin America and the Caribbean Historic Landmark World Heritage," In the heart of the jungle, surrounded by lush vegetation, lies one of the major sites of Mayan civilization, inhabited from the 6th century B.C. to the 10th century A.D. The ceremonial centre contains superb temples and palaces, and public squares accessed by means of ramps. Remains of dwellings are scattered throughout the surrounding countryside. ",4.9,53,1
Zanzibar Town,Tanzania,City Trip Nature Landscape Culture History Art Beach Sea Tropical,Winding streets filled with the aroma of spices and the sound of Swahili music create an enchanting and vibrant atmosphere.,4.0,65,3
Historic Centre of Český Krumlov,Czechia,Cultural Europe and North America Historic Landmark World Heritage," Situated on the banks of the Vltava river, the town was built around a 13th-century castle with Gothic, Renaissance and Baroque elements. It is an outstanding example of a small central European medieval town whose architectural heritage has remained intact thanks to its peaceful evolution over more than five centuries. ",4.8,85,2
"Ibiza, Biodiversity and Culture",Spain,Mixed Europe and North America Historic Landmark World Heritage," Ibiza provides an excellent example of the interaction between the marine and coastal ecosystems. The dense prairies of oceanic Posidonia (seagrass), an important endemic species found only in the Mediterranean basin, contain and support a diversity of marine life. Ibiza preserves considerable evidence of its long history. The archaeological sites at Sa Caleta (settlement) and Puig des Molins (necropolis) testify to the important role played by the island in the Mediterranean economy in protohistory, particularly during the Phoenician-Carthaginian period. The fortified Upper Town (Alta Vila) is an outstanding example of Renaissance military architecture; it had a profound influence on the development of fortifications in the Spanish settlements of the New World. ",4.8,58,3
Historic Centre of Guimarães,Portugal,Cultural Europe and North America Historic Landmark World Heritage," The historic town of Guimarães is associated with the emergence of the Portuguese national identity in the 12th century. An exceptionally well-preserved and authentic example of the evolution of a medieval settlement into a modern town, its rich building typology exemplifies the specific development of Portuguese architecture from the 15th to 19th century through the consistent use of traditional building materials and techniques. ",4.8,54,2
Denver,United States,City Trip Nature Landscape Culture History Art Adventure Hiking,"A vibrant mix of urban sophistication and outdoor adventure, with crisp mountain air and a lively arts scene creating an invigorating atmosphere.",4.0,76,3
Aasivissuit – Nipisat. Inuit Hunting Ground between Ice and Sea,Denmark,Cultural Europe and North America Historic Landmark World Heritage," Located inside the Arctic Circle in the central part of West Greenland, the property contains the remains of 4,200 years of human history. It is a cultural landscape which bears witness to its creators’ hunting of land and sea animals, seasonal migrations and a rich and well-preserved tangible and intangible cultural heritage linked to climate, navigation and medicine. The features of the property include large winter houses and evidence of caribou hunting, as well as archaeological sites from Paleo-Inuit and Inuit cultures. The cultural landscape includes seven key localities, from Nipisat in the west to Aasivissuit, near the ice cap in the east. It bears testimony to the resilience of the human cultures of the region and their traditions of seasonal migration. ",4.5,76,3
Rwenzori Mountains National Park,Uganda,Natural Africa Historic Landmark World Heritage," The Rwenzori Mountains National Park covers nearly 100,000 ha in western Uganda and comprises the main part of the Rwenzori mountain chain, which includes Africa's third highest peak (Mount Margherita: 5,109 m). The region's glaciers, waterfalls and lakes make it one of Africa's most beautiful alpine areas. The park has many natural habitats of endangered species and a rich and unusual flora comprising, among other species, the giant heather. ",4.6,70,2
Western Caucasus,Russian Federation,Natural Europe and North America Historic Landmark World Heritage," The Western Caucasus, extending over 275,000 ha of the extreme western end of the Caucasus mountains and located 50 km north-east of the Black Sea, is one of the few large mountain areas of Europe that has not experienced significant human impact. Its subalpine and alpine pastures have only been grazed by wild animals, and its extensive tracts of undisturbed mountain forests, extending from the lowlands to the subalpine zone, are unique in Europe. The site has a great diversity of ecosystems, with important endemic plants and wildlife, and is the place of origin and reintroduction of the mountain subspecies of the European bison. ",5.0,84,2
Ancient and Primeval Beech Forests of the Carpathians and Other Regions of Europe,"Albania,Austria,Belgium,Bulgaria,Croatia,Germany,Italy,Romania,Slovakia,Slovenia,Spain,Ukraine",Natural Europe and North America Historic Landmark World Heritage," This transboundary property stretches over 12 countries. Since the end of the last Ice Age, European Beech spread from a few isolated refuge areas in the Alps, Carpathians, Dinarides, Mediterranean and Pyrenees over a short period of a few thousand years in a process that is still ongoing. The successful expansion across a whole continent is related to the tree’s adaptability and tolerance of different climatic, geographical and physical conditions.  ",4.9,55,3
Ghent,Belgium,City Trip Culture History Art Nightlife Party,"Charming canals and medieval architecture create a cozy atmosphere, inviting you to wander through cobblestone streets and discover hidden corners filled with history.",3.6,84,3
Kernavė  Archaeological Site (Cultural Reserve of Kernavė),Lithuania,Cultural Europe and North America Historic Landmark World Heritage," The Kernavė Archaeological site, about 35 km north-west of Vilnius in eastern Lithuania, represents an exceptional testimony to some 10 millennia of human settlements in this region. Situated in the valley of the River Neris, the site is a complex ensemble of archaeological properties, encompassing the town of Kernavė, forts, some unfortified settlements, burial sites and other archaeological, historical and cultural monuments from the late Palaeolithic Period to the Middle Ages. The site of 194,4 ha has preserved the traces of ancient land-use, as well as remains of five impressive hill forts, part of an exceptionally large defence system. Kernavė was an important feudal town in the Middle Ages. The town was destroyed by the Teutonic Order in the late 14th century, however the site remained in use until modern times. ",4.9,87,1
Skogskyrkogården,Sweden,Cultural Europe and North America Historic Landmark World Heritage," This Stockholm cemetery was created between 1917 and 1920 by two young architects, Asplund and Lewerentz, on the site of former gravel pits overgrown with pine trees. The design blends vegetation and architectural elements, taking advantage of irregularities in the site to create a landscape that is finely adapted to its function. It has had a profound influence in many countries of the world. ",4.5,94,1
The Sassi and the Park of the Rupestrian Churches of Matera,Italy,Cultural Europe and North America Historic Landmark World Heritage," This is the most outstanding, intact example of a troglodyte settlement in the Mediterranean region, perfectly adapted to its terrain and ecosystem. The first inhabited zone dates from the Palaeolithic, while later settlements illustrate a number of significant stages in human history. Matera is in the southern region of Basilicata. ",4.8,80,3
"Cilento and Vallo di Diano National Park with the Archeological Sites of Paestum and Velia, and the Certosa di Padula",Italy,Cultural Europe and North America Historic Landmark World Heritage," The Cilento is an outstanding cultural landscape. The dramatic groups of sanctuaries and settlements along its three east–west mountain ridges vividly portray the area's historical evolution: it was a major route not only for trade, but also for cultural and political interaction during the prehistoric and medieval periods. The Cilento was also the boundary between the Greek colonies of Magna Graecia and the indigenous Etruscan and Lucanian peoples. The remains of two major cities from classical times, Paestum and Velia, are found there. ",4.9,84,3
Bryggen,Norway,Cultural Europe and North America Historic Landmark World Heritage," Bryggen, the old wharf of Bergen, is a reminder of the town’s importance as part of the Hanseatic League’s trading empire from the 14th to the mid-16th century. Many fires, the last in 1955, have ravaged the characteristic wooden houses of Bryggen. Its rebuilding has traditionally followed old patterns and methods, thus leaving its main structure preserved, which is a relic of an ancient wooden urban structure once common in Northern Europe. Today, some 62 buildings remain of this former townscape. ",4.9,80,3
Ruins of Loropéni,Burkina Faso,Cultural Africa Historic Landmark World Heritage," The 11,130m2 property, the first to be inscribed in the country, with its imposing stone walls is the best preserved of ten fortresses in the Lobi area and is part of a larger group of 100 stone enclosures that bear testimony to the power of the trans-Saharan gold trade. Situated near the borders of C&ocirc;te d&rsquo;Ivoire, Ghana and Togo, the ruins have recently been shown to be at least 1,000 years old. The settlement was occupied by the Lohron or Koulango peoples, who controlled the extraction and transformation of gold in the region when it reached its apogee from the 14th to the 17th century. Much mystery surrounds this site large parts of which have yet to be excavated. The settlement seems to have been abandoned during some periods during its long history. The property which was finally deserted in the early 19th century is expected to yield much more information. ",4.7,67,3
Erzgebirge/Krušnohoří Mining Region,"Czechia,Germany",Cultural Europe and North America Historic Landmark World Heritage,"Erzgebirge/Krušnohoří (Ore Mountains) spans a region in south-eastern Germany (Saxony) and north-western Czechia, which contains a wealth of several metals exploited through mining from the Middle Ages onwards. The region became the most important source of silver ore in Europe from 1460 to 1560 and was the trigger for technological innovations. Tin was historically the second metal to be extracted and processed at the site. At the end of the 19th century, the region became a major global producer of uranium. The cultural landscape of the Ore Mountains has been deeply shaped by 800 years of almost continuous mining, from the 12th to the 20th century, with mining, pioneering water management systems, innovative mineral processing and smelting sites, and mining cities.",4.5,90,1
Perth,Australia,City Trip Nature Landscape Adventure Hiking Beach Sea Tropical,"Sun-kissed beaches meet a laid-back city vibe with sprawling parks, buzzing markets, and a sense of space that feels refreshingly open.",4.0,63,3
Trinidad and the Valley de los Ingenios,Cuba,Cultural Latin America and the Caribbean Historic Landmark World Heritage," Founded in the early 16th century in honour of the Holy Trinity, the city was a bridgehead for the conquest of the American continent. Its 18th- and 19th-century buildings, such as the Palacio Brunet and the Palacio Cantero, were built in its days of prosperity from the sugar trade. ",4.6,62,3
Margravial Opera House Bayreuth,Germany,Cultural Europe and North America Historic Landmark World Heritage," A masterpiece of Baroque theatre architecture, built between 1745 and 1750, the Opera House is the only entirely preserved example of its type where an audience of 500 can experience Baroque court opera culture and acoustics authentically, as its auditorium retains its original materials, i.e. wood and canvas. Commissioned by Margravine Wilhelmine, wife of Frederick, Margrave of Brandenburg&ndash;Bayreuth, it was designed by the renowned theatre architect Giuseppe Galli Bibiena. As a court opera house in a public space, it foreshadowed the large public theatres of the 19th century. The highly decorated theatre&rsquo;s tiered loge structure of wood with illusionistic painted canvas represents the ephemeral ceremonial architectural tradition that was employed in pageants and celebrations for princely self-representation. ",4.7,69,2
Kampala,Uganda,City Trip Nature Landscape Culture History Art,"Bustling streets filled with vibrant markets, the aroma of local cuisine, and a lively cultural scene create an inviting urban adventure.",4.9,77,1
Central Suriname Nature Reserve,Suriname,Natural Latin America and the Caribbean Historic Landmark World Heritage," The Central Suriname Nature Reserve comprises 1.6 million ha of primary tropical forest of west-central Suriname. It protects the upper watershed of the Coppename River and the headwaters of the Lucie, Oost, Zuid, Saramaccz, and Gran Rio rivers and covers a range of topography and ecosystems of notable conservation value due to its pristine state. Its montane and lowland forests contain a high diversity of plant life with more than 5,000 vascular plant species collected to date. The Reserve's animals are typical of the region and include the jaguar, giant armadillo, giant river otter, tapir, sloths, eight species of primates and 400 bird species such as harpy eagle, Guiana cock-of-the-rock, and scarlet macaw. ",4.7,79,1
Manama,Bahrain,City Trip Culture History Art Nightlife Party,"A blend of modern skyscrapers and traditional souks, offering a warm, welcoming atmosphere with the aroma of spices and sea breezes.",4.6,94,3
Sassanid Archaeological Landscape of Fars Region,Iran (Islamic Republic of),Cultural Asia and the Pacific Historic Landmark World Heritage," The eight archaeological sites situated in three geographical areas in the southeast of Fars Province: Firuzabad, Bishapur and Sarvestan. The fortified structures, palaces and city plans date back to the earliest and latest times of the Sassanian Empire, which stretched across the region from 224 to 658 CE. Among these sites is the capital built by the founder of the dynasty, Ardashir Papakan, as well as a city and architectural structures of his successor, Shapur I. The archaeological landscape reflects the optimized utilization of natural topography and bears witness to the influence of Achaemenid and Parthian cultural traditions and of Roman art, which had a significant impact on the architecture of the Islamic era. ",4.5,54,1
Funchal,Portugal,City Trip Nature Landscape Culture History Art,"Charming cobblestone streets lined with vibrant flowers, ocean breezes, and the aroma of local cuisine create a welcoming and relaxed atmosphere.",4.6,64,3
Upper Middle Rhine Valley,Germany,Cultural Europe and North America Historic Landmark World Heritage," The 65km-stretch of the Middle Rhine Valley, with its castles, historic towns and vineyards, graphically illustrates the long history of human involvement with a dramatic and varied natural landscape. It is intimately associated with history and legend and for centuries has exercised a powerful influence on writers, artists and composers. ",4.9,85,3
Khajuraho Group of Monuments,India,Cultural Asia and the Pacific Historic Landmark World Heritage," The temples at Khajuraho were built during the Chandella dynasty, which reached its apogee between 950 and 1050. Only about 20 temples remain; they fall into three distinct groups and belong to two different religions &ndash; Hinduism and Jainism. They strike a perfect balance between architecture and sculpture. The Temple of Kandariya is decorated with a profusion of sculptures that are among the greatest masterpieces of Indian art. ",4.7,75,2
Algarve,Portugal,City Trip Nature Landscape Adventure Hiking Beach Sea Tropical,"Golden cliffs and serene beaches meet charming villages, where the scent of grilled sardines and the sound of ocean waves fill the air.",4.1,79,3
Bronze Age Burial Site of Sammallahdenmäki,Finland,Cultural Europe and North America Historic Landmark World Heritage," This Bronze Age burial site features more than 30 granite burial cairns, providing a unique insight into the funerary practices and social and religious structures of northern Europe more than three millennia ago. ",4.7,56,3
Town of Luang Prabang,Lao People's Democratic Republic,Cultural Asia and the Pacific Historic Landmark World Heritage," Luang Prabang is an outstanding example of the fusion of traditional architecture and Lao urban structures with those built by the European colonial authorities in the 19th and 20th centuries. Its unique, remarkably well-preserved townscape illustrates a key stage in the blending of these two distinct cultural traditions. ",4.5,87,2
"Cathedral of Notre-Dame, Former Abbey of Saint-Rémi and Palace of Tau, Reims",France,Cultural Europe and North America Historic Landmark World Heritage," The outstanding handling of new architectural techniques in the 13th century, and the harmonious marriage of sculptural decoration with architecture, has made Notre-Dame in Reims one of the masterpieces of Gothic art. The former abbey still has its beautiful 9th-century nave, in which lie the remains of Archbishop St R&eacute;mi (440&ndash;533), who instituted the Holy Anointing of the kings of France. The former archiepiscopal palace known as the Tau Palace, which played an important role in religious ceremonies, was almost entirely rebuilt in the 17th century. ",4.7,92,2
Thungyai-Huai Kha Khaeng Wildlife Sanctuaries,Thailand,Natural Asia and the Pacific Historic Landmark World Heritage," Stretching over more than 600,000 ha along the Myanmar border, the sanctuaries, which are relatively intact, contain examples of almost all the forest types of continental South-East Asia. They are home to a very diverse array of animals, including 77% of the large mammals (especially elephants and tigers), 50% of the large birds and 33% of the land vertebrates to be found in this region. ",4.7,62,2
"Historic Ensemble of the Potala Palace, Lhasa",China,Cultural Asia and the Pacific Historic Landmark World Heritage," The Potala Palace, winter palace of the Dalai Lama since the 7th century, symbolizes Tibetan Buddhism and its central role in the traditional administration of Tibet. The complex, comprising the White and Red Palaces with their ancillary buildings, is built on Red Mountain in the centre of Lhasa Valley, at an altitude of 3,700m. Also founded in the 7th century, the Jokhang Temple Monastery is an exceptional Buddhist religious complex. Norbulingka, the Dalai Lama's former summer palace, constructed in the 18th century, is a masterpiece of Tibetan art. The beauty and originality of the architecture of these three sites, their rich ornamentation and harmonious integration in a striking landscape, add to their historic and religious interest. ",4.8,60,2
"Grimeton Radio Station, Varberg",Sweden,Cultural Europe and North America Historic Landmark World Heritage," The Varberg Radio Station at Grimeton in southern Sweden (built 1922–24) is an exceptionally well-preserved monument to early wireless transatlantic communication. It consists of the transmitter equipment, including the aerial system of six 127-m high steel towers. Although no longer in regular use, the equipment has been maintained in operating condition. The 109.9-ha site comprises buildings housing the original Alexanderson transmitter, including the towers with their antennae, short-wave transmitters with their antennae, and a residential area with staff housing. The architect Carl Åkerblad designed the main buildings in the neoclassical style and the structural engineer Henrik Kreüger was responsible for the antenna towers, the tallest built structures in Sweden at that time. The site is an outstanding example of the development of telecommunications and is the only surviving example of a major transmitting station based on pre-electronic technology. ",4.9,57,3
Palace and Park of Versailles,France,Cultural Europe and North America Historic Landmark World Heritage," The Palace of Versailles was the principal residence of the French kings from the time of Louis XIV to Louis XVI. Embellished by several generations of architects, sculptors, decorators and landscape architects, it provided Europe with a model of the ideal royal residence for over a century. ",4.5,67,3
Chaîne des Puys - Limagne fault tectonic arena,France,Natural Europe and North America Historic Landmark World Heritage," Situated in the centre of France, the property comprises the long Limagne fault, the alignments of the Chaîne des Puys volcanoes and the inverted relief of the Montagne de la Serre. It is an emblematic segment of the West European Rift, created in the aftermath of the formation of the Alps, 35 million years ago. The geological features of the property demonstrate how the continental crust cracks, then collapses, allowing deep magma to rise and cause uplifting at the surface. The property is an exceptional illustration of continental break-up – or rifting – which is one of the five major stages of plate tectonics. ",4.6,85,2
Rietveld Schröderhuis (Rietveld Schröder House),Netherlands,Cultural Europe and North America Historic Landmark World Heritage," The Rietveld Schröder House in Utrecht was commissioned by Ms Truus Schröder-Schräder, designed by the architect Gerrit Thomas Rietveld, and built in 1924. This small family house, with its interior, the flexible spatial arrangement, and the visual and formal qualities, was a manifesto of the ideals of the De Stijl group of artists and architects in the Netherlands in the 1920s, and has since been considered one of the icons of the Modern Movement in architecture. ",4.9,93,2
Royal Monastery of Santa María de Guadalupe,Spain,Cultural Europe and North America Historic Landmark World Heritage, The monastery is an outstanding repository of four centuries of Spanish religious architecture. It symbolizes two significant events in world history that occurred in 1492: the Reconquest of the Iberian peninsula by the Catholic Kings and Christopher Columbus' arrival in the Americas. Its famous statue of the Virgin became a powerful symbol of the Christianization of much of the New World. ,4.7,89,2
Las Médulas,Spain,Cultural Europe and North America Historic Landmark World Heritage," In the 1st century A.D. the Roman Imperial authorities began to exploit the gold deposits of this region in north-west Spain, using a technique based on hydraulic power. After two centuries of working the deposits, the Romans withdrew, leaving a devastated landscape. Since there was no subsequent industrial activity, the dramatic traces of this remarkable ancient technology are visible everywhere as sheer faces in the mountainsides and the vast areas of tailings, now used for agriculture. ",4.8,57,3
Historic City of Sucre,Bolivia (Plurinational State of),Cultural Latin America and the Caribbean Historic Landmark World Heritage," Sucre, the first capital of Bolivia, was founded by the Spanish in the first half of the 16th century. Its many well-preserved 16th-century religious buildings, such as San L&aacute;zaro, San Francisco and Santo Domingo, illustrate the blending of local architectural traditions with styles imported from Europe. ",5.0,93,3
Lhasa,China,City Trip Nature Landscape Culture History Art Adventure Hiking,High-altitude streets filled with the scent of incense and the sound of prayer wheels create a serene yet vibrant atmosphere.,3.5,76,5
Town of Bamberg,Germany,Cultural Europe and North America Historic Landmark World Heritage," From the 10th century onwards, this town became an important link with the Slav peoples, especially those of Poland and Pomerania. During its period of greatest prosperity, from the 12th century onwards, the architecture of Bamberg strongly influenced northern Germany and Hungary. In the late 18th century it was the centre of the Enlightenment in southern Germany, with eminent philosophers and writers such as Hegel and Hoffmann living there. ",4.6,57,3
Dakar,Senegal,City Trip Culture History Art Beach Sea Tropical,"Bustling markets, rhythmic music, and vibrant street life create an energetic atmosphere that's both captivating and welcoming.",4.4,83,3
Chan Chan Archaeological Zone,Peru,Cultural Latin America and the Caribbean Historic Landmark World Heritage," The Chimu Kingdom, with Chan Chan as its capital, reached its apogee in the 15th century, not long before falling to the Incas. The planning of this huge city, the largest in pre-Columbian America, reflects a strict political and social strategy, marked by the city's division into nine 'citadels' or 'palaces' forming autonomous units. ",4.8,78,3
Victoria,Seychelles,City Trip Nature Landscape Adventure Hiking Beach Sea Tropical,"Lush tropical landscapes meet the vibrant colors of bustling markets, offering a sensory feast of exotic flavors and warm ocean breezes.",4.9,72,5
York,United Kingdom,City Trip Culture History Art,"Charming cobblestone streets and ancient city walls create a cozy, inviting atmosphere, where history and modern vibrancy coexist beautifully.",3.7,70,3
Rovaniemi,Finland,City Trip Nature Landscape Adventure Hiking,"Snow-draped forests, cozy log cabins, and the ethereal dance of the Northern Lights create a magical winter wonderland experience.",3.6,93,3
Gunung Mulu National Park,Malaysia,Natural Asia and the Pacific Historic Landmark World Heritage," Important both for its high biodiversity and for its karst features, Gunung Mulu National Park, on the island of Borneo in the State of Sarawak, is the most studied tropical karst area in the world. The 52,864-ha park contains seventeen vegetation zones, exhibiting some 3,500 species of vascular plants. Its palm species are exceptionally rich, with 109 species in twenty genera noted. The park is dominated by Gunung Mulu, a 2,377 m-high sandstone pinnacle. At least 295 km of explored caves provide a spectacular sight and are home to millions of cave swiftlets and bats. The Sarawak Chamber, 600 m by 415 m and 80 m high, is the largest known cave chamber in the world. ",4.6,53,2
Gebel Barkal and the Sites of the Napatan Region,Sudan,Cultural Arab States Historic Landmark World Heritage," These five archaeological sites, stretching over more than 60 km in the Nile valley, are testimony to the Napatan (900 to 270 BC) and Meroitic (270 BC to 350 AD) cultures, of the second kingdom of Kush. Tombs, with and without pyramids, temples, living complexes and palaces, are to be found on the site. Since Antiquity, the hill of Gebel Barkal has been strongly associated with religious traditions and folklore. The largest temples are still considered by the local people as sacred places. ",4.9,87,1
Western Tien-Shan,"Kazakhstan,Kyrgyzstan,Uzbekistan",Natural Asia and the Pacific Historic Landmark World Heritage," The transnational property is located in the Tien-Shan mountain system, one of the largest mountain ranges in the world. Western Tien-Shan ranges in altitude from 700 to 4,503 m. It features diverse landscapes, which are home to exceptionally rich biodiversity. It is of global importance as a centre of origin for a number of cultivated fruit crops and is home to a great diversity of forest types and unique plant community associations.  ",4.6,77,3
"The Jantar Mantar, Jaipur",India,Cultural Asia and the Pacific Historic Landmark World Heritage," The Jantar Mantar, in Jaipur, is an astronomical observation site built in the early 18th century. It includes a set of some 20 main fixed instruments. They are monumental examples in masonry of known instruments but which in many cases have specific characteristics of their own. Designed for the observation of astronomical positions with the naked eye, they embody several architectural and instrumental innovations. This is the most significant, most comprehensive, and the best preserved of India's historic observatories. It is an expression of the astronomical skills and cosmological concepts of the court of a scholarly prince at the end of the Mughal period. ",5.0,63,1
Baalbek,Lebanon,Cultural Arab States Historic Landmark World Heritage," This Phoenician city, where a triad of deities was worshipped, was known as Heliopolis during the Hellenistic period. It retained its religious function during Roman times, when the sanctuary of the Heliopolitan Jupiter attracted thousands of pilgrims. Baalbek, with its colossal structures, is one of the finest examples of Imperial Roman architecture at its apogee. ",4.6,70,3
Antigua,Guatemala,City Trip Nature Landscape Culture History Art,Cobblestone streets lined with colorful colonial buildings and vibrant markets create an enchanting atmosphere that feels both historic and warmly inviting.,4.0,92,1
Historic Centre of the Town of Olinda,Brazil,Cultural Latin America and the Caribbean Historic Landmark World Heritage," Founded in the 16th century by the Portuguese, the town&rsquo;s history is linked to the sugar-cane industry. Rebuilt after being looted by the Dutch, its basic urban fabric dates from the 18th century. The harmonious balance between the buildings, gardens, 20 Baroque churches, convents and numerous small passos (chapels) all contribute to Olinda&rsquo;s particular charm. ",4.6,93,2
Twyfelfontein or /Ui-//aes,Namibia,Cultural Africa Historic Landmark World Heritage," Twyfelfontein or /Ui-//aes has one of the largest concentrations of [...] petroglyphs, i.e. rock engravings in Africa. Most of these well-preserved engravings represent rhinoceros, . The site also includes six painteelephant, ostrich and giraffe, as well as drawings of human and animal footprintsd rock shelters with motifs of human figures in red ochre. The objects excavated from two sections, date from the Late Stone Age. The site forms a coherent, extensive and high-quality record of ritual practices relating to hunter-gatherer communities in this part of southern Africa over at least 2,000 years, and eloquently illustrates the links between the ritual and economic practices of hunter-gatherers. ",4.6,71,3
Beira,Mozambique,City Trip,Warm ocean breezes mix with the vibrant energy of local markets and the relaxed charm of coastal streets lined with casuarina trees.,4.8,62,1
Hiroshima Peace Memorial (Genbaku Dome),Japan,Cultural Asia and the Pacific Historic Landmark World Heritage," The Hiroshima Peace Memorial (Genbaku Dome) was the only structure left standing in the area where the first atomic bomb exploded on 6 August 1945. Through the efforts of many people, including those of the city of Hiroshima, it has been preserved in the same state as immediately after the bombing. Not only is it a stark and powerful symbol of the most destructive force ever created by humankind; it also expresses the hope for world peace and the ultimate elimination of all nuclear weapons. ",5.0,55,1
Zakynthos,Greece,City Trip Nature Landscape Beach Sea Tropical Nightlife Party,"Golden sandy beaches, crystal-clear waters, and charming villages create a serene and inviting atmosphere perfect for relaxation and exploration.",4.8,84,3
Gjirokastër,Albania,City Trip Nature Landscape Culture History Art,"Winding cobblestone streets and stone-roofed houses create a timeless atmosphere, with echoes of history in every corner and stunning mountain views.",4.7,99,1
Hanseatic Town of Visby,Sweden,Cultural Europe and North America Historic Landmark World Heritage," A former Viking site on the island of Gotland, Visby was the main centre of the Hanseatic League in the Baltic from the 12th to the 14th century. Its 13th-century ramparts and more than 200 warehouses and wealthy merchants' dwellings from the same period make it the best-preserved fortified commercial city in northern Europe. ",4.8,76,1
Himeji-jo,Japan,Cultural Asia and the Pacific Historic Landmark World Heritage," Himeji-jo is the finest surviving example of early 17th-century Japanese castle architecture, comprising 83 buildings with highly developed systems of defence and ingenious protection devices dating from the beginning of the Shogun period. It is a masterpiece of construction in wood, combining function with aesthetic appeal, both in its elegant appearance unified by the white plastered earthen walls and in the subtlety of the relationships between the building masses and the multiple roof layers. ",5.0,90,2
Ancient City of Sigiriya,Sri Lanka,Cultural Asia and the Pacific Historic Landmark World Heritage," The ruins of the capital built by the parricidal King Kassapa I (477&ndash;95) lie on the steep slopes and at the summit of a granite peak standing some 180m high (the 'Lion's Rock', which dominates the jungle from all sides). A series of galleries and staircases emerging from the mouth of a gigantic lion constructed of bricks and plaster provide access to the site. ",4.9,57,2
Baroque Churches of the Philippines,Philippines,Cultural Asia and the Pacific Historic Landmark World Heritage," These four churches, the first of which was built by the Spanish in the late 16th century, are located in Manila, Santa Maria, Paoay and Miag-ao. Their unique architectural style is a reinterpretation of European Baroque by Chinese and Philippine craftsmen. ",4.6,66,1
Mesa Verde National Park,United States of America,Cultural Europe and North America Historic Landmark World Heritage," A great concentration of ancestral Pueblo Indian dwellings, built from the 6th to the 12th century, can be found on the Mesa Verde plateau in south-west Colorado at an altitude of more than 2,600 m. Some 4,400 sites have been recorded, including villages built on the Mesa top. There are also imposing cliff dwellings, built of stone and comprising more than 100 rooms. ",4.7,87,3
Historic Centre of San Gimignano,Italy,Cultural Europe and North America Historic Landmark World Heritage," 'San Gimignano delle belle Torri' is in Tuscany, 56 km south of Florence. It served as an important relay point for pilgrims travelling to or from Rome on the Via Francigena. The patrician families who controlled the town built around 72 tower-houses (some as high as 50 m) as symbols of their wealth and power. Although only 14 have survived, San Gimignano has retained its feudal atmosphere and appearance. The town also has several masterpieces of 14th- and 15th-century Italian art. ",4.9,87,2
Lyon,France,City Trip Culture History Art Nightlife Party,"Charming cobblestone streets, riverside views, and an irresistible culinary scene make every moment feel like a delightful discovery.",3.7,93,3
Vegaøyan – The Vega Archipelago,Norway,Cultural Europe and North America Historic Landmark World Heritage," A cluster of dozens of islands centred on Vega, just south of the Arctic Circle, forms a cultural landscape of 107,294 ha, of which 6,881 ha is land. The islands bear testimony to a distinctive frugal way of life based on fishing and the harvesting of the down of eider ducks, in an inhospitable environment. There are fishing villages, quays, warehouses, eider houses (built for eider ducks to nest in), farming landscapes, lighthouses and beacons. There is evidence of human settlement from the Stone Age onwards. By the 9th century, the islands had become an important centre for the supply of down, which appears to have accounted for around a third of the islanders’ income. The Vega Archipelago reflects the way fishermen/farmers have, over the past 1,500 years, maintained a sustainable living and the contribution of women to eiderdown harvesting. ",4.9,87,1
Cocos Island National Park,Costa Rica,Natural Latin America and the Caribbean Historic Landmark World Heritage," Cocos Island National Park, located 550 km off the Pacific coast of Costa Rica, is the only island in the tropical eastern Pacific with a tropical rainforest. Its position as the first point of contact with the northern equatorial counter-current, and the myriad interactions between the island and the surrounding marine ecosystem, make the area an ideal laboratory for the study of biological processes. The underwater world of the national park has become famous due to the attraction it holds for divers, who rate it as one of the best places in the world to view large pelagic species such as sharks, rays, tuna and dolphins. ",4.6,69,1
Ancient Villages of Northern Syria,Syrian Arab Republic,Cultural Arab States Historic Landmark World Heritage," Some 40 villages grouped in eight parks situated in north-western Syria provide remarkable testimony to rural life in late Antiquity and during the Byzantine period. Abandoned in the 8th to 10th centuries, the villages, which date from the 1st to 7th centuries, feature a remarkably well preserved landscape and the architectural remains of dwellings, pagan temples, churches, cisterns, bathhouses etc. The relict cultural landscape of the villages also constitutes an important illustration of the transition from the ancient pagan world of the Roman Empire to Byzantine Christianity. Vestiges illustrating hydraulic techniques, protective walls and Roman agricultural plot plans furthermore offer testimony to the inhabitants' mastery of agricultural production. ",4.7,61,1
Incense Route - Desert Cities in the Negev,Israel,Cultural Europe and North America Historic Landmark World Heritage," The four Nabatean towns of Haluza, Mamshit, Avdat and Shivta, along with associated fortresses and agricultural landscapes in the Negev Desert, are spread along routes linking them to the Mediterranean end of the incense and spice route. Together they reflect the hugely profitable trade in frankincense and myrrh from south Arabia to the Mediterranean, which flourished from the 3rd century BC until the 2nd century AD. With the vestiges of their sophisticated irrigation systems, urban constructions, forts and caravanserai, they bear witness to the way in which the harsh desert was settled for trade and agriculture. ",4.8,94,2
Playa del Carmen,Mexico,City Trip Nature Landscape Adventure Hiking Beach Sea Tropical Nightlife Party,"Sun-drenched beaches, vibrant nightlife, and a laid-back vibe create an inviting atmosphere perfect for both adventure and relaxation.",4.4,91,3
Talamanca Range-La Amistad Reserves / La Amistad National Park,"Costa Rica,Panama",Natural Latin America and the Caribbean Historic Landmark World Heritage," The location of this unique site in Central America, where Quaternary glaciers have left their mark, has allowed the fauna and flora of North and South America to interbreed. Tropical rainforests cover most of the area. Four different Indian tribes inhabit this property, which benefits from close co-operation between Costa Rica and Panama. ",5.0,57,2
Manú National Park,Peru,Natural Latin America and the Caribbean Historic Landmark World Heritage," This huge 1.5 million-ha park has successive tiers of vegetation rising from 150 to 4,200 m above sea-level. The tropical forest in the lower tiers is home to an unrivalled variety of animal and plant species. Some 850 species of birds have been identified and rare species such as the giant otter and the giant armadillo also find refuge there. Jaguars are often sighted in the park. ",4.6,54,1
Chiang Mai,Thailand,City Trip Nature Landscape Culture History Art Adventure Hiking,"Lush mountain landscapes and vibrant night markets create a serene yet lively atmosphere, inviting exploration and relaxation at every turn.",3.8,64,1
Salt Lake City,United States,City Trip Nature Landscape Adventure Hiking,"Surrounded by stunning mountains, this city offers a blend of vibrant urban life and serene natural beauty, perfect for outdoor enthusiasts.",4.0,99,3
Lake Tahoe,United States,City Trip Nature Landscape Adventure Hiking,"Pristine blue waters surrounded by towering pines and mountains create a serene escape, perfect for both adventure and relaxation in nature's embrace.",4.2,81,5
Soltaniyeh,Iran (Islamic Republic of),Cultural Asia and the Pacific Historic Landmark World Heritage," The mausoleum of Oljaytu was constructed in 1302&ndash;12 in the city of Soltaniyeh, the capital of the Ilkhanid dynasty, which was founded by the Mongols. Situated in the province of Zanjan, Soltaniyeh is one of the outstanding examples of the achievements of Persian architecture and a key monument in the development of its Islamic architecture. The octagonal building is crowned with a 50 m tall dome covered in turquoise-blue faience and surrounded by eight slender minarets. It is the earliest existing example of the double-shelled dome in Iran. The mausoleum&rsquo;s interior decoration is also outstanding and scholars such as A.U. Pope have described the building as &lsquo;anticipating the Taj Mahal&rsquo;. ",4.7,71,3
Península Valdés,Argentina,Natural Latin America and the Caribbean Historic Landmark World Heritage, Península Valdés in Patagonia is a site of global significance for the conservation of marine mammals. It is home to an important breeding population of the endangered southern right whale as well as important breeding populations of southern elephant seals and southern sea lions. The orcas in this area have developed a unique hunting strategy to adapt to local coastal conditions. ,4.6,52,3
Old Town Lunenburg,Canada,Cultural Europe and North America Historic Landmark World Heritage," Lunenburg is the best surviving example of a planned British colonial settlement in North America. Established in 1753, it has retained its original layout and overall appearance, based on a rectangular grid pattern drawn up in the home country. The inhabitants have managed to safeguard the city's identity throughout the centuries by preserving the wooden architecture of the houses, some of which date from the 18th century. ",5.0,56,1
Washington,United States,City Trip Culture History Art Nightlife Party,"Majestic landscapes blend with vibrant city life, offering a mix of natural beauty, cultural richness, and a welcoming atmosphere.",4.0,72,3
"Provins, Town of Medieval Fairs",France,Cultural Europe and North America Historic Landmark World Heritage," The fortified medieval town of Provins is situated in the former territory of the powerful Counts of Champagne. It bears witness to early developments in the organization of international trading fairs and the wool industry. The urban structure of Provins, which was built specifically to host the fairs and related activities, has been well preserved. ",4.9,94,3
Río Plátano Biosphere Reserve,Honduras,Natural Latin America and the Caribbean Historic Landmark World Heritage," Located on the watershed of the R&iacute;o Pl&aacute;tano, the reserve is one of the few remains of a tropical rainforest in Central America and has an abundant and varied plant and wildlife. In its mountainous landscape sloping down to the Caribbean coast, over 2,000 indigenous people have preserved their traditional way of life. ",4.6,70,2
Savusavu,Fiji,City Trip Nature Landscape Adventure Hiking Beach Sea Tropical,"Tucked away on a tranquil bay, this tropical haven offers lush landscapes, warm ocean breezes, and a welcoming, laid-back island vibe.",4.9,62,3
Carolingian Westwork and Civitas Corvey,Germany,Cultural Europe and North America Historic Landmark World Heritage," The site is located along the Weser River on the outskirts of Höxter where the Carolingian Westwork and Civitas Corvey were erected between AD 822 and 885 in a largely preserved rural setting. The Westwork is the only standing structure that dates back to the Carolingian era, while the original imperial abbey complex is preserved as archaeological remains that are only partially excavated. The Westwork of Corvey uniquely illustrates one of the most important Carolingian architectural expressions. It is a genuine creation of this period, and its architectural articulation and decoration clearly illustrate the role played within the Frankish empire by imperial monasteries in securing territorial control and administration, as well as the propagation of Christianity and the Carolingian cultural and political order throughout Europe. ",4.7,70,2
Archaeological Site of Cyrene,Libya,Cultural Arab States Historic Landmark World Heritage," A colony of the Greeks of Thera, Cyrene was one of the principal cities in the Hellenic world. It was Romanized and remained a great capital until the earthquake of 365. A thousand years of history is written into its ruins, which have been famous since the 18th century. ",4.7,52,2
Alejandro de Humboldt National Park,Cuba,Natural Latin America and the Caribbean Historic Landmark World Heritage, Complex geology and varied topography have given rise to a diversity of ecosystems and species unmatched in the insular Caribbean and created one of the most biologically diverse tropical island sites on earth. Many of the underlying rocks are toxic to plants so species have had to adapt to survive in these hostile conditions. This unique process of evolution has resulted in the development of many new species and the park is one of the most important sites in the Western Hemisphere for the conservation of endemic flora. Endemism of vertebrates and invertebrates is also very high. ,4.8,54,3
Ichkeul National Park,Tunisia,Natural Arab States Historic Landmark World Heritage," The Ichkeul lake and wetland are a major stopover point for hundreds of thousands of migrating birds, such as ducks, geese, storks and pink flamingoes, who come to feed and nest there. Ichkeul is the last remaining lake in a chain that once extended across North Africa. ",4.8,72,3
Pirin National Park,Bulgaria,Natural Europe and North America Historic Landmark World Heritage," Spread over an area of over 27,000 ha, at an altitude between 1008 and 2914 m in the Pirin Mountains, southwest Bulgaria, the site comprises diverse limestone mountain landscapes with glacial lakes, waterfalls, caves and predominantly coniferous forests. It was added to the World Heritage List in 1983. The extension now covers an area of around 40,000 ha in the Pirin Mountains, and overlaps with the Pirin National Park, except for two areas developed for tourism (skiing). The dominant part of the extension is high mountain territory over 2000m in altitude, and covered mostly by alpine meadows, rocky screes and summits. ",4.7,77,1
The par force hunting landscape in North Zealand,Denmark,Cultural Europe and North America Historic Landmark World Heritage," Located about 30 km northeast of Copenhagen, this cultural landscape encompasses the two hunting forests of Store Dyrehave and Gribskov, as well as the hunting park of Jægersborg Hegn/Jægersborg Dyrehave. This is a designed landscape where Danish kings and their court practiced par force hunting, or hunting with hounds, which reached its peak between the 17th and the late 18th centuries, when the absloute monarchs transformed it into a landscape of power. With hunting lanes laid out in a star system, combined with an orthogonal grid pattern, numbered stone posts, fences and a hunting lodge, the site demonstrates the application of Baroque landscaping principles to forested areas. ",4.8,78,1
Mount Qingcheng and the Dujiangyan Irrigation System,China,Cultural Asia and the Pacific Historic Landmark World Heritage," Construction of the Dujiangyan irrigation system began in the 3rd century B.C. This system still controls the waters of the Minjiang River and distributes it to the fertile farmland of the Chengdu plains. Mount Qingcheng was the birthplace of Taoism, which is celebrated in a series of ancient temples. ",4.9,61,1
Dubrovnik,Croatia,City Trip Nature Landscape Culture History Art Beach Sea Tropical,"Wander through ancient stone streets, bask in the Adriatic sun, and feel the blend of history and sea breeze at every corner.",4.4,64,3
Whistler,Canada,City Trip Nature Landscape Adventure Hiking,"Snow-capped peaks and lush forests create a serene escape, where outdoor adventures meet cozy village vibes and crisp mountain air.",4.4,88,5
Tropical Rainforest Heritage of Sumatra,Indonesia,Natural Asia and the Pacific Historic Landmark World Heritage," The 2.5 million hectare Tropical Rainforest Heritage of Sumatra site comprises three national parks: Gunung Leuser National Park, Kerinci Seblat National Park and Bukit Barisan Selatan National Park. The site holds the greatest potential for long-term conservation of the distinctive and diverse biota of Sumatra, including many endangered species. The protected area is home to an estimated 10,000 plant species, including 17 endemic genera; more than 200 mammal species; and some 580 bird species of which 465 are resident and 21 are endemic. Of the mammal species, 22 are Asian, not found elsewhere in the archipelago and 15 are confined to the Indonesian region, including the endemic Sumatran orang-utan. The site also provides biogeographic evidence of the evolution of the island. ",4.8,53,3
Svalbard,Norway,City Trip Nature Landscape Adventure Hiking,"Vast, icy landscapes and the ethereal glow of the northern lights create a surreal, almost otherworldly experience, inviting deep reflection and awe.",4.1,79,5
Tokyo,Japan,City Trip Culture History Art Nightlife Party,"Neon-lit streets pulse with energy, while serene gardens and ancient temples offer a peaceful escape, creating a captivating blend of modernity and tradition.",4.0,65,5
Warsaw,Poland,City Trip Culture History Art Nightlife Party,"Historic streets blend with modern vibes, where cozy cafes and vibrant squares invite leisurely strolls and a taste of local culture.",3.6,76,3
Great Smoky Mountains National Park,United States of America,Natural Europe and North America Historic Landmark World Heritage," Stretching over more than 200,000 ha, this exceptionally beautiful park is home to more than 3,500 plant species, including almost as many trees (130 natural species) as in all of Europe. Many endangered animal species are also found there, including what is probably the greatest variety of salamanders in the world. Since the park is relatively untouched, it gives an idea of temperate flora before the influence of humankind. ",4.9,76,2
"Harar Jugol, the Fortified Historic Town",Ethiopia,Cultural Africa Historic Landmark World Heritage," The fortified historic town of Harar is located in the eastern part of the country on a plateau with deep gorges surrounded by deserts and savannah. The walls surrounding this sacred Muslim city were built between the 13th and 16th centuries. Harar Jugol, said to be the fourth holiest city of Islam, numbers 82 mosques, three of which date from the 10th century, and 102 shrines, but the townhouses with their exceptional interior design constitute the most spectacular part of Harar's cultural heritage. The impact of African and Islamic traditions on the development of the town's building types and urban layout make for its particular character and uniqueness. ",4.9,64,2
Avarua,Cook Islands,City Trip Nature Landscape Beach Sea Tropical,"Tropical breezes and stunning ocean views create a laid-back island vibe, inviting you to unwind and soak in the serene beauty.",4.1,92,3
Galápagos Islands,Ecuador,Natural Latin America and the Caribbean Historic Landmark World Heritage," Situated in the Pacific Ocean some 1,000 km from the South American continent, these 19 islands and the surrounding marine reserve have been called a unique ‘living museum and showcase of evolution’. Located at the confluence of three ocean currents, the Galápagos are a ‘melting pot’ of marine species. Ongoing seismic and volcanic activity reflects the processes that formed the islands. These processes, together with the extreme isolation of the islands, led to the development of unusual animal life – such as the land iguana, the giant tortoise and the many types of finch – that inspired Charles Darwin’s theory of evolution by natural selection following his visit in 1835. ",4.8,64,3
Dhaka,Bangladesh,City Trip Culture History Art,"A whirlwind of vibrant street life, bustling markets, and a rich tapestry of history and culture, offering endless sensory experiences.",3.6,60,1
Copenhagen,Denmark,City Trip Culture History Art Nightlife Party,"Charming canals, vibrant neighborhoods, and a seamless blend of modern design with historic architecture create a cozy yet dynamic atmosphere.",4.5,74,3
Sangay National Park,Ecuador,Natural Latin America and the Caribbean Historic Landmark World Heritage," With its outstanding natural beauty and two active volcanoes, the park illustrates the entire spectrum of ecosystems, ranging from tropical rainforests to glaciers, with striking contrasts between the snowcapped peaks and the forests of the plains. Its isolation has encouraged the survival of indigenous species such as the mountain tapir and the Andean condor. ",4.8,81,2
Wooden Churches of Maramureş,Romania,Cultural Europe and North America Historic Landmark World Heritage," These eight churches are outstanding examples of a range of architectural solutions from different periods and areas. They show the variety of designs and craftsmanship adopted in these narrow, high, timber constructions with their characteristic tall, slim clock towers at the western end of the building, either single- or double-roofed and covered by shingles. As such, they are a particular vernacular expression of the cultural landscape of this mountainous area of northern Romania. ",4.8,70,3
Zurich,Switzerland,City Trip Nature Landscape Culture History Art,Charming streets lined with elegant boutiques and cozy cafes offer a blend of modern sophistication and rich historical charm.,3.7,92,5
Nan Madol: Ceremonial Centre of Eastern Micronesia,Micronesia (Federated States of),Cultural Asia and the Pacific Historic Landmark World Heritage," Nan Madol is a series of more than 100 islets off the south-east coast of Pohnpei that were constructed with walls of basalt and coral boulders. These islets harbour the remains of stone palaces, temples, tombs and residential domains built between 1200 and 1500 CE. These ruins represent the ceremonial centre of the Saudeleur dynasty, a vibrant period in Pacific Island culture. The huge scale of the edifices, their technical sophistication and the concentration of megalithic structures bear testimony to complex social and religious practices of the island societies of the period. The site was also inscribed on the List of World Heritage in Danger due to threats, notably the siltation of waterways that is contributing to the unchecked growth of mangroves and undermining existing edifices. ",4.6,86,2
Fukuoka,Japan,City Trip Culture History Art Nightlife Party,"Coastal breezes blend with vibrant city life, offering a friendly atmosphere, delicious street food, and a seamless mix of modern and traditional experiences.",4.1,94,3
Amphitheatre of El Jem,Tunisia,Cultural Arab States Historic Landmark World Heritage," The impressive ruins of the largest colosseum in North Africa, a huge amphitheatre which could hold up to 35,000 spectators, are found in the small village of El Jem. This 3rd-century monument illustrates the grandeur and extent of Imperial Rome. ",4.7,60,3
Rotorua,New Zealand,City Trip Nature Landscape Culture History Art Adventure Hiking,"Steam rises from bubbling mud pools and the air is filled with the scent of sulfur, creating a unique geothermal wonderland.",4.5,80,3
Bahá’i Holy Places in Haifa and the Western Galilee,Israel,Cultural Europe and North America Historic Landmark World Heritage," The Bah&aacute;&rsquo;i Holy Places in Haifa and Western Galilee are inscribed for their profound spiritual meaning and the testimony they bear to the strong tradition of pilgrimage in the Bah&aacute;&rsquo;i faith. The property includes the two most holy places in the Bah&aacute;&rsquo;&iacute; religion associated with the founders, the Shrine of Bah&aacute;&rsquo;u&rsquo;ll&aacute;h in Acre and the Shrine of the B&aacute;b in Haifa, together with their surrounding gardens, associated buildings and monuments. These two shrines are part of a larger complex of buildings, monuments and sites at seven distinct locations in Haifa and Western Galilee that are visited as part of the Bah&aacute;&rsquo;i pilgrimage. ",4.6,67,1
Sacred Mijikenda Kaya Forests,Kenya,Cultural Africa Historic Landmark World Heritage," The Mijikenda Kaya Forests consist of 11 separate forest sites spread over some 200 km along the coast containing the remains of numerous fortified villages, known as kayas, of the Mijikenda people. The kayas, created as of the 16th century but abandoned by the 1940s, are now regarded as the abodes of ancestors and are revered as sacred sites and, as such, are maintained as by councils of elders. The site is inscribed as bearing unique testimony to a cultural tradition and for its direct link to a living tradition. ",4.8,68,1
Historic Centre of Mexico City and Xochimilco,Mexico,Cultural Latin America and the Caribbean Historic Landmark World Heritage," Built in the 16th century by the Spanish on the ruins of Tenochtitlan, the old Aztec capital, Mexico City is now one of the world's largest and most densely populated cities. It has five Aztec temples, the ruins of which have been identified, a cathedral (the largest on the continent) and some fine 19th- and 20th-century public buildings such as the Palacio de las Bellas Artes. Xochimilco lies 28 km south of Mexico City. With its network of canals and artificial islands, it testifies to the efforts of the Aztec people to build a habitat in the midst of an unfavourable environment. Its characteristic urban and rural structures, built since the 16th century and during the colonial period; have been preserved in an exceptional manner. ",4.5,69,1
Göreme National Park and the Rock Sites of Cappadocia,Turkey,Mixed Europe and North America Historic Landmark World Heritage," In a spectacular landscape, entirely sculpted by erosion, the G&ouml;reme valley and its surroundings contain rock-hewn sanctuaries that provide unique evidence of Byzantine art in the post-Iconoclastic period. Dwellings, troglodyte villages and underground towns &ndash; the remains of a traditional human habitat dating back to the 4th century &ndash; can also be seen there. ",4.9,52,2
Convent of Christ in Tomar,Portugal,Cultural Europe and North America Historic Landmark World Heritage," Originally designed as a monument symbolizing the Reconquest, the Convent of the Knights Templar of Tomar (transferred in 1344 to the Knights of the Order of Christ) came to symbolize just the opposite during the Manueline period – the opening up of Portugal to other civilizations. ",5.0,60,1
Sanctuary of Asklepios at Epidaurus,Greece,Cultural Europe and North America Historic Landmark World Heritage," In a small valley in the Peloponnesus, the shrine of Asklepios, the god of medicine, developed out of a much earlier cult of Apollo (Maleatas), during the 6th century BC at the latest, as the official cult of the city state of Epidaurus. Its principal monuments, particularly the temple of Asklepios, the Tholos and the Theatre - considered one of the purest masterpieces of Greek architecture &ndash; date from the 4th century. The vast site, with its temples and hospital buildings devoted to its healing gods, provides valuable insight into the healing cults of Greek and Roman times. ",4.6,53,1
"Acropolis, Athens",Greece,Cultural Europe and North America Historic Landmark World Heritage," The Acropolis of Athens and its monuments are universal symbols of the classical spirit and civilization and form the greatest architectural and artistic complex bequeathed by Greek Antiquity to the world. In the second half of the fifth century bc, Athens, following the victory against the Persians and the establishment of democracy, took a leading position amongst the other city-states of the ancient world. In the age that followed, as thought and art flourished, an exceptional group of artists put into effect the ambitious plans of Athenian statesman Pericles and, under the inspired guidance of the sculptor Pheidias, transformed the rocky hill into a unique monument of thought and the arts. The most important monuments were built during that time: the Parthenon, built by Ictinus, the Erechtheon, the Propylaea, the monumental entrance to the Acropolis, designed by Mnesicles and the small temple Athena Nike.&nbsp; ",4.5,57,3
Historic Town of Guanajuato and Adjacent Mines,Mexico,Cultural Latin America and the Caribbean Historic Landmark World Heritage," Founded by the Spanish in the early 16th century, Guanajuato became the world's leading silver-extraction centre in the 18th century. This past can be seen in its 'subterranean streets' and the 'Boca del Inferno', a mineshaft that plunges a breathtaking 600 m. The town's fine Baroque and neoclassical buildings, resulting from the prosperity of the mines, have influenced buildings throughout central Mexico. The churches of La Compañía and La Valenciana are considered to be among the most beautiful examples of Baroque architecture in Central and South America. Guanajuato was also witness to events which changed the history of the country. ",4.6,60,3
Los Angeles,United States,City Trip Culture History Art Beach Sea Tropical Nightlife Party,"Endless sunshine, diverse neighborhoods, and the allure of Hollywood create a dynamic atmosphere where every street feels like a new adventure.",5.0,71,5
Old Town of Corfu,Greece,Cultural Europe and North America Historic Landmark World Heritage," The Old Town of Corfu, on the Island of Corfu off the western coasts of Albania and Greece, is located in a strategic position at the entrance of the Adriatic Sea, and has its roots in the 8th century BC. The three forts of the town, designed by renowned Venetian engineers, were used for four centuries to defend the maritime trading interests of the Republic of Venice against the Ottoman Empire. In the course of time, the forts were repaired and partly rebuilt several times, more recently under British rule in the 19th century. The mainly neoclassical housing stock of the Old Town is partly from the Venetian period, partly of later construction, notably the 19th century. As a fortified Mediterranean port, Corfu&rsquo;s urban and port ensemble is notable for its high level of integrity and authenticity. ",5.0,86,2
Abu Mena,Egypt,Cultural Arab States Historic Landmark World Heritage," The church, baptistry, basilicas, public buildings, streets, monasteries, houses and workshops in this early Christian holy city were built over the tomb of the martyr Menas of Alexandria, who died in A.D. 296. ",4.7,62,2
Sacred City of Caral-Supe,Peru,Cultural Latin America and the Caribbean Historic Landmark World Heritage," The 5000-year-old 626-hectare archaeological site of The Sacred City of Caral-Supe is situated on a dry desert terrace overlooking the green valley of the Supe river. It dates back to the Late Archaic Period of the Central Andes and is the oldest centre of civilization in the Americas. Exceptionally well-preserved, the site is impressive in terms of its design and the complexity of its architectural, especially its monumental stone and earthen platform mounts and sunken circular courts. One of 18 urban settlements situated in the same area, Caral features complex and monumental architecture, including six large pyramidal structures. A quipu (the knot system used in Andean civilizations to record information) found on the site testifies to the development and complexity of Caral society. The city&rsquo;s plan and some of its components, including pyramidal structures and residence of the elite, show clear evidence of ceremonial functions, signifying a powerful religious ideology. ",4.7,57,3
Early Christian Monuments of Ravenna,Italy,Cultural Europe and North America Historic Landmark World Heritage," Ravenna was the seat of the Roman Empire in the 5th century and then of Byzantine Italy until the 8th century. It has a unique collection of early Christian mosaics and monuments. All eight buildings – the Mausoleum of Galla Placidia, the Neonian Baptistery, the Basilica of Sant'Apollinare Nuovo, the Arian Baptistery, the Archiepiscopal Chapel, the Mausoleum of Theodoric, the Church of San Vitale and the Basilica of Sant'Apollinare in Classe – were constructed in the 5th and 6th centuries. They show great artistic skill, including a wonderful blend of Graeco-Roman tradition, Christian iconography and oriental and Western styles. ",4.9,66,3
Heritage of Mercury. Almadén and Idrija,"Slovenia,Spain",Cultural Europe and North America Historic Landmark World Heritage," The property includes the mining sites of Almad&eacute;n (Spain), where mercury (quicksilver) has been extracted since antiquity, and Idrija (Slovenia), where mercury was first found in AD1490. The Spanish property includes buildings relating to its mining history, including Retamar Castle, religious buildings and traditional dwellings. The site in Idrija notably features mercury stores and infrastructure, as well as miners&rsquo; living quarters, and a miners&rsquo; theatre. The sites bear testimony to the intercontinental trade in mercury which generated important exchanges between Europe and America over the centuries. Together they represent the two largest mercury mines in the world, operational until recent times. ",4.7,65,3
Fuerte de Samaipata,Bolivia (Plurinational State of),Cultural Latin America and the Caribbean Historic Landmark World Heritage," The archaeological site of Samaipata consists of two parts: the hill with its many carvings, believed to have been the ceremonial centre of the old town (14th–16th centuries), and the area to the south of the hill, which formed the administrative and residential district. The huge sculptured rock, dominating the town below, is a unique testimony to pre-Hispanic traditions and beliefs, and has no parallel anywhere in the Americas. ",4.9,92,3
Kathmandu,Nepal,City Trip Nature Landscape Culture History Art Adventure Hiking,"Nestled in a valley surrounded by towering peaks, the city buzzes with vibrant markets, ancient temples, and the aroma of spices.",4.4,61,1
Ancient City of Polonnaruwa,Sri Lanka,Cultural Asia and the Pacific Historic Landmark World Heritage," Polonnaruwa was the second capital of Sri Lanka after the destruction of Anuradhapura in 993. It comprises, besides the Brahmanic monuments built by the Cholas, the monumental ruins of the fabulous garden-city created by Parakramabahu I in the 12th century. ",4.6,60,1
Crespi d'Adda,Italy,Cultural Europe and North America Historic Landmark World Heritage," Crespi d'Adda in Capriate San Gervasio in Lombardy is an outstanding example of the 19th- and early 20th-century 'company towns' built in Europe and North America by enlightened industrialists to meet the workers' needs. The site is still remarkably intact and is partly used for industrial purposes, although changing economic and social conditions now threaten its survival. ",4.5,68,2
Statue of Liberty,United States of America,Cultural Europe and North America Historic Landmark World Heritage," Made in Paris by the French sculptor Bartholdi, in collaboration with Gustave Eiffel (who was responsible for the steel framework), this towering monument to liberty was a gift from France on the centenary of American independence. Inaugurated in 1886, the sculpture stands at the entrance to New York Harbour and has welcomed millions of immigrants to the United States ever since. ",4.7,54,2
Portuguese City of Mazagan (El Jadida),Morocco,Cultural Arab States Historic Landmark World Heritage," The Portuguese fortification of Mazagan, now part of the city of El Jadida, 90-km southwest of Casablanca, was built as a fortified colony on the Atlantic coast in the early 16th century. It was taken over by the Moroccans in 1769. The fortification with its bastions and ramparts is an early example of Renaissance military design. The surviving Portuguese buildings include the cistern and the Church of the Assumption, built in the Manueline style of late Gothic architecture. The Portuguese City of Mazagan - one of the early settlements of the Portuguese explorers in West Africa on the route to India - is an outstanding example of the interchange of influences between European and Moroccan cultures, well reflected in architecture, technology, and town planning. ",4.9,88,3
Taipei,Taiwan,City Trip Culture History Art Nightlife Party,"Bustling night markets filled with tantalizing aromas, serene temples, and lush green hills create a vibrant and welcoming atmosphere.",4.4,65,3
"Le Havre, the City Rebuilt by Auguste Perret",France,Cultural Europe and North America Historic Landmark World Heritage," The city of Le Havre, on the English Channel in Normandy, was severely bombed during the Second World War. The destroyed area was rebuilt according to the plan of a team headed by Auguste Perret, from 1945 to 1964. The site forms the administrative, commercial and cultural centre of Le Havre. Le Havre is exceptional among many reconstructed cities for its unity and integrity. It combines a reflection of the earlier pattern of the town and its extant historic structures with the new ideas of town planning and construction technology. It is an outstanding post-war example of urban planning and architecture based on the unity of methodology and the use of prefabrication, the systematic utilization of a modular grid, and the innovative exploitation of the potential of concrete. ",4.6,74,3
"Historic Town of St George and Related Fortifications, Bermuda",United Kingdom of Great Britain and Northern Ireland,Cultural Europe and North America Historic Landmark World Heritage," The Town of St George, founded in 1612, is an outstanding example of the earliest English urban settlement in the New World. Its associated fortifications graphically illustrate the development of English military engineering from the 17th to the 20th century, being adapted to take account of the development of artillery over this period. ",4.8,73,2
Dunedin,New Zealand,City Trip Nature Landscape Culture History Art,"Charming streets lined with historic architecture and lush greenery create a peaceful atmosphere, inviting leisurely strolls and moments of quiet reflection.",4.5,75,3
Mount Hamiguitan Range Wildlife Sanctuary,Philippines,Natural Asia and the Pacific Historic Landmark World Heritage," Forming a mountain ridge running north-south along the Pujada Peninsula in the south-eastern part of the Eastern Mindanao Biodiversity Corridor, the Mount Hamiguitan Range Wildlife Sanctuary has an elevation range of 75&ndash;1,637&nbsp;m above sea level and provides critical habitat for a range of plant and animal species. The property showcases terrestrial and aquatic habitats at different elevations, and includes threatened and endemic flora and fauna species, eight of which are found only at Mount Hamiguitan. These include critically endangered trees, plants and the iconic Philippine eagle and Philippine cockatoo. ",4.6,86,2
Cologne,Germany,City Trip Culture History Art Nightlife Party,"Charming cobblestone streets, the majestic cathedral, and lively beer halls create a welcoming atmosphere filled with history and vibrant local culture.",3.9,61,3
Vienna,Austria,City Trip Culture History Art Nightlife Party,"Grand architecture and cobblestone streets set a charming backdrop for cozy coffeehouses and vibrant cultural scenes, inviting leisurely exploration.",3.9,86,3
Miguasha National Park,Canada,Natural Europe and North America Historic Landmark World Heritage," The palaeontological site of Miguasha National Park, in south-eastern Quebec on the southern coast of the Gaspé peninsula, is considered to be the world's most outstanding illustration of the Devonian Period known as the 'Age of Fishes'. Dating from 370 million years ago, the Upper Devonian Escuminac Formation represented here contains five of the six fossil fish groups associated with this period. Its significance stems from the discovery there of the highest number and best-preserved fossil specimens of the lobe-finned fishes that gave rise to the first four-legged, air-breathing terrestrial vertebrates – the tetrapods. ",4.6,77,2
Minsk,Belarus,City Trip,"Wide boulevards and Soviet-era architecture mix with vibrant cafes and green parks, offering a unique blend of history and modern charm.",4.4,76,1
Manaus,Brazil,City Trip Nature Landscape Culture History Art Adventure Hiking,"A bustling gateway to the Amazon, where vibrant markets, lush rainforests, and the confluence of rivers create a unique sensory adventure.",3.5,93,3
Bandung,Indonesia,City Trip Nature Landscape Culture History Art,"Cool mountain air, vibrant street markets, and a mix of colonial architecture create a refreshing escape with a laid-back yet lively vibe.",4.2,61,1
Acapulco,Mexico,City Trip Adventure Hiking Beach Sea Tropical Nightlife Party,"Golden beaches meet vibrant nightlife, where the sound of crashing waves and lively music create an atmosphere that's both thrilling and laid-back.",4.0,63,3
Pasargadae,Iran (Islamic Republic of),Cultural Asia and the Pacific Historic Landmark World Heritage," Pasargadae was the first dynastic capital of the Achaemenid Empire, founded by Cyrus II the Great, in Pars, homeland of the Persians, in the 6th century BC. Its palaces, gardens and the mausoleum of Cyrus are outstanding examples of the first phase of royal Achaemenid art and architecture and exceptional testimonies of Persian civilization. Particularly noteworthy vestiges in the 160-ha site include: the Mausoleum of Cyrus II; Tall-e Takht, a fortified terrace; and a royal ensemble of gatehouse, audience hall, residential palace and gardens. Pasargadae was the capital of the first great multicultural empire in Western Asia. Spanning the Eastern Mediterranean and Egypt to the Hindus River, it is considered to be the first empire that respected the cultural diversity of its different peoples. This was reflected in Achaemenid architecture, a synthetic representation of different cultures. ",4.5,54,3
Curitiba,Brazil,City Trip Nature Landscape Culture History Art,"Lush parks, innovative urban design, and a blend of cultures create a refreshing and vibrant cityscape that feels both modern and welcoming.",4.0,81,3
Iquitos,Peru,City Trip Nature Landscape Adventure Hiking,"Lush rainforests, vibrant markets, and the hum of riverboats create an atmosphere buzzing with life and natural wonder.",4.5,99,1
Valencia,Spain,City Trip Nature Landscape Culture History Art Beach Sea Tropical Nightlife Party,"Sun-drenched streets lined with orange trees, vibrant markets, and a seamless blend of ancient history and modern art create a captivating atmosphere.",4.6,65,3
Historic Centre of Urbino,Italy,Cultural Europe and North America Historic Landmark World Heritage," The small hill town of Urbino, in the Marche, experienced a great cultural flowering in the 15th century, attracting artists and scholars from all over Italy and beyond, and influencing cultural developments elsewhere in Europe. Owing to its economic and cultural stagnation from the 16th century onwards, it has preserved its Renaissance appearance to a remarkable extent. ",4.8,64,2
"Sansa, Buddhist Mountain Monasteries in Korea",Republic of Korea,Cultural Asia and the Pacific Historic Landmark World Heritage," The Sansa are Buddhist mountain monasteries located throughout the southern provinces of the Korean Peninsula. The spatial arrangement of the seven temples that comprise the property, established from the 7th to 9th centuries, present common characteristics that are specific to Korea – the ‘madang’ (open courtyard) flanked by four buildings (Buddha Hall, pavilion, lecture hall and dormitory). They contain a large number of individually remarkable structures, objects, documents and shrines. These mountain monasteries are sacred places, which have survived as living centres of faith and daily religious practice to the present. ",4.8,54,3
Brazzaville,Republic of the Congo,City Trip Nature Landscape,"Lush riverfront views and vibrant markets create a lively atmosphere, where the rhythm of life feels both dynamic and welcoming.",4.5,97,3
Hue,Vietnam,City Trip Culture History Art,"Ancient temples and serene riverside views offer a peaceful escape, with fragrant street food and friendly locals adding to the charm.",3.9,74,1
Cave of Altamira and Paleolithic Cave Art of Northern Spain,Spain,Cultural Europe and North America Historic Landmark World Heritage," Seventeen decorated caves of the Paleolithic age were inscribed as an extension to the Altamira Cave, inscribed in 1985. The property will now appear on the List as Cave of Altamira and Paleolithic Cave Art of Northern Spain. The property represents the apogee of Paleolithic cave art that developed across Europe, from the Urals to the Iberian Peninusula, from 35,000 to 11,000 BC. Because of their deep galleries, isolated from external climatic influences, these caves are particularly well preserved. The caves are inscribed as masterpieces of creative genius and as the humanity&rsquo;s earliest accomplished art. They are also inscribed as exceptional testimonies to a cultural tradition and as outstanding illustrations of a significant stage in human history. ",4.8,89,2
Tiya,Ethiopia,Cultural Africa Historic Landmark World Heritage," Tiya is among the most important of the roughly 160 archaeological sites discovered so far in the Soddo region, south of Addis Ababa. The site contains 36 monuments, including 32 carved stelae covered with symbols, most of which are difficult to decipher. They are the remains of an ancient Ethiopian culture whose age has not yet been precisely determined. ",4.7,71,3
Espiritu Santo,Vanuatu,City Trip Nature Landscape Adventure Hiking Beach Sea Tropical,"Lush rainforests, crystal-clear waters, and vibrant coral reefs create an idyllic setting for adventure and relaxation on this tropical island.",3.6,68,3
Dinosaur Provincial Park,Canada,Natural Europe and North America Historic Landmark World Heritage," In addition to its particularly beautiful scenery, Dinosaur Provincial Park – located at the heart of the province of Alberta's badlands – contains some of the most important fossil discoveries ever made from the 'Age of Reptiles', in particular about 35 species of dinosaur, dating back some 75 million years. ",5.0,71,2
Fujian <em>Tulou</em>,China,Cultural Asia and the Pacific Historic Landmark World Heritage," Fujian Tulou is a property of 46 buildings constructed between the 15th and 20th centuries over 120 km in south-west of Fujian province, inland from the Taiwan Strait. Set amongst rice, tea and tobacco fields the Tulou are earthen houses. Several storeys high, they are built along an inward-looking, circular or square floor plan as housing for up to 800 people each. They were built for defence purposes around a central open courtyard with only one entrance and windows to the outside only above the first floor. Housing a whole clan, the houses functioned as village units and were known as “a little kingdom for the family” or “bustling small city.” They feature tall fortified mud walls capped by tiled roofs with wide over-hanging eaves. The most elaborate structures date back to the 17th and 18th centuries. The buildings were divided vertically between families with each disposing of two or three rooms on each floor. In contrast with their plain exterior, the inside of the tulou were built for comfort and were often highly decorated. They are inscribed as exceptional examples of a building tradition and function exemplifying a particular type of communal living and defensive organization, and, in terms of their harmonious relationship with their environment, an outstanding example of human settlement. ",4.7,71,1
Tartu,Estonia,City Trip Culture History Art,"Charming cobblestone streets and vibrant student life create a lively yet laid-back atmosphere, perfect for exploring quaint cafes and historic architecture.",4.6,89,1
Baku,Azerbaijan,City Trip Culture History Art Nightlife Party,"A city where futuristic architecture meets ancient history, offering a unique blend of modernity and tradition with a lively, welcoming atmosphere.",4.7,65,3
"Museumsinsel (Museum Island), Berlin",Germany,Cultural Europe and North America Historic Landmark World Heritage," The museum as a social phenomenon owes its origins to the Age of Enlightenment in the 18th century. The five museums on the Museumsinsel in Berlin, built between 1824 and 1930, are the realization of a visionary project and show the evolution of approaches to museum design over the course of the 20th century. Each museum was designed so as to establish an organic connection with the art it houses. The importance of the museum's collections &ndash; which trace the development of civilizations throughout the ages &ndash; is enhanced by the urban and architectural quality of the buildings. ",4.8,58,2
Ir.D.F. Woudagemaal (D.F. Wouda Steam Pumping Station),Netherlands,Cultural Europe and North America Historic Landmark World Heritage, The Wouda Pumping Station at Lemmer in the province of Friesland opened in 1920. It is the largest steam-pumping station ever built and is still in operation. It represents the high point of the contribution made by Netherlands engineers and architects in protecting their people and land against the natural forces of water. ,4.5,69,2
Shahr-i Sokhta,Iran (Islamic Republic of),Cultural Asia and the Pacific Historic Landmark World Heritage," Shahr-i Sokhta, meaning ‘Burnt City’, is located at the junction of Bronze Age trade routes crossing the Iranian plateau. The remains of the mudbrick city represent the emergence of the first complex societies in eastern Iran. Founded around 3200 BC, it was populated during four main periods up to 1800 BC, during which time there developed several distinct areas within the city: those where monuments were built, and separate quarters for housing, burial and manufacture. Diversions in water courses and climate change led to the eventual abandonment of the city in the early second millennium. The structures, burial grounds and large number of significant artefacts unearthed there, and their well-preserved state due to the dry desert climate, make this site a rich source of information regarding the emergence of complex societies and contacts between them in the third millennium BC. ",4.7,80,2
Wachau Cultural Landscape,Austria,Cultural Europe and North America Historic Landmark World Heritage," The Wachau is a stretch of the Danube Valley between Melk and Krems, a landscape of high visual quality. It preserves in an intact and visible form many traces - in terms of architecture, (monasteries, castles, ruins), urban design, (towns and villages), and agricultural use, principally for the cultivation of vines - of its evolution since prehistoric times. ",4.9,88,2
Antequera Dolmens Site,Spain,Cultural Europe and North America Historic Landmark World Heritage," Located at the heart of Andalusia in southern Spain, the site comprises three megalithic monuments: the Menga and Viera dolmens and the Tholos of El Romeral, and two natural monuments: La Peña de los Enamorados and El Torcal mountainous formations, which are landmarks within the property. Built during the Neolithic and Bronze Age out of large stone blocks, these monuments form chambers with lintelled roofs or false cupolas. These three tombs, buried beneath their original earth tumuli, are one of the most remarkable architectural works of European prehistory and one of the most important examples of European Megalithism. ",4.9,76,3
Land of Frankincense,Oman,Cultural Arab States Historic Landmark World Heritage," The frankincense trees of Wadi Dawkah and the remains of the caravan oasis of Shisr/Wubar and the affiliated ports of Khor Rori and Al-Baleed vividly illustrate the trade in frankincense that flourished in this region for many centuries, as one of the most important trading activities of the ancient and medieval world. ",4.5,79,2
Auckland,New Zealand,City Trip Nature Landscape Adventure Hiking Nightlife Party,"A lively harbor city where lush landscapes meet urban sophistication, offering a vibrant mix of cultures, flavors, and stunning coastal views.",3.6,97,3
Saloum Delta,Senegal,Cultural Africa Historic Landmark World Heritage," Fishing and shellfish gathering have sustained human life in the 5,000 km2 property, which is formed by the arms of three rivers. The site comprises brackish channels encompassing over 200 islands and islets, mangrove forest, an Atlantic marine environment, and dry forest. 
 The site is marked by 218 shellfish mounds, some of them several hundreds metres long, produced by its human inhabitants over the ages. Burial sites on 28 of the mounds take the form of tumuli where remarkable artefacts have been found. They are important for our understanding of cultures from the various periods of the delta's occupation and testify to the history of human settlement along the coast of West Africa. ",4.5,72,2
Trinidad,Cuba,City Trip Nature Landscape Culture History Art,"Cobblestone streets echo with the sounds of salsa music, while colorful colonial buildings and vibrant markets create a lively, timeless atmosphere.",4.9,60,1
Ellora Caves,India,Cultural Asia and the Pacific Historic Landmark World Heritage," These 34 monasteries and temples, extending over more than 2 km, were dug side by side in the wall of a high basalt cliff, not far from Aurangabad, in Maharashtra. Ellora, with its uninterrupted sequence of monuments dating from A.D. 600 to 1000, brings the civilization of ancient India to life. Not only is the Ellora complex a unique artistic creation and a technological exploit but, with its sanctuaries devoted to Buddhism, Hinduism and Jainism, it illustrates the spirit of tolerance that was characteristic of ancient India. ",4.8,85,3
Cardiff,United Kingdom,City Trip Culture History Art Nightlife Party,"Charming streets lined with historic architecture and lively pubs create a welcoming atmosphere, where you can feel the city's rich cultural heartbeat.",4.4,82,3
Al Qal'a of Beni Hammad,Algeria,Cultural Arab States Historic Landmark World Heritage," In a mountainous site of extraordinary beauty, the ruins of the first capital of the Hammadid emirs, founded in 1007 and demolished in 1152, provide an authentic picture of a fortified Muslim city. The mosque, whose prayer room has 13 aisles with eight bays, is one of the largest in Algeria. ",4.8,79,3
Guimarães,Portugal,City Trip Culture History Art,"Cobblestone streets, medieval architecture, and a welcoming atmosphere make wandering feel like stepping back in time, rich with history and charm.",3.6,61,3
Georgetown,Guyana,City Trip Nature Landscape Culture History Art Adventure Hiking,"Lush greenery and colonial architecture meet vibrant local markets and a lively Caribbean vibe, offering a unique and welcoming atmosphere.",3.6,86,1
Seventeenth-Century Canal Ring Area of Amsterdam inside the Singelgracht,Netherlands,Cultural Europe and North America Historic Landmark World Heritage," The historic urban ensemble of the canal district of Amsterdam was a project for a new ‘port city’ built at the end of the 16th and beginning of the 17th centuries. It comprises a network of canals to the west and south of the historic old town and the medieval port that encircled the old town and was accompanied by the repositioning inland of the city’s fortified boundaries, the Singelgracht. This was a long-term programme that involved extending the city by draining the swampland, using a system of canals in concentric arcs and filling in the intermediate spaces. These spaces allowed the development of a homogeneous urban ensemble including gabled houses and numerous monuments. This urban extension was the largest and most homogeneous of its time. It was a model of large-scale town planning, and served as a reference throughout the world until the 19th century. ",5.0,55,1
Batumi,Georgia,City Trip Nature Landscape Beach Sea Tropical,"A coastal city where lush green mountains meet the Black Sea, offering a blend of modern architecture and charming historic streets.",4.7,63,1
Honolulu,United States,City Trip Nature Landscape Culture History Art Adventure Hiking Beach Sea Tropical Nightlife Party,"Golden beaches meet vibrant city life, where the scent of plumeria and the sounds of ukulele create a laid-back, tropical vibe.",4.9,84,5
Amiens Cathedral,France,Cultural Europe and North America Historic Landmark World Heritage," Amiens Cathedral, in the heart of Picardy, is one of the largest 'classic' Gothic churches of the 13th century. It is notable for the coherence of its plan, the beauty of its three-tier interior elevation and the particularly fine display of sculptures on the principal facade and in the south transept. ",4.7,85,3
Flemish Béguinages,Belgium,Cultural Europe and North America Historic Landmark World Heritage," The Béguines were women who dedicated their lives to God without retiring from the world. In the 13th century they founded the béguinages , enclosed communities designed to meet their spiritual and material needs. The Flemish béguinages are architectural ensembles composed of houses, churches, ancillary buildings and green spaces, with a layout of either urban or rural origin and built in styles specific to the Flemish cultural region. They are a fascinating reminder of the tradition of the Béguines that developed in north-western Europe in the Middle Ages. ",4.8,50,2
"Citadel, Ancient City and Fortress Buildings of Derbent",Russian Federation,Cultural Europe and North America Historic Landmark World Heritage," The Citadel, Ancient City and Fortress Buildings of Derbent were part of the northern lines of the Sasanian Persian Empire, which extended east and west of the Caspian Sea. The fortification was built in stone. It consisted of two parallel walls that formed a barrier from the seashore up to the mountain. The town of Derbent was built between these two walls, and has retained part of its medieval fabric. The site continued to be of great strategic importance until the 19th century. ",4.8,84,1
Bratislava,Slovakia,City Trip Culture History Art,"Charming cobblestone streets and lively squares invite you to explore colorful facades, historic landmarks, and cozy cafés offering a warm, welcoming vibe.",3.6,63,3
Silk Roads: the Routes Network of Chang'an-Tianshan Corridor,"China,Kazakhstan,Kyrgyzstan",Cultural Asia and the Pacific Historic Landmark World Heritage," This property is a 5,000 km section of the extensive Silk Roads network, stretching from Chang’an/Luoyang, the central capital of China in the Han and Tang dynasties, to the Zhetysu region of Central Asia. It took shape between the 2nd century BC and 1st century AD and remained in use until the 16th century, linking multiple civilizations and facilitating far-reaching exchanges of activities in trade, religious beliefs, scientific knowledge, technological innovation, cultural practices and the arts. The thirty-three components included in the routes network include capital cities and palace complexes of various empires and Khan kingdoms, trading settlements, Buddhist cave temples, ancient paths, posthouses, passes, beacon towers, sections of The Great Wall, fortifications, tombs and religious buildings. ",5.0,61,2
Ho Chi Minh City,Vietnam,City Trip Culture History Art Nightlife Party,"Bustling streets filled with the aroma of street food and the hum of scooters create a vibrant, energetic atmosphere that's uniquely captivating.",3.9,87,1
Río Abiseo National Park,Peru,Mixed Latin America and the Caribbean Historic Landmark World Heritage," The park was created in 1983 to protect the fauna and flora of the rainforests that are characteristic of this region of the Andes. There is a high level of endemism among the fauna and flora found in the park. The yellow-tailed woolly monkey, previously thought extinct, is found only in this area. Research undertaken since 1985 has already uncovered 36 previously unknown archaeological sites at altitudes of between 2,500 and 4,000 m, which give a good picture of pre-Inca society. ",4.8,56,2
Bangkok,Thailand,City Trip Culture History Art Nightlife Party,Busy streets filled with vibrant markets and aromatic street food stalls create an exhilarating atmosphere that's both chaotic and captivating.,4.9,95,1
Memphis,United States,City Trip Culture History Art Nightlife Party,"Blues music fills the air as you wander through lively streets, savoring the aroma of smoky barbecue and the warmth of Southern hospitality.",4.7,83,3
Kizhi Pogost,Russian Federation,Cultural Europe and North America Historic Landmark World Heritage," The pogost of Kizhi (i.e. the Kizhi enclosure) is located on one of the many islands in Lake Onega, in Karelia. Two 18th-century wooden churches, and an octagonal clock tower, also in wood and built in 1862, can be seen there. These unusual constructions, in which carpenters created a bold visionary architecture, perpetuate an ancient model of parish space and are in harmony with the surrounding landscape. ",4.5,64,1
Monticello and the University of Virginia in Charlottesville,United States of America,Cultural Europe and North America Historic Landmark World Heritage," Thomas Jefferson (1743–1826), author of the American Declaration of Independence and third president of the United States, was also a talented architect of neoclassical buildings. He designed Monticello (1769–1809), his plantation home, and his ideal 'academical village' (1817–26), which is still the heart of the University of Virginia. Jefferson's use of an architectural vocabulary based upon classical antiquity symbolizes both the aspirations of the new American republic as the inheritor of European tradition and the cultural experimentation that could be expected as the country matured. ",4.6,78,2
Blaenavon Industrial Landscape,United Kingdom of Great Britain and Northern Ireland,Cultural Europe and North America Historic Landmark World Heritage," The area around Blaenavon is evidence of the pre-eminence of South Wales as the world's major producer of iron and coal in the 19th century. All the necessary elements can still be seen - coal and ore mines, quarries, a primitive railway system, furnaces, workers' homes, and the social infrastructure of their community. ",4.6,94,1
Petäjävesi Old Church,Finland,Cultural Europe and North America Historic Landmark World Heritage," Petäjävesi Old Church, in central Finland, was built of logs between 1763 and 1765. This Lutheran country church is a typical example of an architectural tradition that is unique to eastern Scandinavia. It combines the Renaissance conception of a centrally planned church with older forms deriving from Gothic groin vaults. ",4.8,83,2
Historic Mosque City of Bagerhat,Bangladesh,Cultural Asia and the Pacific Historic Landmark World Heritage," Situated in the suburbs of Bagerhat, at the meeting-point of the Ganges and Brahmaputra rivers, this ancient city, formerly known as Khalifatabad, was founded by the Turkish general Ulugh Khan Jahan in the 15th century. The city&rsquo;s infrastructure reveals considerable technical skill and an exceptional number of mosques and early Islamic monuments, many built of brick, can be seen there. ",4.8,86,3
Roseau,Dominica,City Trip Nature Landscape Adventure Hiking,"Lush greenery envelops vibrant markets and colorful architecture, creating a lively and welcoming atmosphere infused with the scent of tropical blooms.",3.6,73,1
Heard and McDonald Islands,Australia,Natural Asia and the Pacific Historic Landmark World Heritage," Heard Island and McDonald Islands are located in the Southern Ocean, approximately 1,700 km from the Antarctic continent and 4,100 km south-west of Perth. As the only volcanically active subantarctic islands they &lsquo;open a window into the earth&rsquo;, thus providing the opportunity to observe ongoing geomorphic processes and glacial dynamics. The distinctive conservation value of Heard and McDonald &ndash; one of the world&rsquo;s rare pristine island ecosystems &ndash; lies in the complete absence of alien plants and animals, as well as human impact. ",4.7,73,1
San Diego,United States,City Trip Nature Landscape Culture History Art Adventure Hiking Beach Sea Tropical Nightlife Party,"Sun-drenched beaches, vibrant neighborhoods, and an easygoing vibe invite you to savor ocean breezes and explore diverse, lively cultural spots.",4.8,80,3
Singapore Botanic Gardens,Singapore,Cultural Asia and the Pacific Historic Landmark World Heritage," Situated at the heart of the city of Singapore, the site demonstrates the evolution of a British tropical colonial botanic garden that has become a modern world-class scientific institution used for both conservation and education. The cultural landscape includes a rich variety of historic features, plantings and buildings that demonstrate the development of the garden since its creation in 1859. It has been an important centre for science, research and plant conservation, notably in connection with the cultivation of rubber plantations, in Southeast Asia since 1875. ",5.0,90,1
Bolgar Historical and Archaeological Complex,Russian Federation,Cultural Europe and North America Historic Landmark World Heritage," This property lies on the shores of the Volga River, south of its confluence with the River Kama, and south of the capital of Tatarstan, Kazan. It contains evidence of the medieval city of Bolgar, an early settlement of the civilization of Volga-Bolgars, which existed between the 7th and 15th centuries AD, and was the first capital of the Golden Horde in the 13th century. Bolgar represents the historical cultural exchanges and transformations of Eurasia over several centuries that played a pivotal role in the formation of civilizations, customs and cultural traditions. The property provides remarkable evidence of historic continuity and cultural diversity. It is a symbolic reminder of the acceptance of Islam by the Volga-Bolgars in AD 922 and remains a sacred pilgrimage destination to the Tatar Muslims. ",4.7,50,2
Laurisilva of Madeira,Portugal,Natural Europe and North America Historic Landmark World Heritage," The Laurisilva of Madeira is an outstanding relict of a previously widespread laurel forest type. It is the largest surviving area of laurel forest and is believed to be 90% primary forest. It contains a unique suite of plants and animals, including many endemic species such as the Madeiran long-toed pigeon. ",4.5,81,2
Aldabra Atoll,Seychelles,Natural Africa Historic Landmark World Heritage," The atoll is comprised of four large coral islands which enclose a shallow lagoon; the group of islands is itself surrounded by a coral reef. Due to difficulties of access and the atoll's isolation, Aldabra has been protected from human influence and thus retains some 152,000 giant tortoises, the world's largest population of this reptile. ",4.9,90,2
Agra Fort,India,Cultural Asia and the Pacific Historic Landmark World Heritage," Near the gardens of the Taj Mahal stands the important 16th-century Mughal monument known as the Red Fort of Agra. This powerful fortress of red sandstone encompasses, within its 2.5-km-long enclosure walls, the imperial city of the Mughal rulers. It comprises many fairy-tale palaces, such as the Jahangir Palace and the Khas Mahal, built by Shah Jahan; audience halls, such as the Diwan-i-Khas; and two very beautiful mosques. ",4.8,86,3
Antigua Naval Dockyard and Related Archaeological Sites,Antigua and Barbuda,Cultural Latin America and the Caribbean Historic Landmark World Heritage," The site consists of a group of Georgian-style naval buildings and structures, set within a walled enclosure. The natural environment of this side of the island of Antigua, with its deep, narrow bays surrounded by highlands, offered shelter from hurricanes and was ideal for repairing ships. The construction of the Dockyard by the British navy would not have been possible without the labour of generations of enslaved Africans since the end of the 18th century. Its aim was to protect the interests of sugar cane planters at a time when European powers were competing for control of the Eastern Caribbean. ",4.7,90,2
Historic Centre of Telč,Czechia,Cultural Europe and North America Historic Landmark World Heritage," The houses in Telc, which stands on a hilltop, were originally built of wood. After a fire in the late 14th century, the town was rebuilt in stone, surrounded by walls and further strengthened by a network of artificial ponds. The town's Gothic castle was reconstructed in High Gothic style in the late 15th century. ",4.6,90,2
Archaeological Area of Agrigento,Italy,Cultural Europe and North America Historic Landmark World Heritage," Founded as a Greek colony in the 6th century B.C., Agrigento became one of the leading cities in the Mediterranean world. Its supremacy and pride are demonstrated by the remains of the magnificent Doric temples that dominate the ancient town, much of which still lies intact under today's fields and orchards. Selected excavated areas throw light on the later Hellenistic and Roman town and the burial practices of its early Christian inhabitants. ",4.7,78,1
Archaeological Site of Delphi,Greece,Cultural Europe and North America Historic Landmark World Heritage," The pan-Hellenic sanctuary of Delphi, where the oracle of Apollo spoke, was the site of the omphalos, the 'navel of the world'. Blending harmoniously with the superb landscape and charged with sacred meaning, Delphi in the 6th century B.C. was indeed the religious centre and symbol of unity of the ancient Greek world. ",5.0,68,1
Island of Gorée,Senegal,Cultural Africa Historic Landmark World Heritage," The island of Gor&eacute;e lies off the coast of Senegal, opposite Dakar. From the 15th to the 19th century, it was the largest slave-trading centre on the African coast. Ruled in succession by the Portuguese, Dutch, English and French, its architecture is characterized by the contrast between the grim slave-quarters and the elegant houses of the slave traders. Today it continues to serve as a reminder of human exploitation and as a sanctuary for reconciliation. ",4.6,81,3
Pre-Hispanic City of Teotihuacan,Mexico,Cultural Latin America and the Caribbean Historic Landmark World Heritage," The holy city of Teotihuacan ('the place where the gods were created') is situated some 50 km north-east of Mexico City. Built between the 1st and 7th centuries A.D., it is characterized by the vast size of its monuments – in particular, the Temple of Quetzalcoatl and the Pyramids of the Sun and the Moon, laid out on geometric and symbolic principles. As one of the most powerful cultural centres in Mesoamerica, Teotihuacan extended its cultural and artistic influence throughout the region, and even beyond. ",4.7,68,1
Rochester,United States,City Trip,"Charming and unhurried, with scenic river views, vibrant arts, and a welcoming community vibe that makes you feel right at home.",3.6,85,3
Fortifications of Vauban,France,Cultural Europe and North America Historic Landmark World Heritage," Fortifications of Vauban consists of 12 groups of fortified buildings and sites along the western, northern and eastern borders of France. They represent the finest examples of the work of Sébastien Le Prestre de Vauban (1633-1707), a military engineer of King Louis XIV. The serial property includes towns built from scratch by Vauban, citadels, urban bastion walls and bastion towers. There are also mountain forts, sea forts, a mountain battery and two mountain communication structures. This property is inscribed as bearing witness to the peak of classic fortifications, typical of western military architecture. Vauban also played a major role in the history of fortification in Europe and on other continents until the mid-19th century. ",4.6,84,2
Québec City,Canada,City Trip Nature Landscape Culture History Art,"Cobblestone streets and historic architecture create a charming, old-world atmosphere, while the aroma of fresh pastries fills the crisp air.",3.6,65,3
"El Tajin, Pre-Hispanic City",Mexico,Cultural Latin America and the Caribbean Historic Landmark World Heritage," Located in the state of Veracruz, El Tajin was at its height from the early 9th to the early 13th century. It became the most important centre in north-east Mesoamerica after the fall of the Teotihuacan Empire. Its cultural influence extended all along the Gulf and penetrated into the Maya region and the high plateaux of central Mexico. Its architecture, which is unique in Mesoamerica, is characterized by elaborate carved reliefs on the columns and frieze. The 'Pyramid of the Niches', a masterpiece of ancient Mexican and American architecture, reveals the astronomical and symbolic significance of the buildings. El Tajin has survived as an outstanding example of the grandeur and importance of the pre-Hispanic cultures of Mexico. ",4.5,61,1
Rapa Nui National Park,Chile,Cultural Latin America and the Caribbean Historic Landmark World Heritage," Rapa Nui, the indigenous name of Easter Island, bears witness to a unique cultural phenomenon. A society of Polynesian origin that settled there c. A.D. 300 established a powerful, imaginative and original tradition of monumental sculpture and architecture, free from any external influence. From the 10th to the 16th century this society built shrines and erected enormous stone figures known as moai , which created an unrivalled cultural landscape that continues to fascinate people throughout the world. ",5.0,92,1
Budapest,Hungary,City Trip Culture History Art Nightlife Party,"Charming streets lined with historic architecture and lively ruin bars create a welcoming vibe, where tradition meets a vibrant, modern energy.",5.0,81,3
Brazilian Atlantic Islands: Fernando de Noronha and Atol das Rocas Reserves,Brazil,Natural Latin America and the Caribbean Historic Landmark World Heritage," Peaks of the Southern Atlantic submarine ridge form the Fernando de Noronha Archipelago and Rocas Atoll off the coast of Brazil. They represent a large proportion of the island surface of the South Atlantic and their rich waters are extremely important for the breeding and feeding of tuna, shark, turtle and marine mammals. The islands are home to the largest concentration of tropical seabirds in the Western Atlantic. Baia de Golfinhos has an exceptional population of resident dolphin and at low tide the Rocas Atoll provides a spectacular seascape of lagoons and tidal pools teeming with fish. ",4.9,68,3
"Stonehenge, Avebury and Associated Sites",United Kingdom of Great Britain and Northern Ireland,Cultural Europe and North America Historic Landmark World Heritage," Stonehenge and Avebury, in Wiltshire, are among the most famous groups of megaliths in the world. The two sanctuaries consist of circles of menhirs arranged in a pattern whose astronomical significance is still being explored. These holy places and the nearby Neolithic sites are an incomparable testimony to prehistoric times. ",4.7,92,1
Syracuse and the Rocky Necropolis of Pantalica,Italy,Cultural Europe and North America Historic Landmark World Heritage," The site consists of two separate elements, containing outstanding vestiges dating back to Greek and Roman times: The Necropolis of Pantalica contains over 5,000 tombs cut into the rock near open stone quarries, most of them dating from the 13th to 7th centuries BC. Vestiges of the Byzantine era also remain in the area, notably the foundations of the Anaktoron (Prince’s Palace). The other part of the property, Ancient Syracuse, includes the nucleus of the city’s foundation as Ortygia by Greeks from Corinth in the 8th century BC. The site of the city, which Cicero described as ‘the greatest Greek city and the most beautiful of all’, retains vestiges such as the Temple of Athena (5th century BC, later transformed to serve as a cathedral), a Greek theatre, a Roman amphitheatre, a fort and more. Many remains bear witness to the troubled history of Sicily, from the Byzantines to the Bourbons, interspersed with the Arabo-Muslims, the Normans, Frederick II of the Hohenstaufen dynasty (1197–1250), the Aragons and the Kingdom of the Two Sicilies. Historic Syracuse offers a unique testimony to the development of Mediterranean civilization over three millennia. ",4.8,68,2
Brisbane,Australia,City Trip Nature Landscape Culture History Art Adventure Hiking Nightlife Party,"Sun-drenched streets and lush riverside parks create a laid-back vibe, with vibrant markets and buzzing eateries adding a lively local flavor.",4.0,88,3
Thracian Tomb of Kazanlak,Bulgaria,Cultural Europe and North America Historic Landmark World Heritage," Discovered in 1944, this tomb dates from the Hellenistic period, around the end of the 4th century BC. It is located near Seutopolis, the capital city of the Thracian king Seutes III, and is part of a large Thracian necropolis. The tholos has a narrow corridor and a round burial chamber, both decorated with murals representing Thracian burial rituals and culture. These paintings are Bulgaria&rsquo;s best-preserved artistic masterpieces from the Hellenistic period. ",4.6,93,2
Thessaloniki,Greece,City Trip Culture History Art Nightlife Party,"Lively waterfronts, aromatic tavernas, and ancient ruins blend seamlessly with a youthful energy that invites exploration and leisurely enjoyment.",4.2,70,3
Djémila,Algeria,Cultural Arab States Historic Landmark World Heritage," Situated 900 m above sea-level, Dj&eacute;mila, or Cuicul, with its forum, temples, basilicas, triumphal arches and houses, is an interesting example of Roman town planning adapted to a mountain location. ",5.0,74,3
Seattle,United States,City Trip Nature Landscape Culture History Art,"A city where misty mornings blend with vibrant markets and lush green spaces, offering a cozy yet dynamic urban experience.",4.6,84,5
Old and New Towns of Edinburgh,United Kingdom of Great Britain and Northern Ireland,Cultural Europe and North America Historic Landmark World Heritage," Edinburgh has been the Scottish capital since the 15th century. It has two distinct areas: the Old Town, dominated by a medieval fortress; and the neoclassical New Town, whose development from the 18th century onwards had a far-reaching influence on European urban planning. The harmonious juxtaposition of these two contrasting historic areas, each with many important buildings, is what gives the city its unique character. ",4.5,84,3
Ushuaia,Argentina,City Trip Nature Landscape Adventure Hiking,"A windswept frontier town with dramatic landscapes, where the end of the world feels both mysterious and beautifully remote.",4.8,60,3
Zagreb,Croatia,City Trip Culture History Art,"A blend of charming cobblestone streets, vibrant markets, and lively cafes creates an inviting atmosphere filled with history and modern culture.",4.4,94,3
Great Barrier Reef,Australia,Natural Asia and the Pacific Historic Landmark World Heritage," The Great Barrier Reef is a site of remarkable variety and beauty on the north-east coast of Australia. It contains the world’s largest collection of coral reefs, with 400 types of coral, 1,500 species of fish and 4,000 types of mollusc. It also holds great scientific interest as the habitat of species such as the dugong (‘sea cow’) and the large green turtle, which are threatened with extinction. ",4.8,73,1
Churches of Chiloé,Chile,Cultural Latin America and the Caribbean Historic Landmark World Heritage," The Churches of Chilo&eacute; represent a unique example in Latin America of an outstanding form of ecclesiastical wooden architecture. They represent a tradition initiated by the Jesuit Peripatetic Mission in the 17th and 18th centuries, continued and enriched by the Franciscans during the 19th century and still prevailing today. These churches embody the intangible richness of the Chilo&eacute; Archipelago, and bear witness to a successful fusion of indigenous and European culture, the full integration of its architecture in the landscape and environment, as well as to the spiritual values of the communities. ",4.8,64,3
W-Arly-Pendjari Complex,"Benin,Burkina Faso,Niger",Natural Africa Historic Landmark World Heritage," This transnational extension (Benin, Burkina Faso) to the W National Park of Niger, inscribed in 1996 on the World Heritage List, cover a major expanse of intact Sudano-Sahelian savannah, with vegetation types including grasslands, shrub lands, wooded savannah and extensive gallery forests. It includes the largest and most important continuum of terrestrial, semi-aquatic and aquatic ecosystems in the West African savannah belt. The property is a refuge for wildlife species that have disappeared elsewhere in West Africa or are highly threatened. It is home to the largest population of elephants in West Africa and most of the large mammals typical of the region, such as the African Manatee, cheetah, lion and leopard. It also harbours the only viable population of lions in the region. ",4.6,60,2
Koh Lanta,Thailand,City Trip Nature Landscape Adventure Hiking Beach Sea Tropical,"Golden beaches, gentle waves, and lush greenery create a serene escape where you can unwind and soak in the tranquil island vibe.",3.9,87,1
Benedictine Convent of St John at Müstair,Switzerland,Cultural Europe and North America Historic Landmark World Heritage," The Convent of Müstair, which stands in a valley in the Grisons, is a good example of Christian monastic renovation during the Carolingian period. It has Switzerland's greatest series of figurative murals, painted c. A.D. 800, along with Romanesque frescoes and stuccoes. ",4.7,78,3
Royal Exhibition Building and Carlton Gardens,Australia,Cultural Asia and the Pacific Historic Landmark World Heritage," The Royal Exhibition Building and its surrounding Carlton Gardens were designed for the great international exhibitions of 1880 and 1888 in Melbourne. The building and grounds were designed by Joseph Reed. The building is constructed of brick and timber, steel and slate. It combines elements from the Byzantine, Romanesque, Lombardic and Italian Renaissance styles. The property is typical of the international exhibition movement which saw over 50 exhibitions staged between 1851 and 1915 in venues including Paris, New York, Vienna, Calcutta, Kingston (Jamaica) and Santiago (Chile). All shared a common theme and aims: to chart material and moral progress through displays of industry from all nations. ",4.6,67,1
Brimstone Hill Fortress National Park,Saint Kitts and Nevis,Cultural Latin America and the Caribbean Historic Landmark World Heritage," Brimstone Hill Fortress National Park is an outstanding, well-preserved example of 17th- and 18th-century military architecture in a Caribbean context. Designed by the British and built by African slave labour, the fortress is testimony to European colonial expansion, the African slave trade and the emergence of new societies in the Caribbean. ",4.7,60,1
Historic Town of Sukhothai and Associated Historic Towns,Thailand,Cultural Asia and the Pacific Historic Landmark World Heritage," Sukhothai was the capital of the first Kingdom of Siam in the 13th and 14th centuries. It has a number of fine monuments, illustrating the beginnings of Thai architecture. The great civilization which evolved in the Kingdom of Sukhothai absorbed numerous influences and ancient local traditions; the rapid assimilation of all these elements forged what is known as the 'Sukhothai style'. ",5.0,85,2
Kutná Hora: Historical Town Centre with the Church of St Barbara and the Cathedral of Our Lady at Sedlec,Czechia,Cultural Europe and North America Historic Landmark World Heritage," Kutná Hora developed as a result of the exploitation of the silver mines. In the 14th century it became a royal city endowed with monuments that symbolized its prosperity. The Church of St Barbara, a jewel of the late Gothic period, and the Cathedral of Our Lady at Sedlec, which was restored in line with the Baroque taste of the early 18th century, were to influence the architecture of central Europe. These masterpieces today form part of a well-preserved medieval urban fabric with some particularly fine private dwellings. ",4.6,77,1
Churches of the Pskov School of Architecture,Russian Federation,Cultural Europe and North America Historic Landmark World Heritage,"Churches, cathedrals, monasteries, fortification towers and administrative buildings make up the site, a group of monuments located in the historic city of Pskov, on the banks of the Velikaya River in the northwest of Russia. Characteristics of these buildings, produced by the Pskov School of Architecture, include cubic volumes, domes, porches and belfries, with the oldest elements dating back to the 12th century. Churches and cathedrals are integrated into the natural environment through gardens, perimeter walls and fences. Inspired by the Byzantine and Novgorod traditions, the Pskov School of Architecture reached its peak in the 15th and 16th centuries, and was one of the foremost schools in the country. It informed the evolution of Russian architecture over five centuries.",4.6,91,3
Abbey of St Gall,Switzerland,Cultural Europe and North America Historic Landmark World Heritage," The Convent of St Gall, a perfect example of a great Carolingian monastery, was, from the 8th century to its secularization in 1805, one of the most important in Europe. Its library is one of the richest and oldest in the world and contains precious manuscripts such as the earliest-known architectural plan drawn on parchment. From 1755 to 1768, the conventual area was rebuilt in Baroque style. The cathedral and the library are the main features of this remarkable architectural complex, reflecting 12 centuries of continuous activity. ",4.8,60,3
Yin Xu,China,Cultural Asia and the Pacific Historic Landmark World Heritage," The archaeological site of Yin Xu, close to Anyang City, some 500 km south of Beijing, is an ancient capital city of the late Shang Dynasty (1300 - 1046 BC). It testifies to the golden age of early Chinese culture, crafts and sciences, a time of great prosperity of the Chinese Bronze Age. A number of royal tombs and palaces, prototypes of later Chinese architecture, have been unearthed on the site, including the Palace and Royal Ancestral Shrines Area, with more than 80 house foundations, and the only tomb of a member of the royal family of the Shang Dynasty to have remained intact, the Tomb of Fu Hao. The large number and superb craftsmanship of the burial accessories found there bear testimony to the advanced level of Shang crafts industry. Inscriptions on oracle bones found in Yin Xu bear invaluable testimony to the development of one of the world&rsquo;s oldest writing systems, ancient beliefs and social systems. ",5.0,52,1
"Historic Centre of Oporto, Luiz I Bridge and Monastery of Serra do Pilar ",Portugal,Cultural Europe and North America Historic Landmark World Heritage," The city of Oporto, built along the hillsides overlooking the mouth of the Douro river, is an outstanding urban landscape with a 2,000-year history. Its continuous growth, linked to the sea (the Romans gave it the name Portus, or port), can be seen in the many and varied monuments, from the cathedral with its Romanesque choir, to the neoclassical Stock Exchange and the typically Portuguese Manueline-style Church of Santa Clara. ",4.9,80,2
Chitwan National Park,Nepal,Natural Asia and the Pacific Historic Landmark World Heritage," At the foot of the Himalayas, Chitwan is one of the few remaining undisturbed vestiges of the 'Terai' region, which formerly extended over the foothills of India and Nepal. It has a particularly rich flora and fauna. One of the last populations of single-horned Asiatic rhinoceros lives in the park, which is also one of the last refuges of the Bengal tiger. ",4.8,75,3
San Sebastián,Spain,City Trip Culture History Art Beach Sea Tropical Nightlife Party,"Golden beaches meet vibrant pintxo bars and lush green hills, creating a lively yet laid-back atmosphere perfect for unwinding and exploring.",4.4,74,3
Maastricht,Netherlands,City Trip Culture History Art,"Cobblestone streets and medieval architecture create a charming atmosphere, while lively squares and riverside paths invite leisurely exploration and relaxation.",3.7,78,3
Rock Drawings in Valcamonica,Italy,Cultural Europe and North America Historic Landmark World Heritage," Valcamonica, situated in the Lombardy plain, has one of the world's greatest collections of prehistoric petroglyphs – more than 140,000 symbols and figures carved in the rock over a period of 8,000 years and depicting themes connected with agriculture, navigation, war and magic. ",4.9,76,2
Port Moresby,Papua New Guinea,City Trip Nature Landscape Adventure Hiking,"A bustling city where the vibrant markets and lush coastal landscapes blend with the rich cultural tapestry, offering a unique sensory adventure.",3.9,95,3
Archaeological Ensemble of Mérida,Spain,Cultural Europe and North America Historic Landmark World Heritage," The colony of Augusta Emerita, which became present-day M&eacute;rida in Estremadura, was founded in 25 B.C. at the end of the Spanish Campaign and was the capital of Lusitania. The well-preserved remains of the old city include, in particular, a large bridge over the Guadiana, an amphitheatre, a theatre, a vast circus and an exceptional water-supply system. It is an excellent example of a provincial Roman capital during the empire and in the years afterwards. ",4.9,58,2
Islamabad,Pakistan,City Trip Nature Landscape Culture History Art,"Serene tree-lined streets, vibrant markets, and stunning views of the Margalla Hills offer a peaceful yet dynamic experience.",4.8,73,3
Manuel Antonio National Park,Costa Rica,City Trip Nature Landscape Adventure Hiking Beach Sea Tropical,"Lush rainforests meet sandy beaches under a vibrant sun, where playful monkeys and colorful birds create an enchanting, tropical experience.",3.9,73,3
Phoenix,United States,City Trip Nature Landscape Adventure Hiking,"Desert landscapes meet urban sophistication, offering vibrant arts, diverse dining, and endless sunshine, making every visit feel like a warm embrace.",3.7,84,3
Birmingham,United Kingdom,City Trip Culture History Art,"A dynamic mix of industrial charm and modern culture, offering vibrant markets, eclectic eateries, and a rich musical heritage that captivates visitors.",3.7,61,3
Giza,Egypt,City Trip Culture History Art,The awe-inspiring sight of ancient pyramids rising from the golden desert sands creates an atmosphere of timeless wonder and historical intrigue.,3.6,78,3
Los Cabos,Mexico,City Trip Nature Landscape Adventure Hiking Beach Sea Tropical Nightlife Party,"Golden beaches meet the azure sea, with vibrant nightlife and serene desert landscapes offering a captivating blend of relaxation and adventure.",4.9,65,3
Historic Centre of Salvador de Bahia,Brazil,Cultural Latin America and the Caribbean Historic Landmark World Heritage," As the first capital of Brazil, from 1549 to 1763, Salvador de Bahia witnessed the blending of European, African and Amerindian cultures. It was also, from 1558, the first slave market in the New World, with slaves arriving to work on the sugar plantations. The city has managed to preserve many outstanding Renaissance buildings. A special feature of the old town are the brightly coloured houses, often decorated with fine stucco-work. ",4.6,59,1
Porto,Portugal,City Trip Culture History Art Nightlife Party,"Charming riverside streets, vibrant tiles, and the rich aroma of port wine create a warm and inviting atmosphere perfect for leisurely exploration.",3.7,75,3
Bora Bora,French Polynesia,City Trip Nature Landscape Adventure Hiking Beach Sea Tropical,"Turquoise lagoons and lush green mountains create a serene paradise, where the gentle ocean breeze and vibrant sunsets captivate your senses.",3.9,61,5
Ljubljana,Slovenia,City Trip Nature Landscape Culture History Art,"Charming cobblestone streets, vibrant riverfront cafés, and lush green spaces offer a welcoming atmosphere that's both lively and relaxing.",4.6,84,3
Pampulha Modern Ensemble,Brazil,Cultural Latin America and the Caribbean Historic Landmark World Heritage," The Pampulha Modern Ensemble was the centre of a visionary garden city project created in 1940 at Belo Horizonte, the capital of Minas Gerais State. Designed around an artificial lake, this cultural and leisure centre included a casino, a ballroom, the Golf Yacht Club and the São Francisco de Assis church. The buildings were designed by architect Oscar Niemeyer, in collaboration with innovative artists. The Ensemble comprises bold forms that exploit the plastic potential of concrete, while fusing architecture, landscape design, sculpture and painting into a harmonious whole. It reflects the influence of local traditions, the Brazilian climate and natural surroundings on the principles of modern architecture. ",4.5,94,2
Freetown,Sierra Leone,City Trip Nature Landscape Beach Sea Tropical,"Lively streets filled with vibrant markets, friendly locals, and the rhythmic sounds of the ocean create a welcoming and dynamic atmosphere.",3.8,83,1
Teide National Park,Spain,Natural Europe and North America Historic Landmark World Heritage," Situated on the island of Tenerife, Teide National Park features the Teide-Pico Viejo stratovolcano that, at 3,718 m, is the highest peak on Spanish soil. Rising 7,500 m above the ocean floor, it is regarded as the world&rsquo;s third-tallest volcanic structure and stands in a spectacular environment. The visual impact of the site is all the greater due to atmospheric conditions that create constantly changing textures and tones in the landscape and a &lsquo;sea of clouds&rsquo; that forms a visually impressive backdrop to the mountain. Teide is of global importance in providing evidence of the geological processes that underpin the evolution of oceanic islands. ",4.7,82,2
Strasbourg,France,City Trip Culture History Art,"Charming cobblestone streets lined with half-timbered houses, the aroma of freshly baked pastries, and the gentle flow of the canals create a fairy-tale ambiance.",4.2,74,3
San Salvador,El Salvador,City Trip,"Lively streets buzz with local vendors and colorful markets, while nearby volcanoes and lush landscapes offer a sense of adventure and natural beauty.",4.6,96,1
Ulu<U>r</U>u-Kata Tju<U>t</U>a National Park,Australia,Mixed Asia and the Pacific Historic Landmark World Heritage," This park, formerly called Uluru (Ayers Rock – Mount Olga) National Park, features spectacular geological formations that dominate the vast red sandy plain of central Australia. Uluru, an immense monolith, and Kata Tjuta, the rock domes located west of Uluru, form part of the traditional belief system of one of the oldest human societies in the world. The traditional owners of Uluru-Kata Tjuta are the Anangu Aboriginal people. ",4.6,81,3
Lower Valley of the Omo,Ethiopia,Cultural Africa Historic Landmark World Heritage," A prehistoric site near Lake Turkana, the lower valley of the Omo is renowned the world over. The discovery of many fossils there, especially Homo gracilis, has been of fundamental importance in the study of human evolution. ",4.6,61,3
Nuremberg,Germany,City Trip Culture History Art,"Charming medieval streets, vibrant markets, and a rich history offer a delightful blend of old-world charm and modern vibrancy.",4.3,83,3
Volcanoes of Kamchatka,Russian Federation,Natural Europe and North America Historic Landmark World Heritage," This is one of the most outstanding volcanic regions in the world, with a high density of active volcanoes, a variety of types, and a wide range of related features. The six sites included in the serial designation group together the majority of volcanic features of the Kamchatka peninsula. The interplay of active volcanoes and glaciers forms a dynamic landscape of great beauty. The sites contain great species diversity, including the world's largest known variety of salmonoid fish and exceptional concentrations of sea otter, brown bear and Stellar's sea eagle. ",4.9,65,3
Central Zone of the Town of Angra do Heroismo in the Azores,Portugal,Cultural Europe and North America Historic Landmark World Heritage," Situated on one of the islands in the Azores archipelago, this was an obligatory port of call from the 15th century until the advent of the steamship in the 19th century. The 400-year-old San Sebastião and San João Baptista fortifications are unique examples of military architecture. Damaged by an earthquake in 1980, Angra is now being restored. ",4.7,92,3
Historic Villages of Shirakawa-go and Gokayama,Japan,Cultural Asia and the Pacific Historic Landmark World Heritage," Located in a mountainous region that was cut off from the rest of the world for a long period of time, these villages with their Gassho-style houses subsisted on the cultivation of mulberry trees and the rearing of silkworms. The large houses with their steeply pitched thatched roofs are the only examples of their kind in Japan. Despite economic upheavals, the villages of Ogimachi, Ainokura and Suganuma are outstanding examples of a traditional way of life perfectly adapted to the environment and people's social and economic circumstances. ",4.7,87,3
Natural System of Wrangel Island Reserve,Russian Federation,Natural Europe and North America Historic Landmark World Heritage," Located well above the Arctic Circle, the site includes the mountainous Wrangel Island (7,608 km2), Herald Island (11 km2) and surrounding waters. Wrangel was not glaciated during the Quaternary Ice Age, resulting in exceptionally high levels of biodiversity for this region. The island boasts the world’s largest population of Pacific walrus and the highest density of ancestral polar bear dens. It is a major feeding ground for the grey whale migrating from Mexico and the northernmost nesting ground for 100 migratory bird species, many endangered. Currently, 417 species and subspecies of vascular plants have been identified on the island, double that of any other Arctic tundra territory of comparable size and more than any other Arctic island. Some species are derivative of widespread continental forms, others are the result of recent hybridization, and 23 are endemic. ",4.6,67,1
Greater Blue Mountains Area,Australia,Natural Asia and the Pacific Historic Landmark World Heritage," The Greater Blue Mountains Area consists of 1.03 million ha of sandstone plateaux, escarpments and gorges dominated by temperate eucalypt forest. The site, comprised of eight protected areas, is noted for its representation of the evolutionary adaptation and diversification of the eucalypts in post-Gondwana isolation on the Australian continent. Ninety-one eucalypt taxa occur within the Greater Blue Mountains Area which is also outstanding for its exceptional expression of the structural and ecological diversity of the eucalypts associated with its wide range of habitats. The site provides significant representation of Australia's biodiversity with ten percent of the vascular flora as well as significant numbers of rare or threatened species, including endemic and evolutionary relict species, such as the Wollemi pine, which have persisted in highly-restricted microsites. ",4.6,75,2
Stone Town,Tanzania,City Trip Culture History Art Beach Sea Tropical,"Winding alleys filled with vibrant markets, the aroma of spices, and the sound of distant waves create an atmosphere both lively and enchanting.",4.4,96,1
Historic Centres of Berat and Gjirokastra ,Albania,Cultural Europe and North America Historic Landmark World Heritage," Berat and Gjirokastra are inscribed as rare examples of an architectural character typical of the Ottoman period. Located in central Albania, Berat bears witness to the coexistence of various religious and cultural communities down the centuries. It features a castle, locally known as the Kala, most of which was built in the 13th century, although its origins date back to the 4th century BC. The citadel area numbers many Byzantine churches, mainly from the 13th century, as well as several mosques built under the Ottoman era which&nbsp;began&nbsp;in 1417. Gjirokastra, in the Drinos river valley in southern Albania, features a series of outstanding two-story&nbsp;houses which were developed in the 17th century. The town also retains a bazaar, an 18th-century mosque and two churches of the same period. ",4.8,54,1
White City of Tel-Aviv – the Modern Movement,Israel,Cultural Europe and North America Historic Landmark World Heritage," Tel Aviv was founded in 1909 and developed as a metropolitan city under the British Mandate in Palestine. The White City was constructed from the early 1930s until the 1950s, based on the urban plan by Sir Patrick Geddes, reflecting modern organic planning principles. The buildings were designed by architects who were trained in Europe where they practised their profession before immigrating. They created an outstanding architectural ensemble of the Modern Movement in a new cultural context. ",4.8,76,1
Ennedi Massif: Natural and Cultural Landscape,Chad,Mixed Africa Historic Landmark World Heritage," In the northeast of the country, the sandstone Ennedi Massif has been sculpted over time by water and wind erosion into a plateau featuring canyons and valleys that present a spectacular landscape marked by cliffs, natural arches and pitons. In the largest canyons, the permanent presence of water plays an essential role in the Massif’s ecosystem, sustaining flora and fauna as well as human life. Thousands of images have been painted and carved into the rock surface of caves, canyons and shelters, presenting one of the largest ensembles of rock art in the Sahara. ",4.6,70,3
Philadelphia,United States,City Trip Culture History Art Nightlife Party,"Historic cobblestone streets meet a vibrant arts scene, with lively markets and diverse neighborhoods creating a welcoming and dynamic urban experience.",4.9,90,3
Maulbronn Monastery Complex,Germany,Cultural Europe and North America Historic Landmark World Heritage," Founded in 1147, the Cistercian Maulbronn Monastery is considered the most complete and best-preserved medieval monastic complex north of the Alps. Surrounded by fortified walls, the main buildings were constructed between the 12th and 16th centuries. The monastery's church, mainly in Transitional Gothic style, had a major influence in the spread of Gothic architecture over much of northern and central Europe. The water-management system at Maulbronn, with its elaborate network of drains, irrigation canals and reservoirs, is of exceptional interest. ",4.7,89,2
Nuuk,Greenland,City Trip Nature Landscape Adventure Hiking,"Rugged landscapes meet the calm of icy fjords, where the crisp air and vibrant local culture create a unique Arctic charm.",3.6,90,5
Independence Hall,United States of America,Cultural Europe and North America Historic Landmark World Heritage, The Declaration of Independence (1776) and the Constitution of the United States (1787) were both signed in this building in Philadelphia. The universal principles of freedom and democracy set forth in these documents are of fundamental importance to American history and have also had a profound impact on law-makers around the world. ,4.6,80,2
Apia,Samoa,City Trip Nature Landscape Culture History Art Beach Sea Tropical,"Lush tropical gardens, vibrant markets, and the gentle sound of waves create a serene and welcoming atmosphere perfect for unwinding.",4.2,72,3
Mausoleum of Khoja Ahmed Yasawi,Kazakhstan,Cultural Asia and the Pacific Historic Landmark World Heritage," The Mausoleum of Khoja Ahmed Yasawi, in the town of Yasi, now Turkestan, was built at the time of Timur (Tamerlane), from 1389 to 1405. In this partly unfinished building, Persian master builders experimented with architectural and structural solutions later used in the construction of Samarkand, the capital of the Timurid Empire. Today, it is one of the largest and best-preserved constructions of the Timurid period. ",4.6,61,1
Venice and its Lagoon,Italy,Cultural Europe and North America Historic Landmark World Heritage," Founded in the 5th century and spread over 118 small islands, Venice became a major maritime power in the 10th century. The whole city is an extraordinary architectural masterpiece in which even the smallest building contains works by some of the world's greatest artists such as Giorgione, Titian, Tintoretto, Veronese and others. ",4.5,50,1
Montevideo,Uruguay,City Trip Culture History Art,"Strolling along the rambla with the ocean breeze, discovering vibrant street art, and savoring local mate create a welcoming and laid-back vibe.",4.6,63,3
"Kulangsu, a Historic International Settlement",China,Cultural Asia and the Pacific Historic Landmark World Heritage," Kulangsu is a tiny island located on the estuary of the Chiu-lung River, facing the city of Xiamen. With the opening of a commercial port at Xiamen in 1843, and the establishment of the island as an international settlement in 1903, this island off the southern coast of the Chinese empire suddenly became an important window for Sino-foreign exchanges. Kulangsu is an exceptional example of the cultural fusion that emerged from these exchanges, which remain legible in its urban fabric. There is a mixture of different architectural styles including Traditional Southern Fujian Style, Western Classical Revival Style and Veranda Colonial Style. The most exceptional testimony of the fusion of various stylistic influences is a new architectural movement, the Amoy Deco Style, which is a synthesis of the Modernist style of the early 20th century and Art Deco. ",4.8,74,3
Yosemite National Park,United States of America,Natural Europe and North America Historic Landmark World Heritage," Yosemite National Park lies in the heart of California. With its 'hanging' valleys, many waterfalls, cirque lakes, polished domes, moraines and U-shaped valleys, it provides an excellent overview of all kinds of granite relief fashioned by glaciation. At 600–4,000 m, a great variety of flora and fauna can also be found here. ",4.6,62,1
Caracas,Venezuela,City Trip Nature Landscape Culture History Art,"Vibrant streets filled with lively music and bustling markets, surrounded by lush mountains and offering a mix of urban and natural beauty.",3.9,80,1
Caves of Aggtelek Karst and Slovak Karst,"Hungary,Slovakia",Natural Europe and North America Historic Landmark World Heritage," The variety of formations and the fact that they are concentrated in a restricted area means that the 712 caves currently identified make up a typical temperate-zone karstic system. Because they display an extremely rare combination of tropical and glacial climatic effects, they make it possible to study geological history over tens of millions of years. ",4.9,55,2
Wooden <em>Tserkvas</em> of the Carpathian Region in Poland and Ukraine,"Poland,Ukraine",Cultural Europe and North America Historic Landmark World Heritage," Situated in the eastern fringe of Central Europe, the transnational property numbers a selection of sixteen&nbsp;tserkvas&nbsp;(churches). They were built of horizontal wooden logs between the 16th&nbsp;and 19th&nbsp;centuries by communities of Orthodox and Greek Catholic faiths. The&nbsp;tserkvas&nbsp;bear testimony to a distinct building tradition rooted in Orthodox ecclesiastic design interwoven with elements of local tradition, and symbolic references to their communities&rsquo; cosmogony.&nbsp;&nbsp;The&nbsp;tserkvas&nbsp;are built on a tri-partite plan surmounted by open quadrilateral or octagonal domes and cupolas. Integral to tserkvas are iconostasis screens, interior polychrome decorations, and other historic furnishings. Important elements of some tserkvas include&nbsp;wooden bell towers, churchyards, gatehouses and graveyards. ",4.8,82,3
Davao,Philippines,City Trip Nature Landscape Adventure Hiking,"Lush landscapes meet urban vibrancy, with bustling markets, serene parks, and the scent of tropical fruits filling the air.",4.8,69,1
Historic Quarter of the City of Colonia del Sacramento,Uruguay,Cultural Latin America and the Caribbean Historic Landmark World Heritage," Founded by the Portuguese in 1680 on the R&iacute;o de la Plata, the city was of strategic importance in resisting the Spanish. After being disputed for a century, it was finally lost by its founders. The well-preserved urban landscape illustrates the successful fusion of the Portuguese, Spanish and post-colonial styles. ",4.8,60,1
New Lanark,United Kingdom of Great Britain and Northern Ireland,Cultural Europe and North America Historic Landmark World Heritage," New Lanark is a small 18th- century village set in a sublime Scottish landscape where the philanthropist and Utopian idealist Robert Owen moulded a model industrial community in the early 19th century. The imposing cotton mill buildings, the spacious and well-designed workers' housing, and the dignified educational institute and school still testify to Owen's humanism. ",4.6,57,1
Huascarán National Park,Peru,Natural Latin America and the Caribbean Historic Landmark World Heritage," Situated in the Cordillera Blanca, the world's highest tropical mountain range, Mount Huascar&aacute;n rises to 6,768 m above sea-level. The deep ravines watered by numerous torrents, the glacial lakes and the variety of the vegetation make it a site of spectacular beauty. It is the home of such species as the spectacled bear and the Andean condor. ",4.7,85,3
High Coast / Kvarken Archipelago,"Finland,Sweden",Natural Europe and North America Historic Landmark World Heritage," The Kvarken Archipelago (Finland) and the High Coast (Sweden) are situated in the Gulf of Bothnia, a northern extension of the Baltic Sea. The 5,600 islands of the Kvarken Archipelago feature unusual ridged washboard moraines, &lsquo;De Geer moraines&rsquo;, formed by the melting of the continental ice sheet, 10,000 to 24,000 years ago. The Archipelago is continuously rising from the sea in a process of rapid glacio-isostatic uplift, whereby the land, previously weighed down under the weight of a glacier, lifts at rates that are among the highest in the world. As a consequence islands appear and unite, peninsulas expand, and lakes evolve from bays and develop into marshes and peat fens. The High Coast has also been largely shaped by the combined processes of glaciation, glacial retreat and the emergence of new land from the sea. Since the last retreat of the ice from the High Coast 9,600 years ago, the uplift has been in the order of 285 m which is the highest known ''rebound''. The site affords outstanding opportunities for the understanding of the important processes that formed the glaciated and land uplift areas of the Earth''s surface. ",4.8,77,3
Heidelberg,Germany,City Trip Nature Landscape Culture History Art,"Cobblestone streets lined with charming old buildings and the gentle flow of the Neckar River create an inviting, romantic atmosphere.",3.7,98,3
City of Quito,Ecuador,Cultural Latin America and the Caribbean Historic Landmark World Heritage," Quito, the capital of Ecuador, was founded in the 16th century on the ruins of an Inca city and stands at an altitude of 2,850 m. Despite the 1917 earthquake, the city has the best-preserved, least altered historic centre in Latin America. The monasteries of San Francisco and Santo Domingo, and the Church and Jesuit College of La Compañía, with their rich interiors, are pure examples of the 'Baroque school of Quito', which is a fusion of Spanish, Italian, Moorish, Flemish and indigenous art. ",4.9,85,3
Granada,Nicaragua,City Trip Nature Landscape Culture History Art,"Cobblestone streets lined with colorful colonial buildings and the distant scent of tropical fruits create a charming, laid-back atmosphere.",3.6,98,1
The Persian Qanat,Iran (Islamic Republic of),Cultural Asia and the Pacific Historic Landmark World Heritage," Throughout the arid regions of Iran, agricultural and permanent settlements are supported by the ancient qanat system of tapping alluvial aquifers at the heads of valleys and conducting the water along underground tunnels by gravity, often over many kilometres. The eleven qanats representing this system include rest areas for workers, water reservoirs and watermills. The traditional communal management system still in place allows equitable and sustainable water sharing and distribution. The qanats provide exceptional testimony to cultural traditions and civilizations in desert areas with an arid climate. ",4.9,60,3
Historic Town of Banská Štiavnica and the Technical Monuments in its Vicinity,Slovakia,Cultural Europe and North America Historic Landmark World Heritage," Over the centuries, the town of Banská Štiavnica was visited by many outstanding engineers and scientists who contributed to its fame. The old medieval mining centre grew into a town with Renaissance palaces, 16th-century churches, elegant squares and castles. The urban centre blends into the surrounding landscape, which contains vital relics of the mining and metallurgical activities of the past. ",4.8,80,3
Red Bay Basque Whaling Station,Canada,Cultural Europe and North America Historic Landmark World Heritage," Red Bay, established by Basque mariners in the 16th century at the north-eastern tip of Canada on the shore of the Strait of Belle Isle is an archaeological site that provides the earliest, most complete and best preserved testimony of the European whaling tradition. Gran Baya, as it was called by those who founded the station in 1530s, was used as a base for coastal hunting, butchering, rendering of whale fat by heading to produce oil and storage. It became a major source of whale oil which was shipped to Europe where it was used for lighting. The site, which was used in the summer months, includes remains of rendering ovens, cooperages, wharves, temporary living quarters and a cemetery, together with underwater remains of vessels and whale bone deposits. The station was used for some 70 years, before the local whale population was depleted. ",4.8,67,3
Australian Convict Sites,Australia,Cultural Asia and the Pacific Historic Landmark World Heritage," The property includes a selection of eleven penal sites, among the thousands established by the British Empire on Australian soil in the 18th and 19th centuries. The sites are spread across Australia, from Fremantle in Western Australia to Kingston and Arthur's Vale on Norfolk Island in the east; and from areas around Sydney in New South Wales in the north, to sites located in Tasmania in the south. Around 166,000 men, women and children were sent to Australia over 80 years between 1787 and 1868, condemned by British justice to transportation to the convict colonies. Each of the sites had a specific purpose, in terms both of punitive imprisonment and of rehabilitation through forced labour to help build the colony. The Australian Convict Sites presents the best surviving examples of large-scale convict transportation and the colonial expansion of European powers through the presence and labour of convicts. ",4.6,70,3
Persepolis,Iran (Islamic Republic of),Cultural Asia and the Pacific Historic Landmark World Heritage," Founded by Darius I in 518 B.C., Persepolis was the capital of the Achaemenid Empire. It was built on an immense half-artificial, half-natural terrace, where the king of kings created an impressive palace complex inspired by Mesopotamian models. The importance and quality of the monumental ruins make it a unique archaeological site. ",4.9,50,3
Córdoba,Argentina,City Trip Nature Landscape Culture History Art,"Historic streets buzz with student energy, colonial architecture, and a lively arts scene, offering a vibrant mix of tradition and modernity.",4.0,98,3
Boston,United States,City Trip Culture History Art Nightlife Party,"Historic streets meet modern innovation, offering a mix of charming neighborhoods, rich history, and vibrant cultural scenes that invite exploration and discovery.",3.9,98,5
Saint-Denis,Réunion,City Trip Nature Landscape Culture History Art Adventure Hiking Beach Sea Tropical,"A lively mix of Creole culture, bustling markets, and lush mountain backdrops create a vibrant and welcoming atmosphere full of discovery.",4.0,69,3
Tsodilo,Botswana,Cultural Africa Historic Landmark World Heritage," With one of the highest concentrations of rock art in the world, Tsodilo has been called the ''Louvre of the Desert''. Over 4,500 paintings are preserved in an area of only 10 km2 of the Kalahari Desert. The archaeological record of the area gives a chronological account of human activities and environmental changes over at least 100,000 years. Local communities in this hostile environment respect Tsodilo as a place of worship frequented by ancestral spirits. ",4.8,81,1
Lugano,Switzerland,City Trip Nature Landscape,"Nestled by a serene lake and surrounded by lush mountains, this charming spot offers a delightful blend of Swiss and Italian cultures.",3.8,89,5
Royal Palaces of Abomey,Benin,Cultural Africa Historic Landmark World Heritage," From 1625 to 1900, 12 kings succeeded one another at the head of the powerful Kingdom of Abomey. With the exception of King Akaba, who had his own separate enclosure, they all had their palaces built within the same cob-wall area, in keeping with previous palaces as regards the use of space and materials. The royal palaces of Abomey are a unique reminder of this vanished kingdom. ",4.7,67,1
Kluane / Wrangell-St. Elias / Glacier Bay / Tatshenshini-Alsek,"Canada,United States of America",Natural Europe and North America Historic Landmark World Heritage," These parks comprise an impressive complex of glaciers and high peaks on both sides of the border between Canada (Yukon Territory and British Columbia) and the United States (Alaska). The spectacular natural landscapes are home to many grizzly bears, caribou and Dall's sheep. The site contains the largest non-polar icefield in the world. ",4.9,93,2
Byron Bay,Australia,City Trip Nature Landscape Adventure Hiking Beach Sea Tropical,"A laid-back coastal vibe with stunning beaches, vibrant markets, and lush hinterlands offering a perfect blend of relaxation and adventure.",3.7,76,3
Libreville,Gabon,City Trip Nature Landscape,"Lush greenery mingles with urban life, offering a unique blend of vibrant markets, diverse wildlife, and a laid-back coastal vibe.",4.5,83,3
Wooden Churches of Southern Małopolska,Poland,Cultural Europe and North America Historic Landmark World Heritage," The wooden churches of southern Little Poland represent outstanding examples of the different aspects of medieval church-building traditions in Roman Catholic culture. Built using the horizontal log technique, common in eastern and northern Europe since the Middle Ages, these churches were sponsored by noble families and became status symbols. They offered an alternative to the stone structures erected in urban centres. ",4.9,82,1
Edinburgh,United Kingdom,City Trip Culture History Art Nightlife Party,"Charming cobblestone streets, historic castles, and the sound of bagpipes create a magical atmosphere that feels both ancient and alive.",4.3,92,3
Athens,Greece,City Trip Culture History Art Nightlife Party,"Ancient ruins stand proudly against a backdrop of vibrant street life and bustling markets, where history and modernity create an electrifying blend.",3.9,89,3
Bursa and Cumalıkızık: the Birth of the Ottoman Empire,Turkey,Cultural Europe and North America Historic Landmark World Heritage," This property is a serial nomination of eight component sites in the City of Bursa and the nearby village of Cumalıkızık, in the southern Marmara region. The site illustrates the creation of an urban and rural system establishing the Ottoman Empire in the early 14th century. The property embodies the key functions of the social and economic organization of the new capital which evolved around a civic centre. These include commercial districts of khans, kulliyes (religious institutions) integrating mosques, religious schools, public baths and a kitchen for the poor, as well as the tomb of Orhan Ghazi, founder of the Ottoman dynasty. One component outside the historic centre of Bursa is the village of Cumalıkızık, the only rural village of this system to show the provision of hinterland support for the capital. ",4.7,94,1
Madara Rider,Bulgaria,Cultural Europe and North America Historic Landmark World Heritage," The Madara Rider, representing the figure of a knight triumphing over a lion, is carved into a 100-m-high cliff near the village of Madara in north-east Bulgaria. Madara was the principal sacred place of the First Bulgarian Empire before Bulgaria&rsquo;s conversion to Christianity in the 9th century. The inscriptions beside the sculpture tell of events that occurred between AD 705 and 801. ",4.8,79,3
Medina of Tunis,Tunisia,Cultural Arab States Historic Landmark World Heritage," Under the Almohads and the Hafsids, from the 12th to the 16th century, Tunis was considered one of the greatest and wealthiest cities in the Islamic world. Some 700 monuments, including palaces, mosques, mausoleums, madrasas and fountains, testify to this remarkable past. ",4.7,78,3
Neolithic Site of Çatalhöyük,Turkey,Cultural Europe and North America Historic Landmark World Heritage," Two hills form the 37&nbsp;ha site on the Southern Anatolian Plateau. The taller eastern mound contains eighteen levels of Neolithic occupation between 7400&nbsp;bc and 6200&nbsp;bc, including wall paintings, reliefs, sculptures and other symbolic and artistic features. Together they testify to the evolution of social organization and cultural practices as humans adapted to a sedentary life. The western mound shows the evolution of cultural practices in the Chalcolithic period, from 6200&nbsp;bc to 5200&nbsp;bc. &Ccedil;atalh&ouml;y&uuml;k provides important evidence of the transition from settled villages to urban agglomeration, which was maintained in the same location for over 2,000 years. It features a unique streetless settlement of houses clustered back to back with roof access into the buildings. ",4.7,58,1
Piran,Slovenia,City Trip Nature Landscape Culture History Art Beach Sea Tropical,Charming cobblestone streets lead you through a town where the sea breeze mingles with the aroma of fresh seafood and vibrant markets.,3.8,69,3
Buddhist Monuments in the Horyu-ji Area,Japan,Cultural Asia and the Pacific Historic Landmark World Heritage," There are around 48 Buddhist monuments in the Horyu-ji area, in Nara Prefecture. Several date from the late 7th or early 8th century, making them some of the oldest surviving wooden buildings in the world. These masterpieces of wooden architecture are important not only for the history of art, since they illustrate the adaptation of Chinese Buddhist architecture and layout to Japanese culture, but also for the history of religion, since their construction coincided with the introduction of Buddhism to Japan from China by way of the Korean peninsula. ",5.0,52,2
The <I>Trulli</I> of Alberobello,Italy,Cultural Europe and North America Historic Landmark World Heritage," The trulli , limestone dwellings found in the southern region of Puglia, are remarkable examples of drywall (mortarless) construction, a prehistoric building technique still in use in this region. The trulli are made of roughly worked limestone boulders collected from neighbouring fields. Characteristically, they feature pyramidal, domed or conical roofs built up of corbelled limestone slabs. ",4.9,71,3
Chengdu,China,City Trip Nature Landscape Culture History Art,"A lively blend of spicy street food aromas, lush green parks, and the gentle charm of giant pandas creates an inviting, laid-back atmosphere.",3.7,70,3
"Koutammakou, the Land of the Batammariba",Togo,Cultural Africa Historic Landmark World Heritage," The Koutammakou landscape in north-eastern Togo, which extends into neighbouring Benin, is home to the Batammariba whose remarkable mud tower-houses (Takienta) have come to be seen as a symbol of Togo. In this landscape, nature is strongly associated with the rituals and beliefs of society. The 50,000-ha cultural landscape is remarkable due to the architecture of its tower-houses which are a reflection of social structure; its farmland and forest; and the associations between people and landscape. Many of the buildings are two storeys high and those with granaries feature an almost spherical form above a cylindrical base. Some of the buildings have flat roofs, others have conical thatched roofs. They are grouped in villages, which also include ceremonial spaces, springs, rocks and sites reserved for initiation ceremonies. ",4.7,62,3
Manila,Philippines,City Trip Culture History Art Nightlife Party,"Bustling streets filled with vibrant jeepneys and the aroma of street food create an exciting, sensory-rich experience that's uniquely captivating.",4.0,78,1
Cliff of Bandiagara (Land of the Dogons),Mali,Mixed Africa Historic Landmark World Heritage," The Bandiagara site is an outstanding landscape of cliffs and sandy plateaux with some beautiful architecture (houses, granaries, altars, sanctuaries and Togu Na, or communal meeting-places). Several age-old social traditions live on in the region (masks, feasts, rituals, and ceremonies involving ancestor worship). The geological, archaeological and ethnological interest, together with the landscape, make the Bandiagara plateau one of West Africa's most impressive sites. ",4.7,82,1
Diyarbakır Fortress and Hevsel Gardens Cultural Landscape,Turkey,Cultural Europe and North America Historic Landmark World Heritage," Located on an escarpment of the Upper Tigris River Basin that is part of the so-called Fertile Crescent, the fortified city of Diyarbakır and the landscape around has been an important centre since the Hellenistic period, through the Roman, Sassanid, Byzantine, Islamic and Ottoman times to the present. The site encompasses the Inner castle, known as İçkale and including the Amida Mound, and the 5.8 km-long city walls of Diyarbakır with their numerous towers, gates, buttresses, and 63 inscriptions. The site also includes the Hevsel Gardens, a green link between the city and the Tigris that supplied the city with food and water, the Anzele water source and the Ten-Eyed Bridge. ",4.7,69,2
Anjar,Lebanon,Cultural Arab States Historic Landmark World Heritage," The city of Anjar was founded by Caliph Walid I at the beginning of the 8th century. The ruins reveal a very regular layout, reminiscent of the palace-cities of ancient times, and are a unique testimony to city planning under the Umayyads. ",4.7,59,2
Quebrada de Humahuaca,Argentina,Cultural Latin America and the Caribbean Historic Landmark World Heritage," Quebrada de Humahuaca follows the line of a major cultural route, the Camino Inca, along the spectacular valley of the Rio Grande, from its source in the cold high desert plateau of the High Andean lands to its confluence with the Rio Leone some 150 km to the south. The valley shows substantial evidence of its use as a major trade route over the past 10,000 years. It features visible traces of prehistoric hunter-gatherer communities, of the Inca Empire (15th to 16th centuries) and of the fight for independence in the 19th and 20th centuries. ",4.9,63,2
Røros Mining Town and the Circumference,Norway,Cultural Europe and North America Historic Landmark World Heritage," Røros Mining Town and the Circumference is linked to the copper mines, established in the 17th century and exploited for 333 years until 1977. The site comprises the Town and its industrial-rural cultural landscapes; Femundshytta, a smelter with its associated area; and the Winter Transport Route. Completely rebuilt after its destruction by Swedish troops in 1679, Røros contains about 2000 wooden one- and two-storey houses and a smelting house. Many of these buildings have preserved their blackened wooden façades, giving the town a medieval appearance. Surrounded by a buffer zone, coincident with the area of privileges (the Circumference) granted to the mining enterprise by the Danish-Norwegian Crown (1646), the property illustrates the establishment and flourishing of a lasting culture based on copper mining in a remote region with a harsh climate. ",4.6,89,1
Taï National Park,Côte d'Ivoire,Natural Africa Historic Landmark World Heritage," This park is one of the last major remnants of the primary tropical forest of West Africa. Its rich natural flora, and threatened mammal species such as the pygmy hippopotamus and 11 species of monkeys, are of great scientific interest. ",4.8,63,1
Historic and Architectural Complex of the Kazan Kremlin,Russian Federation,Cultural Europe and North America Historic Landmark World Heritage," Built on an ancient site, the Kazan Kremlin dates from the Muslim period of the Golden Horde and the Kazan Khanate. It was conquered by Ivan the Terrible in 1552 and became the Christian See of the Volga Land. The only surviving Tatar fortress in Russia and an important place of pilgrimage, the Kazan Kremlin consists of an outstanding group of historic buildings dating from the 16th to 19th centuries, integrating remains of earlier structures of the 10th to 16th centuries. ",4.7,55,1
Yungang Grottoes,China,Cultural Asia and the Pacific Historic Landmark World Heritage," The Yungang Grottoes, in Datong city, Shanxi Province, with their 252 caves and 51,000 statues, represent the outstanding achievement of Buddhist cave art in China in the 5th and 6th centuries. The Five Caves created by Tan Yao, with their strict unity of layout and design, constitute a classical masterpiece of the first peak of Chinese Buddhist art. ",4.8,58,3
Vancouver,Canada,City Trip Nature Landscape Culture History Art Adventure Hiking Nightlife Party,"Nestled between ocean and mountains, this city offers a harmonious blend of urban excitement and serene natural beauty, perfect for outdoor enthusiasts.",3.9,96,5
Butrint,Albania,Cultural Europe and North America Historic Landmark World Heritage," Inhabited since prehistoric times, Butrint has been the site of a Greek colony, a Roman city and a bishopric. Following a period of prosperity under Byzantine administration, then a brief occupation by the Venetians, the city was abandoned in the late Middle Ages after marshes formed in the area. The present archaeological site is a repository of ruins representing each period in the city&rsquo;s development. ",4.8,92,2
Mudejar Architecture of Aragon,Spain,Cultural Europe and North America Historic Landmark World Heritage," The development in the 12th century of Mudejar art in Aragon resulted from the particular political, social and cultural conditions that prevailed in Spain after the Reconquista. This art, influenced by Islamic tradition, also reflects various contemporary European styles, particularly the Gothic. Present until the early 17th century, it is characterized by an extremely refined and inventive use of brick and glazed tiles in architecture, especially in the belfries. ",4.8,74,3
Great Himalayan National Park Conservation Area,India,Natural Asia and the Pacific Historic Landmark World Heritage," This National Park in the western part of the Himalayan Mountains in the northern Indian state of Himachal Pradesh is characterized by high alpine peaks, alpine meadows and riverine forests. The 90,540&nbsp;ha property includes the upper mountain glacial and snow meltwater sources of several rivers, and the catchments of water supplies that are vital to millions of downstream users. The GHNPCA protects the monsoon-affected forests and alpine meadows of the Himalayan front ranges. It is part of the Himalaya biodiversity hotspot and includes twenty-five forest types along with a rich assemblage of fauna species, several of which are threatened. This gives the site outstanding significance for biodiversity conservation. ",4.7,72,3
Rapa Nui,Chile,City Trip Nature Landscape Culture History Art,"Mystical landscapes dotted with iconic stone statues create a serene yet awe-inspiring atmosphere, perfect for those seeking a unique cultural experience.",4.6,95,5
Hortobágy National Park - the <i>Puszta</i>,Hungary,Cultural Europe and North America Historic Landmark World Heritage," The cultural landscape of the Hortob&aacute;gy Puszta consists of a vast area of plains and wetlands in eastern Hungary. Traditional forms of land use, such as the grazing of domestic animals, have been present in this pastoral society for more than two millennia. ",4.6,59,3
Ningaloo Coast,Australia,Natural Asia and the Pacific Historic Landmark World Heritage," The 604,500 hectare marine and terrestrial property of Ningaloo Coast, on the remote western coast of Australia, includes one of the longest near-shore reefs in the world. On land the site features an extensive karst system and network of underground caves and water courses. Annual gatherings of whale sharks occur at Ningaloo Coast, which is home to numerous marine species, among them a wealth of sea turtles. The terrestrial part of the site features subterranean water bodies with a substantial network of caves, conduits, and groundwater streams. They support a variety of rare species that contribute to the exceptional biodiversity of the marine and terrestrial site ",4.9,90,1
Historic Centre of Cordoba,Spain,Cultural Europe and North America Historic Landmark World Heritage," Cordoba's period of greatest glory began in the 8th century after the Moorish conquest, when some 300 mosques and innumerable palaces and public buildings were built to rival the splendours of Constantinople, Damascus and Baghdad. In the 13th century, under Ferdinand III, the Saint, Cordoba's Great Mosque was turned into a cathedral and new defensive structures, particularly the Alcázar de los Reyes Cristianos and the Torre Fortaleza de la Calahorra, were erected. ",4.9,94,1
Mill Network at Kinderdijk-Elshout,Netherlands,Cultural Europe and North America Historic Landmark World Heritage," The outstanding contribution made by the people of the Netherlands to the technology of handling water is admirably demonstrated by the installations in the Kinderdijk-Elshout area. Construction of hydraulic works for the drainage of land for agriculture and settlement began in the Middle Ages and have continued uninterruptedly to the present day. The site illustrates all the typical features associated with this technology – dykes, reservoirs, pumping stations, administrative buildings and a series of beautifully preserved windmills. ",4.8,55,1
Lakes of Ounianga,Chad,Natural Africa Historic Landmark World Heritage," The site includes eighteen interconnected lakes in the hyper arid Ennedi region of the Sahara desert covering an area of 62,808&nbsp;ha. It constitutes an exceptional natural landscape of great beauty with striking colours and shapes. The saline, hyper saline and freshwater lakes are supplied by groundwater and are found in two groups 40&nbsp;km apart. Ounianga Kebir comprises four lakes, the largest of which, Yoan, covers an area of 358&nbsp;ha and is 27&nbsp;m deep. Its highly saline waters only sustain algae and some microorganisms. The second group, Ounianga Serir, comprises fourteen lakes separated by sand dunes. Floating reeds cover almost half the surface of these lakes reducing evaporation. At 436&nbsp;ha, Lake Teli has the largest surface area but is less than 10&nbsp;m deep. With their high quality freshwater, some of these lakes are home to aquatic fauna, particularly fish. ",4.5,80,2
Canaima National Park,Venezuela (Bolivarian Republic of),Natural Latin America and the Caribbean Historic Landmark World Heritage," Canaima National Park is spread over 3 million ha in south-eastern Venezuela along the border between Guyana and Brazil. Roughly 65% of the park is covered by table mountain (tepui) formations. The tepuis constitute a unique biogeological entity and are of great geological interest. The sheer cliffs and waterfalls, including the world's highest (1,000 m), form a spectacular landscape. ",4.9,88,1
Nantes,France,City Trip Culture History Art,"A city where historic charm meets modern creativity, with cobblestone streets, vibrant art scenes, and the gentle flow of the Loire River.",4.1,84,3
Zuojiang Huashan Rock Art Cultural Landscape,China,Cultural Asia and the Pacific Historic Landmark World Heritage," Located on the steep cliffs in the border regions of southwest China, these 38 sites of rock art illustrate the life and rituals of the Luoyue people. They date from the period around the 5th century BCE to the 2nd century CE. In a surrounding landscape of karst, rivers and plateaux, they depict ceremonies that have been interpreted as portraying the bronze drum culture once prevalent across southern China. This cultural landscape is the only remains of this culture today. ",4.6,79,2
Tusi Sites,China,Cultural Asia and the Pacific Historic Landmark World Heritage," Located in the mountainous areas of south-west China, this property encompasses remains of several tribal domains whose chiefs were appointed by the central government as ‘Tusi’, hereditary rulers from the 13th to the early 20thcentury. The Tusi system arose from the ethnic minorities’ dynastic systems of government dating back to the 3rd century BCE. Its purpose was to unify national administration, while allowing ethnic minorities to retain their customs and way of life. The sites of Laosicheng, Tangya and Hailongtun Fortress that make up the site bear exceptional testimony to this form of governance, which derived from the Chinese civilization of the Yuan and Ming periods. ",5.0,73,3
Historical Complex of Split with the Palace of Diocletian,Croatia,Cultural Europe and North America Historic Landmark World Heritage," The ruins of Diocletian's Palace, built between the late 3rd and the early 4th centuries A.D., can be found throughout the city. The cathedral was built in the Middle Ages, reusing materials from the ancient mausoleum. Twelfth- and 13th-century Romanesque churches, medieval fortifications, 15th-century Gothic palaces and other palaces in Renaissance and Baroque style make up the rest of the protected area. ",4.6,72,3
Pyrénées - Mont Perdu,"France,Spain",Mixed Europe and North America Historic Landmark World Heritage," This outstanding mountain landscape, which spans the contemporary national borders of France and Spain, is centred around the peak of Mount Perdu, a calcareous massif that rises to 3,352 m. The site, with a total area of 30,639 ha, includes two of Europe's largest and deepest canyons on the Spanish side and three major cirque walls on the more abrupt northern slopes with France, classic presentations of these geological landforms. The site is also a pastoral landscape reflecting an agricultural way of life that was once widespread in the upland regions of Europe but now survives only in this part of the Pyr&eacute;n&eacute;es. Thus it provides exceptional insights into past European society through its landscape of villages, farms, fields, upland pastures and mountain roads. ",4.6,93,3
Quebec City,Canada,City Trip Nature Landscape Culture History Art,"Cobblestone streets and historic architecture create a charming old-world atmosphere, with lively festivals and cozy bistros offering a warm, inviting experience.",3.6,77,3
"Al-Ahsa Oasis, an Evolving Cultural Landscape",Saudi Arabia,Cultural Arab States Historic Landmark World Heritage," In the eastern Arabian Peninsula, the Al-Ahsa Oasis is a serial property comprising gardens, canals, springs, wells and a drainage lake, as well as historical buildings, urban fabric and archaeological sites. They represent traces of continued human settlement in the Gulf region from the Neolithic to the present, as can be seen from remaining historic fortresses, mosques, wells, canals and other water management systems. With its 2.5 million date palms, it is the largest oasis in the world. Al-Ahsa is also a unique geocultural landscape and an exceptional example of human interaction with the environment. ",4.9,65,1
Darwin,Australia,City Trip Nature Landscape Adventure Hiking,"A vibrant blend of tropical climate, diverse wildlife, and rich Indigenous culture creates an inviting and adventurous atmosphere for exploration and discovery.",3.9,93,3
Orlando,United States,City Trip Adventure Hiking Nightlife Party,"Theme parks brimming with excitement, vibrant entertainment districts, and sunny afternoons create a lively atmosphere perfect for family adventures and fun-filled days.",3.7,66,3
Selous Game Reserve,United Republic of Tanzania,Natural Africa Historic Landmark World Heritage," Large numbers of elephants, black rhinoceroses, cheetahs, giraffes, hippopotamuses and crocodiles live in this immense sanctuary, which measures 50,000 km2 and is relatively undisturbed by human impact. The park has a variety of vegetation zones, ranging from dense thickets to open wooded grasslands. ",4.9,72,1
Mexico City,Mexico,City Trip Culture History Art Nightlife Party,"Vibrant streets teeming with life, colorful markets, and the aroma of street food create an eclectic and exhilarating urban experience.",4.3,85,3
Kraków,Poland,City Trip Culture History Art Nightlife Party,"Cobblestone streets lead to vibrant squares filled with the buzz of locals and tourists alike, offering a blend of history and lively culture.",4.0,81,3
Barcelona,Spain,City Trip Culture History Art Beach Sea Tropical Nightlife Party,"Vibrant streets filled with Gaudí's whimsical architecture, lively tapas bars, and the warm Mediterranean breeze create an inviting and dynamic atmosphere.",4.7,67,3
Prehistoric Pile Dwellings around the Alps,"Austria,France,Germany,Italy,Slovenia,Switzerland",Cultural Europe and North America Historic Landmark World Heritage," This serial property of 111 small individual sites encompasses the remains of prehistoric pile-dwelling (or stilt house) settlements in and around the Alps built from around 5000 to 500 B.C. on the edges of lakes, rivers or wetlands. Excavations, only conducted in some of the sites, have yielded evidence that provides insight into life in prehistoric times during the Neolithic and Bronze Age in Alpine Europe and the way communities interacted with their environment. Fifty-six of the sites are located in Switzerland. The settlements are a unique group of exceptionally well-preserved and culturally rich archaeological sites, which constitute one of the most important sources for the study of early agrarian societies in the region. ",4.7,68,3
Muskauer Park / Park Mużakowski,"Germany,Poland",Cultural Europe and North America Historic Landmark World Heritage," A landscaped park of 559.9 ha astride the Neisse River and the border between Poland and Germany, it was created by Prince Hermann von Puckler-Muskau from 1815 to 1844. Blending seamlessly with the surrounding farmed landscape, the park pioneered new approaches to landscape design and influenced the development of landscape architecture in Europe and America. Designed as a &lsquo;painting with plants&rsquo;, it did not seek to evoke classical landscapes, paradise, or some lost perfection, instead using local plants to enhance the inherent qualities of the existing landscape. This integrated landscape extends into the town of Muskau with green passages that formed urban parks framing areas for development. The town thus became a design component in a utopian landscape. The site also features a reconstructed castle, bridges and an arboretum. ",4.8,51,2
London,United Kingdom,City Trip Culture History Art Nightlife Party,"Iconic landmarks, bustling markets, and a rich tapestry of culture create a vibrant atmosphere that feels both historic and ever-evolving.",4.8,84,5
Archaeological Heritage of the Lenggong Valley,Malaysia,Cultural Asia and the Pacific Historic Landmark World Heritage," Situated in the lush Lenggong Valley, the property includes four archaeological sites in two clusters which span close to 2&nbsp;million years, one of the longest records of early man in a single locality, and the oldest outside the African continent. It features open-air and cave sites with Palaeolithic tool workshops, evidence of early technology. The number of sites found in the relatively contained area suggests the presence of a fairly large, semi-sedentary population with cultural remains from the Palaeolithic, Neolithic and Metal ages. ",4.9,94,2
Belize Barrier Reef Reserve System,Belize,Natural Latin America and the Caribbean Historic Landmark World Heritage," The coastal area of Belize is an outstanding natural system consisting of the largest barrier reef in the northern hemisphere, offshore atolls, several hundred sand cays, mangrove forests, coastal lagoons and estuaries. The system’s seven sites illustrate the evolutionary history of reef development and are a significant habitat for threatened species, including marine turtles, manatees and the American marine crocodile. ",4.7,94,2
Casablanca,Morocco,City Trip Culture History Art Nightlife Party,"Vibrant markets, aromatic spices, and stunning architecture create an inviting atmosphere, blending modern energy with rich cultural heritage.",3.7,83,1
Water Management System of Augsburg,Germany,Cultural Europe and North America Historic Landmark World Heritage,"The water management system of the city of Augsburg has evolved in successive phases from the 14th century to the present day. It includes a network of canals, water towers dating from the 15th to 17th centuries, which housed pumping machinery, a water-cooled butchers’ hall, a system of three monumental fountains and hydroelectric power stations, which continue to provide sustainable energy today. The technological innovations generated by this water management system have helped establish Augsburg as a pioneer in hydraulic engineering.",4.5,53,3
Muscat,Oman,City Trip Nature Landscape Culture History Art Beach Sea Tropical,"Golden desert landscapes meet the azure sea, creating a serene backdrop for exploring traditional souks, grand mosques, and coastal promenades.",3.5,85,3
Chaco Culture,United States of America,Cultural Europe and North America Historic Landmark World Heritage," For over 2,000 years, Pueblo peoples occupied a vast region of the south-western United States. Chaco Canyon, a major centre of ancestral Pueblo culture between 850 and 1250, was a focus for ceremonials, trade and political activity for the prehistoric Four Corners area. Chaco is remarkable for its monumental public and ceremonial buildings and its distinctive architecture – it has an ancient urban ceremonial centre that is unlike anything constructed before or since. In addition to the Chaco Culture National Historical Park, the World Heritage property includes the Aztec Ruins National Monument and several smaller Chaco sites managed by the Bureau of Land Management. ",5.0,65,3
Seokguram Grotto and Bulguksa Temple,Republic of Korea,Cultural Asia and the Pacific Historic Landmark World Heritage," Established in the 8th century on the slopes of Mount Toham, the Seokguram Grotto contains a monumental statue of the Buddha looking at the sea in the bhumisparsha mudra position. With the surrounding portrayals of gods, Bodhisattvas and disciples, all realistically and delicately sculpted in high and low relief, it is considered a masterpiece of Buddhist art in the Far East. The Temple of Bulguksa (built in 774) and the Seokguram Grotto form a religious architectural complex of exceptional significance. ",4.7,59,2
Cotonou,Benin,City Trip Culture History Art,"Bustling markets, vibrant street life, and warm coastal breezes create an inviting atmosphere filled with rich cultural experiences and local charm.",3.7,88,1
Vilamoura,Portugal,City Trip Nature Landscape Beach Sea Tropical Nightlife Party,"Sun-drenched marina views, vibrant nightlife, and golden beaches create a lively yet relaxed atmosphere perfect for unwinding and enjoying coastal charm.",3.5,79,3
Kondoa Rock-Art Sites,United Republic of Tanzania,Cultural Africa Historic Landmark World Heritage," On the eastern slopes of the Masai escarpment bordering the Great Rift Valley are natural rock shelters, overhanging slabs of sedimentary rocks fragmented by rift faults, whose vertical planes have been used for rock paintings for at least two millennia. The spectacular collection of images from over 150 shelters over 2,336 km2 , many with high artistic value, displays sequences that provide a unique testimony to the changing socio-economic base of the area from hunter-gatherer to agro-pastoralist, and the beliefs and ideas associated with the different societies. Some of the shelters are still considered to have ritual associations with the people who live nearby, reflecting their beliefs, rituals and cosmological traditions. ",5.0,91,1
Da Lat,Vietnam,City Trip Nature Landscape Adventure Hiking,"Misty mornings, lush pine forests, and vibrant markets create a serene escape with a refreshing blend of nature and local culture.",4.0,63,1
Lusaka,Zambia,City Trip Nature Landscape,"Bustling markets, vibrant local culture, and open green spaces create a lively yet laid-back atmosphere that's both welcoming and engaging.",4.7,67,1
Yaoundé,Cameroon,City Trip Culture History Art,Lush greenery and vibrant markets create a lively atmosphere filled with the scent of street food and the rhythm of local music.,4.4,86,1
Sheikh Safi al-din Khānegāh and Shrine Ensemble in Ardabil,Iran (Islamic Republic of),Cultural Asia and the Pacific Historic Landmark World Heritage," Built between the beginning of the 16th  century and the end of the 18th  century, this place of spiritual retreat in the Sufi tradition uses Iranian traditional architectural forms to maximize use of available space to accommodate a variety of functions (including a library, a mosque, a school, mausolea, a cistern, a hospital, kitchens, a bakery, and some offices). It incorporates a route to reach the shrine of the Sheikh divided into seven segments, which mirror the seven stages of Sufi mysticism, separated by eight gates, which represent the eight attitudes of Sufism. The ensemble includes well-preserved and richly ornamented facades and interiors, with a remarkable collection of antique artefacts. It constitutes a rare ensemble of elements of medieval Islamic architecture. ",4.9,52,2
Azores,Portugal,City Trip Nature Landscape Adventure Hiking,"Lush volcanic landscapes, tranquil ocean vistas, and charming villages create a serene atmosphere perfect for unwinding and connecting with nature.",4.2,81,3
Machu Picchu,Peru,City Trip Nature Landscape Culture History Art Adventure Hiking,"Misty mountain peaks and ancient stone terraces create a mystical atmosphere, inviting you to explore and connect with history and nature.",4.3,95,5
Mausoleum of the First Qin Emperor,China,Cultural Asia and the Pacific Historic Landmark World Heritage," No doubt thousands of statues still remain to be unearthed at this archaeological site, which was not discovered until 1974. Qin (d. 210 B.C.), the first unifier of China, is buried, surrounded by the famous terracotta warriors, at the centre of a complex designed to mirror the urban plan of the capital, Xianyan. The small figures are all different; with their horses, chariots and weapons, they are masterpieces of realism and also of great historical interest. ",4.5,88,3
Split,Croatia,City Trip Nature Landscape Culture History Art Beach Sea Tropical Nightlife Party,Wander through ancient stone streets where the Adriatic breeze mingles with lively chatter and the scent of fresh seafood from bustling markets.,4.1,66,3
Seville,Spain,City Trip Culture History Art Nightlife Party,"Sun-drenched plazas, the aroma of orange blossoms, and the passionate rhythm of flamenco create an enchanting and lively atmosphere.",3.7,81,3
Tabriz Historic Bazaar Complex,Iran (Islamic Republic of),Cultural Asia and the Pacific Historic Landmark World Heritage," Tabriz has been a place of cultural exchange since antiquity and its historic bazaar complex is one of the most important commercial centres on the Silk Road. Tabriz Historic Bazaar Complex consists of a series of interconnected, covered, brick structures, buildings, and enclosed spaces for different functions. Tabriz and its Bazaar were already prosperous and famous in the 13th century, when the town, in the province of Eastern Azerbaijan, became the capital city of the Safavid kingdom. The city lost its status as capital in the 16th century, but remained important as a commercial hub until the end of the 18th century, with the expansion of Ottoman power. It is one of the most complete examples of the traditional commercial and cultural system of Iran. ",4.6,85,1
Bath,United Kingdom,City Trip Culture History Art,"Charming cobblestone streets, historic architecture, and the soothing warmth of natural hot springs create a serene and inviting experience.",3.8,85,3
Richtersveld Cultural and Botanical Landscape,South Africa,Cultural Africa Historic Landmark World Heritage," The 160,000 ha Richtersveld Cultural and Botanical Landscape of dramatic mountainous desert in north-western South Africa constitutes a cultural landscape communally owned and managed. This site sustains the semi-nomadic pastoral livelihood of the Nama people, reflecting seasonal patterns that may have persisted for as much as two millennia in southern Africa. It is the only area where the Nama still construct portable rush-mat houses (haru om ) and includes seasonal migrations and grazing grounds, together with stock posts. The pastoralists collect medicinal and other plants and have a strong oral tradition associated with different places and attributes of the landscape. ",4.5,94,3
Dazu Rock Carvings,China,Cultural Asia and the Pacific Historic Landmark World Heritage," The steep hillsides of the Dazu area contain an exceptional series of rock carvings dating from the 9th to the 13th century. They are remarkable for their aesthetic quality, their rich diversity of subject matter, both secular and religious, and the light that they shed on everyday life in China during this period. They provide outstanding evidence of the harmonious synthesis of Buddhism, Taoism and Confucianism. ",4.9,62,1
City of Safranbolu,Turkey,Cultural Europe and North America Historic Landmark World Heritage," From the 13th century to the advent of the railway in the early 20th century, Safranbolu was an important caravan station on the main East–West trade route. The Old Mosque, Old Bath and Süleyman Pasha Medrese were built in 1322. During its apogee in the 17th century, Safranbolu's architecture influenced urban development throughout much of the Ottoman Empire. ",4.5,93,3
Galway,Ireland,City Trip Nature Landscape Culture History Art Nightlife Party,Charming cobblestone streets and vibrant pubs filled with music create an inviting atmosphere where the warmth of the locals is unforgettable.,3.8,77,3
S<U>G</U>ang Gwaay,Canada,Cultural Europe and North America Historic Landmark World Heritage," The village of Ninstints (Nans Dins) is located on a small island off the west coast of the Queen Charlotte Islands (Haida Gwaii). Remains of houses, together with carved mortuary and memorial poles, illustrate the Haida people's art and way of life. The site commemorates the living culture of the Haida people and their relationship to the land and sea, and offers a visual key to their oral traditions. ",4.7,80,2
Studley Royal Park including the Ruins of Fountains Abbey,United Kingdom of Great Britain and Northern Ireland,Cultural Europe and North America Historic Landmark World Heritage," In the 18th century a designed landscape of exceptional beauty was created around the ruins of the Cistercian Fountains Abbey, in Yorkshire. The spectacular ruins of the 12th century abbey and water mill, the Jacobean mansion of Fountains Hall, the Victorian masterpiece St Mary’s Church and one of the most magnificent Georgian water gardens ever created, make this a landscape of outstanding merit. ",4.9,66,3
Mount Kenya National Park/Natural Forest,Kenya,Natural Africa Historic Landmark World Heritage," At 5,199 m, Mount Kenya is the second highest peak in Africa. It is an ancient extinct volcano, which during its period of activity (3.1-2.6 million years ago) is thought to have risen to 6,500 m. There are 12 remnant glaciers on the mountain, all receding rapidly, and four secondary peaks that sit at the head of the U-shaped glacial valleys. With its rugged glacier-clad summits and forested middle slopes, Mount Kenya is one of the most impressive landscapes in East Africa. The evolution and ecology of its afro-alpine flora provide an outstanding example of ecological and biological processes. Through the Lewa Wildlife Conservancy and Ngare Ndare Forest Reserve, the property also incorporates lower lying scenic foothills and arid habitats of high biodiversity, situated in the ecological transition zone between the mountain ecosystem and the semi-arid savanna grasslands. The area also lies within the traditional migrating route of the African elephant population. ",4.5,69,3
Würzburg Residence with the Court Gardens and Residence Square,Germany,Cultural Europe and North America Historic Landmark World Heritage," This magnificent Baroque palace – one of the largest and most beautiful in Germany and surrounded by wonderful gardens – was created under the patronage of the prince-bishops Lothar Franz and Friedrich Carl von Schönborn. It was built and decorated in the 18th century by an international team of architects, painters (including Tiepolo), sculptors and stucco-workers, led by Balthasar Neumann. ",4.8,75,2
Nara,Japan,City Trip Nature Landscape Culture History Art,"Ancient temples, serene deer-filled parks, and tranquil gardens offer a peaceful escape, inviting you to wander and reflect in harmony with nature.",4.6,70,3
<i>Aflaj</i> Irrigation Systems of Oman,Oman,Cultural Arab States Historic Landmark World Heritage," The property includes five aflaj irrigation systems and is representative of some 3,000 such systems still in use in Oman. The origins of this system of irrigation may date back to AD 500, but archaeological evidence suggests that irrigation systems existed in this extremely arid area as early as 2500 BC. Using gravity, water is channelled from underground sources or springs to support agriculture and domestic use. The fair and effective management and sharing of water in villages and towns is still underpinned by mutual dependence and communal values and guided by astronomical observations. Numerous watchtowers built to defend the water systems form part of the site reflecting the historic dependence of communities on the aflaj system. Threatened by falling level of the underground water table, the aflaj represent an exceptionally well-preserved form of land use. ",4.8,88,3
Florence,Italy,City Trip Culture History Art,"Cobblestone streets filled with art, the aroma of fresh espresso, and vibrant piazzas create a captivating blend of history and modern life.",4.6,91,3
Monastery of Alcobaça,Portugal,Cultural Europe and North America Historic Landmark World Heritage," The Monastery of Santa Maria d'Alcoba&ccedil;a, north of Lisbon, was founded in the 12th century by King Alfonso I. Its size, the purity of its architectural style, the beauty of the materials and the care with which it was built make this a masterpiece of Cistercian Gothic art. ",4.8,80,2
Paphos,Cyprus,Cultural Europe and North America Historic Landmark World Heritage," Paphos has been inhabited since the Neolithic period. It was a centre of the cult of Aphrodite and of pre-Hellenic fertility deities. Aphrodite's legendary birthplace was on this island, where her temple was erected by the Myceneans in the 12th century B.C. The remains of villas, palaces, theatres, fortresses and tombs mean that the site is of exceptional architectural and historic value. The mosaics of Nea Paphos are among the most beautiful in the world. ",4.8,73,1
Vallée de Mai Nature Reserve,Seychelles,Natural Africa Historic Landmark World Heritage," In the heart of the small island of Praslin, the reserve has the vestiges of a natural palm forest preserved in almost its original state. The famous coco de mer, from a palm-tree once believed to grow in the depths of the sea, is the largest seed in the plant kingdom. ",4.6,53,3
Lapland,Finland,City Trip Nature Landscape Adventure Hiking,"Snow-draped landscapes, shimmering northern lights, and cozy log cabins create a magical atmosphere perfect for winter adventures and quiet reflection.",4.3,67,5
Abbey and Altenmünster of Lorsch,Germany,Cultural Europe and North America Historic Landmark World Heritage," The abbey, together with its monumental entrance, the famous 'Torhall', are rare architectural vestiges of the Carolingian era. The sculptures and paintings from this period are still in remarkably good condition. ",4.9,93,2
"Vézelay, Church and Hill",France,Cultural Europe and North America Historic Landmark World Heritage," Shortly after its foundation in the 9th century, the Benedictine abbey of V&eacute;zelay acquired the relics of St Mary Magdalene and since then it has been an important place of pilgrimage. St Bernard preached the Second Crusade there in 1146 and Richard the Lion-Hearted and Philip II Augustus met there to leave for the Third Crusade in 1190. With its sculpted capitals and portal, the Madeleine of V&eacute;zelay &ndash; a 12th-century monastic church &ndash; is a masterpiece of Burgundian Romanesque art and architecture. ",4.7,87,1
Jodhpur,India,City Trip Culture History Art,"Sun-drenched streets weave through vibrant markets and historic forts, offering a sensory journey rich with colors, aromas, and cultural warmth.",3.6,65,1
Miami,United States,City Trip Beach Sea Tropical Nightlife Party,"Vibrant streets pulsate with Latin beats, ocean breezes carry the scent of salt and sunscreen, and art deco architecture adds a nostalgic charm.",4.9,65,5
Old City of Salamanca,Spain,Cultural Europe and North America Historic Landmark World Heritage," This ancient university town north-west of Madrid was first conquered by the Carthaginians in the 3rd century B.C. It then became a Roman settlement before being ruled by the Moors until the 11th century. The university, one of the oldest in Europe, reached its high point during Salamanca's golden age. The city's historic centre has important Romanesque, Gothic, Moorish, Renaissance and Baroque monuments. The Plaza Mayor, with its galleries and arcades, is particularly impressive. ",4.9,94,2
Luxor,Egypt,City Trip Culture History Art,"Sun-drenched landscapes and ancient temples create an awe-inspiring atmosphere, where history feels alive amid the vibrant local culture and bustling markets.",4.7,71,1
Laval,Quebec,City Trip,"A blend of urban charm and natural beauty, with lush parks and vibrant cultural spots offering a refreshing escape from the city rush.",3.8,71,3
Ischigualasto / Talampaya Natural Parks,Argentina,Natural Latin America and the Caribbean Historic Landmark World Heritage," These two contiguous parks, extending over 275,300 ha in the desert region on the western border of the Sierra Pampeanas of central Argentina, contain the most complete continental fossil record known from the Triassic Period (245-208 million years ago). Six geological formations in the parks contain fossils of a wide range of ancestors of mammals, dinosaurs and plants revealing the evolution of vertebrates and the nature of palaeo-environments in the Triassic Period. ",4.6,51,1
Aachen Cathedral ,Germany,Cultural Europe and North America Historic Landmark World Heritage," Construction of this palatine chapel, with its octagonal basilica and cupola, began c. 790–800 under the Emperor Charlemagne. Originally inspired by the churches of the Eastern part of the Holy Roman Empire, it was splendidly enlarged in the Middle Ages. ",4.8,73,1
Ancient City of Qalhat,Oman,Cultural Arab States Historic Landmark World Heritage," The property, which is located on the east coast of the Sultanate of Oman, includes the ancient city of Qalhat, surrounded by inner and outer walls, as well as areas beyond the ramparts where necropolises are located. The city developed as a major port on the east coast of Arabia between the 11th and 15th centuries CE, during the reign of the Hormuz princes. The Ancient City bears unique archaeological testimony to the trade links between the east coast of Arabia, East Africa, India, China and South-East Asia. ",4.8,88,1
Pokhara,Nepal,City Trip Nature Landscape Adventure Hiking,"Nestled by a serene lake and surrounded by lush hills, this place offers tranquility and adventure, with stunning mountain views at every turn.",3.8,96,1
Havana,Cuba,City Trip Culture History Art Nightlife Party,"Colorful streets alive with the rhythm of salsa, vintage cars cruising past, and the scent of cigars create an unforgettable atmosphere.",4.9,97,1
Madang,Papua New Guinea,City Trip Nature Landscape Culture History Art Adventure Hiking Beach Sea Tropical,"Tropical breezes, vibrant coral reefs, and lush rainforests create a serene paradise where nature and local culture warmly embrace visitors.",4.9,97,1
Ruins of León Viejo,Nicaragua,Cultural Latin America and the Caribbean Historic Landmark World Heritage," Le&oacute;n Viejo is one of the oldest Spanish colonial settlements in the Americas. It did not develop and so its ruins are outstanding testimony to the social and economic structures of the Spanish Empire in the 16th century. Moreover, the site has immense archaeological potential. ",4.9,92,1
Lines and Geoglyphs of Nasca and Palpa,Peru,Cultural Latin America and the Caribbean Historic Landmark World Heritage," Located in the arid Peruvian coastal plain, some 400 km south of Lima, the geoglyphs of Nasca and the pampas of Jumana cover about 450 km2 . These lines, which were scratched on the surface of the ground between 500 B.C. and A.D. 500, are among archaeology's greatest enigmas because of their quantity, nature, size and continuity. The geoglyphs depict living creatures, stylized plants and imaginary beings, as well as geometric figures several kilometres long. They are believed to have had ritual astronomical functions. ",4.6,69,3
Hebron/Al-Khalil Old Town,Palestine,Cultural Arab States Historic Landmark World Heritage," The use of a local limestone shaped the construction of the old town of Hebron/Al-Khalil during the Mamluk period between 1250 and 1517. The centre of interest of the town was the site of Al-Ibrahimi Mosque/The tomb of the Patriarchs whose buildings are in a compound built in the 1st century AD to protect the tombs of the patriarch Abraham/Ibrahim and his family. This place became a site of pilgrimage for the three monotheistic religions: Judaism, Christianity and Islam. The town was sited at the crossroads of trade routes for caravans travelling between southern Palestine, Sinai, Eastern Jordan and the north of the Arabian Peninsula. Although the subsequent Ottoman Period (1517-1917) heralded an extension of the town to the surrounding areas and brought numerous architectural additions, particularly the raising of the roof level of houses to provide more upper stories, the overall Mamluk morphology of the town is seen to have persisted with its hierarchy of areas, quarters based on ethnic, religious or professional groupings, and houses with groups of rooms organized according to a tree-shaped system. ",4.5,52,2
Noel Kempff Mercado National Park,Bolivia (Plurinational State of),Natural Latin America and the Caribbean Historic Landmark World Heritage," The National Park is one of the largest (1,523,000 ha) and most intact parks in the Amazon Basin. With an altitudinal range of 200 m to nearly 1,000 m, it is the site of a rich mosaic of habitat types from Cerrado savannah and forest to upland evergreen Amazonian forests. The park boasts an evolutionary history dating back over a billion years to the Precambrian period. An estimated 4,000 species of flora as well as over 600 bird species and viable populations of many globally endangered or threatened vertebrate species live in the park. ",4.8,54,3
Lahore,Pakistan,City Trip Culture History Art,"Bustling streets alive with vibrant colors and the aroma of spices, offering a rich tapestry of history, culture, and warm hospitality.",4.1,92,1
Historic Sanctuary of Machu Picchu,Peru,Mixed Latin America and the Caribbean Historic Landmark World Heritage," Machu Picchu stands 2,430 m above sea-level, in the middle of a tropical mountain forest, in an extraordinarily beautiful setting. It was probably the most amazing urban creation of the Inca Empire at its height; its giant walls, terraces and ramps seem as if they have been cut naturally in the continuous rock escarpments. The natural setting, on the eastern slopes of the Andes, encompasses the upper Amazon basin with its rich diversity of flora and fauna. ",4.6,91,1
Rohtas Fort,Pakistan,Cultural Asia and the Pacific Historic Landmark World Heritage," Following his defeat of the Mughal emperor Humayun in 1541, Sher Shah Suri built a strong fortified complex at Rohtas, a strategic site in the north of what is now Pakistan. It was never taken by storm and has survived intact to the present day. The main fortifications consist of the massive walls, which extend for more than 4 km; they are lined with bastions and pierced by monumental gateways. Rohtas Fort, also called Qila Rohtas, is an exceptional example of early Muslim military architecture in Central and South Asia. ",4.5,93,2
Dilmun Burial Mounds,Bahrain,Cultural Arab States Historic Landmark World Heritage,"The Dilmun Burial Mounds, built between 2050 and 1750 BCE, span over 21 archaeological sites in the western part of the island. Six of these sites are burial mound fields consisting of a few dozen to several thousand tumuli. In all there are about 11,774 burial mounds, originally in the form of cylindrical low towers. The other 15 sites include 17 royal mounds, constructed as two-storeyed sepulchral towers. The burial mounds are evidence of the Early Dilmun civilization, around the 2nd millennium BCE, during which Bahrain became a trade hub, whose prosperity enabled the inhabitants to develop an elaborate burial tradition applicable to the entire population. These tombs illustrate globally unique characteristics, not only in terms of their number, density and scale, but also in terms of details such as burial chambers equipped with alcoves.",4.6,83,1
Blue and John Crow Mountains ,Jamaica,Mixed Latin America and the Caribbean Historic Landmark World Heritage," The site encompasses a rugged and extensively forested mountainous region in the south-east of Jamaica, which provided refuge first for the indigenous Tainos fleeing slavery and then for Maroons (former enslaved peoples). They resisted the European colonial system in this isolated region by establishing a network of trails, hiding places and settlements, which form the Nanny Town Heritage Route. The forests offered the Maroons everything they needed for their survival. They developed strong spiritual connections with the mountains, still manifest through the intangible cultural legacy of, for example, religious rites, traditional medicine and dances. The site is also a biodiversity hotspot for the Caribbean Islands with a high proportion of endemic plant species, especially lichens, mosses and certain flowering plants. ",5.0,58,3
Agave Landscape and Ancient Industrial Facilities of Tequila,Mexico,Cultural Latin America and the Caribbean Historic Landmark World Heritage," The 34,658 ha site, between the foothills of the Tequila Volcano and the deep valley of the Rio Grande River, is part of an expansive landscape of blue agave, shaped by the culture of the plant used since the 16th century to produce tequila spirit and for at least 2,000 years to make fermented drinks and cloth. Within the landscape are working distilleries reflecting the growth in the international consumption of tequila in the 19th and 20th centuries. Today, the agave culture is seen as part of national identity. The area encloses a living, working landscape of blue agave fields and the urban settlements of Tequila, Arenal, and Amatitan with large distilleries where the agave &lsquo;pineapple' is fermented and distilled. The property is also a testimony to the Teuchitlan cultures which shaped the Tequila area from AD 200-900, notably through the creation of terraces for agriculture, housing, temples, ceremonial mounds and ball courts. ",4.6,76,2
Rock Carvings in Tanum,Sweden,Cultural Europe and North America Historic Landmark World Heritage," The rock carvings in Tanum, in the north of Bohuslän, are a unique artistic achievement not only for their rich and varied motifs (depictions of humans and animals, weapons, boats and other subjects) but also for their cultural and chronological unity. They reveal the life and beliefs of people in Europe during the Bronze Age and are remarkable for their large numbers and outstanding quality. ",4.6,90,3
Malé,Maldives,City Trip Nature Landscape Beach Sea Tropical,"Vibrant markets, azure waters, and the gentle hum of island life create an inviting atmosphere that feels both exotic and familiar.",4.1,85,3
Chiang Rai,Thailand,City Trip Nature Landscape Culture History Art,"Quiet temples and vibrant markets blend with lush green landscapes, offering a serene yet culturally rich experience for the curious traveler.",4.9,66,1
Tyre,Lebanon,Cultural Arab States Historic Landmark World Heritage," According to legend, purple dye was invented in Tyre. This great Phoenician city ruled the seas and founded prosperous colonies such as Cadiz and Carthage, but its historical role declined at the end of the Crusades. There are important archaeological remains, mainly from Roman times. ",4.9,71,1
San Millán Yuso and Suso Monasteries,Spain,Cultural Europe and North America Historic Landmark World Heritage," The monastic community founded by St Mill&aacute;n in the mid-6th century became a place of pilgrimage. A fine Romanesque church built in honour of the holy man still stands at the site of Suso. It was here that the first literature was produced in Castilian, from which one of the most widely spoken languages in the world today is derived. In the early 16th century the community was housed in the fine new monastery of Yuso, below the older complex; it is still a thriving community today. ",4.8,62,1
Chefchaouen,Morocco,City Trip Nature Landscape Culture History Art,"Wander through winding blue-washed alleys, breathe in the fresh mountain air, and feel a serene calm envelop you in this charming town.",4.1,90,1
Beijing,China,City Trip Culture History Art Nightlife Party,"A dynamic blend of ancient history and modern innovation, with bustling markets, serene temples, and the aroma of sizzling street food.",3.5,98,3
Historic Centre of Lima,Peru,Cultural Latin America and the Caribbean Historic Landmark World Heritage," Although severely damaged by earthquakes, this 'City of the Kings' was, until the middle of the 18th century, the capital and most important city of the Spanish dominions in South America. Many of its buildings, such as the Convent of San Francisco (the largest of its type in this part of the world), are the result of collaboration between local craftspeople and others from the Old World. ",4.9,86,2
Kakadu National Park,Australia,Mixed Asia and the Pacific Historic Landmark World Heritage," This unique archaeological and ethnological reserve, located in the Northern Territory, has been inhabited continuously for more than 40,000 years. The cave paintings, rock carvings and archaeological sites record the skills and way of life of the region&rsquo;s inhabitants, from the hunter-gatherers of prehistoric times to the Aboriginal people still living there. It is a unique example of a complex of ecosystems, including tidal flats, floodplains, lowlands and plateaux, and provides a habitat for a wide range of rare or endemic species of plants and animals. ",4.7,65,3
Cistercian Abbey of Fontenay,France,Cultural Europe and North America Historic Landmark World Heritage," This stark Burgundian monastery was founded by St Bernard in 1119. With its church, cloister, refectory, sleeping quarters, bakery and ironworks, it is an excellent illustration of the ideal of self-sufficiency as practised by the earliest communities of Cistercian monks. ",4.8,57,3
Gobustan Rock Art Cultural Landscape,Azerbaijan,Cultural Europe and North America Historic Landmark World Heritage," Gobustan Rock Art Cultural Landscape covers three areas of a plateau of rocky boulders rising out of the semi-desert of central Azerbaijan, with an outstanding collection of more than 6,000 rock engravings bearing testimony to 40,000 years of rock art. The site also features the remains of inhabited caves, settlements and burials, all reflecting an intensive human use by the inhabitants of the area during the wet period that followed the last Ice Age, from the Upper Paleolithic to the Middle Ages. The site, which covers an area of 537 ha, is part of the larger protected Gobustan Reservation. ",4.5,72,2
Windhoek,Namibia,City Trip Nature Landscape Adventure Hiking,"A blend of modernity and tradition, with bustling markets, German colonial architecture, and the vast Namibian landscape providing a unique backdrop.",4.1,79,3
Landscapes of Dauria,"Russian Federation,Mongolia","Natural Europe and North America,Asia and the Pacific Historic Landmark World Heritage"," Shared between Mongolia and the Russian Federation, this site is an outstanding example of the Daurian Steppe eco-region, which extends from eastern Mongolia into Russian Siberia and northeastern China. Cyclical climate changes, with distinct dry and wet periods lead to a wide diversity of species and ecosystems of global significance. The different types of steppe ecosystems represented, such as grassland and forest, as well as lakes and wetlands serve as habitats for rare species of fauna, such as the White-naped crane, Great Bustard, Relict Gull and Swan goose, as well as millions of vulnerable, endangered or threatened migratory birds. It is also a critical site on the transboundary migration path for the Mongolian gazelle. ",4.9,92,3
Krakow,Poland,City Trip Culture History Art Nightlife Party,"Charming cobblestone streets and lively squares invite exploration, while the rich history and vibrant culture create an inviting and warm atmosphere.",4.0,82,3
"Shark Bay, Western Australia",Australia,Natural Asia and the Pacific Historic Landmark World Heritage," At the most westerly point of the Australian continent, Shark Bay, with its islands and the land surrounding it, has three exceptional natural features: its vast sea-grass beds, which are the largest (4,800 km2) and richest in the world; its dugong (&lsquo;sea cow&rsquo;) population; and its stromatolites (colonies of algae which form hard, dome-shaped deposits and are among the oldest forms of life on earth). Shark Bay is also home to five species of endangered mammals. ",4.9,55,1
Cork,Ireland,City Trip Nature Landscape Culture History Art,"Charming streets lined with colorful shops and lively pubs create a welcoming vibe, while the nearby coast offers stunning natural beauty.",4.2,88,3
Palmeral of Elche,Spain,Cultural Europe and North America Historic Landmark World Heritage," The Palmeral of Elche, a landscape of groves of date palms, was formally laid out, with elaborate irrigation systems, at the time the Muslim city of Elche was erected, towards the end of the tenth century A.C., when much of the Iberian peninsula was Arab. The Palmeral is an oasis, a system for agrarian production in arid areas. It is also a unique example of Arab agricultural practices on the European continent. Cultivation of date palms in Elche is known at least since the Iberian times, dating around the fifth century B.C. ",4.6,89,3
ǂKhomani Cultural Landscape,South Africa,Cultural Africa Historic Landmark World Heritage," The ǂKhomani Cultural Landscape is located at the border with Botswana and Namibia in the northern part of the country, coinciding with the Kalahari Gemsbok National Park (KGNP). The large expanse of sand contains evidence of human occupation from the Stone Age to the present and is associated with the culture of the formerly nomadic ǂKhomani San people and the strategies that allowed them to adapt to harsh desert conditions. They developed a specific ethnobotanical knowledge, cultural practices and a worldview related to the geographical features of their environment. The ǂKhomani Cultural Landscape bears testimony to the way of life that prevailed in the region and shaped the site over thousands of years. ",4.7,71,1
Gold Coast,Australia,City Trip Nature Landscape Adventure Hiking Beach Sea Tropical Nightlife Party,"Endless beaches and vibrant nightlife create a lively yet laid-back vibe, with surfers and sun-seekers enjoying the warm, golden sands.",3.7,88,3
Monastic Island of Reichenau,Germany,Cultural Europe and North America Historic Landmark World Heritage," The island of Reichenau on Lake Constance preserves the traces of the Benedictine monastery, founded in 724, which exercised remarkable spiritual, intellectual and artistic influence. The churches of St Mary and Marcus, St Peter and St Paul, and St George, mainly built between the 9th and 11th centuries, provide a panorama of early medieval monastic architecture in central Europe. Their wall paintings bear witness to impressive artistic activity. ",4.7,92,1
Berlin Modernism Housing Estates,Germany,Cultural Europe and North America Historic Landmark World Heritage," Berlin Modernism Housing Estates. The property consists of six housing estates that testify to innovative housing policies from 1910 to 1933, especially during the Weimar Republic, when the city of Berlin was particularly progressive socially, politically and culturally. The property is an outstanding example of the building reform movement that contributed to improving housing and living conditions for people with low incomes through novel approaches to town planning, architecture and garden design. The estates also provide exceptional examples of new urban and architectural typologies, featuring fresh design solutions, as well as technical and aesthetic innovations. Bruno Taut, Martin Wagner and Walter Gropius were among the leading architects of these projects which exercised considerable influence on the development of housing around the world. ",4.7,67,1
Namib Sand Sea,Namibia,Natural Africa Historic Landmark World Heritage," Namib Sand Sea&nbsp;is the only coastal desert in the world that includes extensive dune fields influenced by fog. Covering an area of over three million hectares and a buffer zone of 899,500 hectares, the site is composed of two dune systems, an ancient semi-consolidated one overlain by a younger active one. The desert dunes are formed by the transportation of materials thousands of kilometres from the hinterland, that are carried by river, ocean current and wind. It features gravel plains, coastal flats, rocky hills, inselbergs within the sand sea, a coastal lagoon and ephemeral rivers, resulting in a landscape of exceptional beauty. Fog is the primary source of water in the site, accounting for a unique environment in which&nbsp; endemic invertebrates, reptiles and mammals adapt to an ever-changing variety of microhabitats and ecological niches. ",4.5,72,3
Plantin-Moretus House-Workshops-Museum Complex,Belgium,Cultural Europe and North America Historic Landmark World Heritage," The Plantin-Moretus Museum is a printing plant and publishing house dating from the Renaissance and Baroque periods. Situated in Antwerp, one of the three leading cities of early European printing along with Paris and Venice, it is associated with the history of the invention and spread of typography. Its name refers to the greatest printer-publisher of the second half of the 16th century: Christophe Plantin (c. 1520–89). The monument is of outstanding architectural value. It contains exhaustive evidence of the life and work of what was the most prolific printing and publishing house in Europe in the late 16th century. The building of the company, which remained in activity until 1867, contains a large collection of old printing equipment, an extensive library, invaluable archives and works of art, among them a painting by Rubens. ",4.5,54,3
Cultural Landscape of Bali Province: the <em>Subak</em> System as a Manifestation of the <em>Tri Hita Karana</em> Philosophy,Indonesia,Cultural Asia and the Pacific Historic Landmark World Heritage," The cultural landscape of Bali consists of five rice terraces and their water temples that cover 19,500&nbsp;ha. The temples are the focus of a cooperative water management system of canals and weirs, known as subak, that dates back to the 9th century. Included in the landscape is the 18th-century Royal Water Temple of Pura Taman Ayun, the largest and most impressive architectural edifice of its type on the island. The subak reflects the philosophical concept of Tri Hita Karana, which brings together the realms of the spirit, the human world and nature. This philosophy was born of the cultural exchange between Bali and India over the past 2,000 years and has shaped the landscape of Bali. The subak system of democratic and egalitarian farming practices has enabled the Balinese to become the most prolific rice growers in the archipelago despite the challenge of supporting a dense population. ",5.0,52,2
Colmar,France,City Trip Culture History Art,"Charming canals lined with half-timbered houses and vibrant flowers create a fairy-tale atmosphere, inviting leisurely strolls and delightful discoveries.",4.0,70,3
Cultural Landscape of Honghe Hani Rice Terraces ,China,Cultural Asia and the Pacific Historic Landmark World Heritage," The Cultural Landscape of Honghe Hani Rice Terraces, China covers 16,603-hectares in Southern Yunnan. It is marked by spectacular terraces that cascade down the slopes of the towering Ailao Mountains to the banks of the Hong River. Over the past 1,300 years, the Hani people have developed a complex system of channels to bring water from the forested mountaintops to the terraces. They have also created an integrated farming system that involves buffalos, cattle, ducks, fish and eel and supports the production of red rice, the area&rsquo;s primary crop. The inhabitants worship the sun, moon, mountains, rivers, forests and other natural phenomena including fire. They live in 82 villages situated between the mountaintop forests and the terraces. The villages feature traditional thatched &ldquo;mushroom&rdquo; houses. The resilient land management system of the rice terraces demonstrates extraordinary harmony between people and their environment, both visually and ecologically, based on exceptional and long-standing social and religious structures. ",4.8,53,2
Golden Temple of Dambulla,Sri Lanka,Cultural Asia and the Pacific Historic Landmark World Heritage," A sacred pilgrimage site for 22 centuries, this cave monastery, with its five sanctuaries, is the largest, best-preserved cave-temple complex in Sri Lanka. The Buddhist mural paintings (covering an area of 2,100 m2 ) are of particular importance, as are the 157 statues. ",4.6,66,1
Kairouan,Tunisia,City Trip Culture History Art,"Wandering through ancient medinas, the air filled with spices and the call to prayer, immerses you in a rich tapestry of history and culture.",4.1,78,1
Historic Centre of Zacatecas,Mexico,Cultural Latin America and the Caribbean Historic Landmark World Heritage," Founded in 1546 after the discovery of a rich silver lode, Zacatecas reached the height of its prosperity in the 16th and 17th centuries. Built on the steep slopes of a narrow valley, the town has breathtaking views and there are many old buildings, both religious and civil. The cathedral, built between 1730 and 1760, dominates the centre of the town. It is notable for its harmonious design and the Baroque profusion of its fa&ccedil;ades, where European and indigenous decorative elements are found side by side. ",4.7,69,1
"Church of the Ascension, Kolomenskoye",Russian Federation,Cultural Europe and North America Historic Landmark World Heritage," The Church of the Ascension was built in 1532 on the imperial estate of Kolomenskoye, near Moscow, to celebrate the birth of the prince who was to become Tsar Ivan IV ('the Terrible'). One of the earliest examples of a traditional wooden tent-roofed church on a stone and brick substructure, it had a great influence on the development of Russian ecclesiastical architecture. ",4.5,75,2
Historic Centre of Siena,Italy,Cultural Europe and North America Historic Landmark World Heritage," Siena is the embodiment of a medieval city. Its inhabitants pursued their rivalry with Florence right into the area of urban planning. Throughout the centuries, they preserved their city's Gothic appearance, acquired between the 12th and 15th centuries. During this period the work of Duccio, the Lorenzetti brothers and Simone Martini was to influence the course of Italian and, more broadly, European art. The whole city of Siena, built around the Piazza del Campo, was devised as a work of art that blends into the surrounding landscape. ",4.7,59,3
Arab-Norman Palermo and the Cathedral Churches of Cefalú and Monreale,Italy,Cultural Europe and North America Historic Landmark World Heritage," Located on the northern coast of Sicily, Arab-Norman Palermo includes a series of nine civil and religious structures dating from the era of the Norman kingdom of Sicily (1130-1194): two palaces, three churches, a cathedral, a bridge, as well as the cathedrals of Cefalú and Monreale. Collectively, they are an example of a social-cultural syncretism between Western, Islamic and Byzantine cultures on the island which gave rise to new concepts of space, structure and decoration. They also bear testimony to the fruitful coexistence of people of different origins and religions (Muslim, Byzantine, Latin, Jewish, Lombard and French). ",4.7,87,1
La Fortaleza and San Juan National Historic Site in Puerto Rico,United States of America,Cultural Europe and North America Historic Landmark World Heritage," Between the 16th and 20th  centuries, a series of defensive structures was built at this strategic point in the Caribbean Sea to protect the city and the Bay of San Juan. They represent a fine display of European military architecture adapted to harbour sites on the American continent. ",4.6,60,3
Hiroshima,Japan,City Trip Culture History Art,"A serene blend of reflective history and modern vibrancy, where tranquil gardens meet bustling streets, offering a deeply moving yet uplifting experience.",4.7,69,3
Lorentz National Park,Indonesia,Natural Asia and the Pacific Historic Landmark World Heritage," Lorentz National Park (2.35 million ha) is the largest protected area in South-East Asia. It is the only protected area in the world to incorporate a continuous, intact transect from snowcap to tropical marine environment, including extensive lowland wetlands. Located at the meeting-point of two colliding continental plates, the area has a complex geology with ongoing mountain formation as well as major sculpting by glaciation. The area also contains fossil sites which provide evidence of the evolution of life on New Guinea, a high level of endemism and the highest level of biodiversity in the region. ",4.9,62,1
Luther Memorials in Eisleben and Wittenberg,Germany,Cultural Europe and North America Historic Landmark World Heritage," These places in Saxony-Anhalt are all associated with the lives of Martin Luther and his fellow-reformer Melanchthon. They include Melanchthon's house in Wittenberg, the houses in Eisleben where Luther was born in 1483 and died in 1546, his room in Wittenberg, the local church and the castle church where, on 31 October 1517, Luther posted his famous '95 Theses', which launched the Reformation and a new era in the religious and political history of the Western world. ",4.5,77,2
Providenciales,Turks and Caicos,City Trip Nature Landscape Beach Sea Tropical,"Crystal-clear turquoise waters, powdery white sand beaches, and a laid-back island vibe create a serene paradise perfect for unwinding and rejuvenating.",4.5,93,5
The Sundarbans,Bangladesh,Natural Asia and the Pacific Historic Landmark World Heritage," The Sundarbans mangrove forest, one of the largest such forests in the world (140,000 ha), lies on the delta of the Ganges, Brahmaputra and Meghna rivers on the Bay of Bengal. It is adjacent to the border of India&rsquo;s Sundarbans World Heritage site inscribed in 1987. The site is intersected by a complex network of tidal waterways, mudflats and small islands of salt-tolerant mangrove forests, and presents an excellent example of ongoing ecological processes. The area is known for its wide range of fauna, including 260 bird species, the Bengal tiger and other threatened species such as the estuarine crocodile and the Indian python. ",4.5,73,3
"The Four Lifts on the Canal du Centre and their Environs, La Louvière and Le Roeulx (Hainaut)",Belgium,Cultural Europe and North America Historic Landmark World Heritage," The four hydraulic boat-lifts on this short stretch of the historic Canal du Centre are industrial monuments of the highest quality. Together with the canal itself and its associated structures, they constitute a remarkably well-preserved and complete example of a late-19th-century industrial landscape. Of the eight hydraulic boat-lifts built at the end of the 19th and beginning of the 20th century, the only ones in the world which still exist in their original working condition are these four lifts on the Canal du Centre. ",5.0,82,1
Alto Douro Wine Region,Portugal,Cultural Europe and North America Historic Landmark World Heritage," Wine has been produced by traditional landholders in the Alto Douro region for some 2,000 years. Since the 18th century, its main product, port wine, has been world famous for its quality. This long tradition of viticulture has produced a cultural landscape of outstanding beauty that reflects its technological, social and economic evolution. ",5.0,93,3
Sceilg Mhichíl,Ireland,Cultural Europe and North America Historic Landmark World Heritage,"Sceilg Mhichíl is an outstanding, and in many respects unique, example of an early religious settlement deliberately sited on a pyramidal rock in the ocean, preserved because of a remarkable environment. It illustrates, as no other property can, the extremes of a Christian monasticism characterizing much of North Africa, the Near East, and Europe.",4.9,75,2
Val d'Orcia,Italy,Cultural Europe and North America Historic Landmark World Heritage," The landscape of Val d&rsquo;Orcia is part of the agricultural hinterland of Siena, redrawn and developed when it was integrated in the territory of the city-state in the 14th and 15th centuries to reflect an idealized model of good governance and to create an aesthetically pleasing picture. The landscape&rsquo;s distinctive aesthetics, flat chalk plains out of which rise almost conical hills with fortified settlements on top, inspired many artists. Their images have come to exemplify the beauty of well-managed Renaissance agricultural landscapes. The inscription covers: an agrarian and pastoral landscape reflecting innovative land-management systems; towns and villages; farmhouses; and the Roman Via Francigena and its associated abbeys, inns, shrines, bridges, etc. ",5.0,83,2
Delhi,India,City Trip Culture History Art Nightlife Party,"Bustling streets filled with vibrant colors, diverse aromas, and the sounds of life create an energetic and unforgettable experience.",3.9,70,1
Central Amazon Conservation Complex,Brazil,Natural Latin America and the Caribbean Historic Landmark World Heritage," The Central Amazon Conservation Complex makes up the largest protected area in the Amazon Basin (over 6 million hectares) and is one of the planet&rsquo;s richest regions in terms of biodiversity. It also includes an important sample of varzea ecosystems, igap&oacute; forests, lakes and channels which take the form of a constantly evolving aquatic mosaic that is home to the largest array of electric fish in the world. The site protects key threatened species, including giant arapaima fish, the Amazonian manatee, the black caiman and two species of river dolphin. ",4.6,90,3
Medici Villas and Gardens in Tuscany,Italy,Cultural Europe and North America Historic Landmark World Heritage," Twelve villas and two gardens spread across the Tuscan landscape make up this site which bears testimony to the influence the Medici family exerted over modern European culture through its patronage of the arts. Built between the 15th&nbsp;and 17th&nbsp;centuries, they represent an innovative system of construction in harmony with nature and dedicated to leisure, the arts and knowledge. The villas embody an innovative form and function, a new type of princely residence that differed from both the farms owned by rich Florentines of the period and from the military might of baronial castles. The Medici villas form the first example of the connection between architecture, gardens, and the environment and became an enduring reference for princely residences throughout Italy and Europe. Their gardens and integration into the natural environment helped develop the appreciation of landscape characteristic Humanism and the Renaissance. ",5.0,58,2
The Loire Valley between Sully-sur-Loire and Chalonnes,France,Cultural Europe and North America Historic Landmark World Heritage," The Loire Valley is an outstanding cultural landscape of great beauty, containing historic towns and villages, great architectural monuments (the châteaux), and cultivated lands formed by many centuries of interaction between their population and the physical environment, primarily the river Loire itself. ",4.7,64,3
Aapravasi Ghat,Mauritius,Cultural Africa Historic Landmark World Heritage," In the district of Port Louis, lies the 1,640 m2 site where the modern indentured labour diaspora began. In 1834, the British Government selected the island of Mauritius to be the first site for what it called &lsquo;the great experiment&rsquo; in the use of &lsquo;free&rsquo; labour to replace slaves. Between 1834 and 1920, almost half a million indentured labourers arrived from India at Aapravasi Ghat to work in the sugar plantations of Mauritius, or to be transferred to Reunion Island, Australia, southern and eastern Africa or the Caribbean. The buildings of Aapravasi Ghat are among the earliest explicit manifestations of what was to become a global economic system and one of the greatest migrations in history. ",4.8,55,2
"Alhambra, Generalife and Albayzín, Granada",Spain,Cultural Europe and North America Historic Landmark World Heritage," Rising above the modern lower town, the Alhambra and the Albaycín, situated on two adjacent hills, form the medieval part of Granada. To the east of the Alhambra fortress and residence are the magnificent gardens of the Generalife, the former rural residence of the emirs who ruled this part of Spain in the 13th and 14th centuries. The residential district of the Albaycín is a rich repository of Moorish vernacular architecture, into which the traditional Andalusian architecture blends harmoniously. ",4.6,56,1
Bogotá,Colombia,City Trip Culture History Art Nightlife Party,"A vibrant mix of colonial charm and modern energy, with bustling markets, rich history, and stunning mountain views that invigorate the senses.",4.6,64,3
Archaeological Ruins of Liangzhu City,China,Cultural Asia and the Pacific Historic Landmark World Heritage,"Located in the Yangtze River Basin on the south-eastern coast of the country, the archaeological ruins of Liangzhu (about 3300-2300 BCE) reveal an early regional state with a unified belief system based on rice cultivation in Late Neolithic China. The property is composed of four areas – the Area of Yaoshan Site, the Area of High-dam at the Mouth of the Valley, the Area of Low-dam on the Plain and the Area of City Site. These ruins are an outstanding example of early urban civilization expressed in earthen monuments, urban planning, a water conservation system and a social hierarchy expressed in differentiated burials in cemeteries within the property.",4.9,85,1
"Palestine: Land of Olives and Vines – Cultural Landscape of Southern Jerusalem, Battir",Palestine,Cultural Arab States Historic Landmark World Heritage," This site is located a few kilometres south-west of Jerusalem, in the Central Highlands between Nablus and Hebron. The Battir hill landscape comprises a series of farmed valleys, known as widian, with characteristic stone terraces, some of which are irrigated for market garden production, while others are dry and planted with grapevines and olive trees. The development of terrace farming in such a mountainous region is supported by a network of irrigation channels fed by underground sources. A traditional system of distribution is then used to share the water collected through this network between families from the nearby village of Battir. ",4.8,85,2
San Agustín Archaeological Park,Colombia,Cultural Latin America and the Caribbean Historic Landmark World Heritage," The largest group of religious monuments and megalithic sculptures in South America stands in a wild, spectacular landscape. Gods and mythical animals are skilfully represented in styles ranging from abstract to realist. These works of art display the creativity and imagination of a northern Andean culture that flourished from the 1st to the 8th century. ",4.9,72,2
Phnom Penh,Cambodia,City Trip Culture History Art,"Bustling streets filled with the aroma of street food, vibrant markets, and a rich tapestry of history create an unforgettable atmosphere.",4.4,86,1
Santa Cruz de la Sierra,Bolivia,City Trip Nature Landscape,"A bustling city with vibrant markets, lush parks, and a warm tropical climate that invites you to explore its lively streets and local flavors.",4.9,95,1
Prague,Czech Republic,City Trip Culture History Art Nightlife Party,"Cobblestone streets and Gothic architecture create a fairytale-like atmosphere, where historic charm and modern culture blend seamlessly along the river.",4.2,78,3
Itchan Kala,Uzbekistan,Cultural Asia and the Pacific Historic Landmark World Heritage," Itchan Kala is the inner town (protected by brick walls some 10 m high) of the old Khiva oasis, which was the last resting-place of caravans before crossing the desert to Iran. Although few very old monuments still remain, it is a coherent and well-preserved example of the Muslim architecture of Central Asia. There are several outstanding structures such as the Djuma Mosque, the mausoleums and the madrasas and the two magnificent palaces built at the beginning of the 19th century by Alla-Kulli-Khan. ",4.9,66,3
Nafplio,Greece,City Trip Nature Landscape Culture History Art,"Charming cobblestone streets, vibrant bougainvillea, and the gentle sea breeze create a serene atmosphere perfect for leisurely exploration and relaxation.",4.0,78,3
My Son Sanctuary,Viet Nam,Cultural Asia and the Pacific Historic Landmark World Heritage, Between the 4th and 13th centuries a unique culture which owed its spiritual origins to Indian Hinduism developed on the coast of contemporary Viet Nam. This is graphically illustrated by the remains of a series of impressive tower-temples located in a dramatic site that was the religious and political capital of the Champa Kingdom for most of its existence. ,4.6,68,3
Mendoza,Argentina,City Trip Nature Landscape Adventure Hiking,"Vineyards stretch across sunlit valleys, offering rich aromas and flavors, while the Andes provide a breathtaking backdrop to this relaxed, wine-loving region.",4.3,73,3
Khami Ruins National Monument,Zimbabwe,Cultural Africa Historic Landmark World Heritage," Khami, which developed after the capital of Great Zimbabwe had been abandoned in the mid-16th century, is of great archaeological interest. The discovery of objects from Europe and China shows that Khami was a major centre for trade over a long period of time. ",4.9,67,1
Assumption Cathedral and Monastery of the town-island of Sviyazhsk,Russian Federation,Cultural Europe and North America Historic Landmark World Heritage," The Assumption Cathedral is located in the town-island of Sviyazhsk and is part of the monastery of the same name. Situated at the confluence of the Volga, the Sviyaga and the Shchuka rivers, at the crossroads of the Silk and Volga routes, Sviyazhsk was founded by Ivan the Terrible in 1551. It was from this outpost that he initiated the conquest of the Kazan Khanate. The Assumption Monastery illustrates in its location and architectural composition the political and missionary programme developed by Tsar Ivan IV to extend the Moscow state. The cathedral’s frescoes are among the rarest examples of Eastern Orthodox mural paintings. ",4.7,59,1
"Mountain Resort and its Outlying Temples, Chengde",China,Cultural Asia and the Pacific Historic Landmark World Heritage," The Mountain Resort (the Qing dynasty's summer palace), in Hebei Province, was built between 1703 and 1792. It is a vast complex of palaces and administrative and ceremonial buildings. Temples of various architectural styles and imperial gardens blend harmoniously into a landscape of lakes, pastureland and forests. In addition to its aesthetic interest, the Mountain Resort is a rare historic vestige of the final development of feudal society in China. ",4.8,68,3
Lima,Peru,City Trip Culture History Art Nightlife Party,"A lively blend of colonial charm and vibrant modernity, with bustling markets, ocean views, and the tantalizing aroma of street food.",4.5,77,3
Old City of Zamość,Poland,Cultural Europe and North America Historic Landmark World Heritage," Zamosc was founded in the 16th century by the chancellor Jan Zamoysky on the trade route linking western and northern Europe with the Black Sea. Modelled on Italian theories of the 'ideal city' and built by the architect Bernando Morando, a native of Padua, Zamosc is a perfect example of a late-16th-century Renaissance town. It has retained its original layout and fortifications and a large number of buildings that combine Italian and central European architectural traditions. ",4.7,55,2
Stećci Medieval Tombstone Graveyards,"Bosnia and Herzegovina,Croatia,Serbia,Montenegro",Cultural Europe and North America Historic Landmark World Heritage," This serial property combines 28 sites, located in Bosnia and Herzegovina, western Serbia, western Montenegro and central and southern Croatia, representing these cemeteries and regionally distinctive medieval tombstones, or stećci. The cemeteries, which date from the 12th to 16th centuries CE, are laid out in rows, as was the common custom in Europe from the Middle Ages. The stećci are mostly carved from limestone. They feature a wide range of decorative motifs and inscriptions that represent iconographic continuities within medieval Europe as well as locally distinctive traditions. ",4.8,66,3
Matobo Hills,Zimbabwe,Cultural Africa Historic Landmark World Heritage," The area exhibits a profusion of distinctive rock landforms rising above the granite shield that covers much of Zimbabwe. The large boulders provide abundant natural shelters and have been associated with human occupation from the early Stone Age right through to early historical times, and intermittently since. They also feature an outstanding collection of rock paintings. The Matobo Hills continue to provide a strong focus for the local community, which still uses shrines and sacred places closely linked to traditional, social and economic activities. ",5.0,78,3
Montego Bay,Jamaica,City Trip Nature Landscape Adventure Hiking Beach Sea Tropical Nightlife Party,"Golden beaches meet turquoise waters, creating a laid-back vibe where reggae rhythms and the scent of jerk spices fill the air.",4.6,75,3
Sagarmatha National Park,Nepal,Natural Asia and the Pacific Historic Landmark World Heritage," Sagarmatha is an exceptional area with dramatic mountains, glaciers and deep valleys, dominated by Mount Everest, the highest peak in the world (8,848 m). Several rare species, such as the snow leopard and the lesser panda, are found in the park. The presence of the Sherpas, with their unique culture, adds further interest to this site. ",4.8,82,1
City of Valletta,Malta,Cultural Europe and North America Historic Landmark World Heritage," The capital of Malta is inextricably linked to the history of the military and charitable Order of St John of Jerusalem. It was ruled successively by the Phoenicians, Greeks, Carthaginians, Romans, Byzantines, Arabs and the Order of the Knights of St John. Valletta’s 320 monuments, all within an area of 55 ha, make it one of the most concentrated historic areas in the world. ",4.7,89,2
Harbin,China,City Trip Culture History Art,"A winter wonderland with intricate ice sculptures, bustling street markets, and the aroma of hearty local dishes filling the crisp air.",4.5,99,3
"Cultural Sites of Al Ain (Hafit, Hili, Bidaa Bint Saud and Oases Areas)",United Arab Emirates,Cultural Arab States Historic Landmark World Heritage," The Cultural Sites of Al Ain (Hafit, Hili, Bidaa Bint Saud and Oases Areas) constitute a serial property that testifies to sedentary human occupation of a desert region since the Neolithic period with vestiges of many prehistoric cultures. Remarkable vestiges in the property include circular stone tombs (ca 2500 B.C.), wells and a wide range of adobe constructions: residential buildings, towers, palaces and administrative buildings. Hili moreover features one of the oldest examples of the sophisticated aflaj irrigation system which dates back to the Iron Age. The property provides important testimony to the transition of cultures in the region from hunting and gathering to sedentarization. ",4.7,65,1
Nord-Pas de Calais Mining Basin,France,Cultural Europe and North America Historic Landmark World Heritage," Remarkable as a landscape shaped over three centuries of coal extraction from the 1700s to the 1900s, the site consists of 109 separate components over 120,000&nbsp;ha. It features mining pits (the oldest of which dates from 1850) and lift infrastructure, slag heaps (some of which cover 90&nbsp;ha and exceed 140&nbsp;m in height), coal transport infrastructure, railway stations, workers&rsquo; estates and mining villages including social habitat, schools, religious buildings, health and community facilities, company premises, owners and managers&rsquo; houses, town halls and more. The site bears testimony to the quest to create model workers&rsquo; cities from the mid 19th century to the 1960s and further illustrates a significant period in the history of industrial Europe. It documents the living conditions of workers and the solidarity to which it gave rise. ",4.7,84,3
The Ahwar of Southern Iraq: Refuge of Biodiversity and the Relict Landscape of the Mesopotamian Cities,Iraq,Mixed Arab States Historic Landmark World Heritage," The Ahwar is made up of seven components: three archaeological sites and four wetland marsh areas in southern Iraq. The archaeological cities of Uruk and Ur and the Tell Eridu archaeological site form part of the remains of the Sumerian cities and settlements that developed in southern Mesopotamia between the 4th and the 3rd millennium BCE in the marshy delta of the Tigris and Euphrates rivers. The Ahwar of Southern Iraq – also known as the Iraqi Marshlands – are unique, as one of the world’s largest inland delta systems, in an extremely hot and arid environment. ",4.8,64,1
Tirana,Albania,City Trip,"Vibrant streets filled with eclectic architecture, lively markets, and welcoming locals create an inviting atmosphere that feels both dynamic and laid-back.",4.4,78,1
Victorian Gothic and Art Deco Ensembles of Mumbai,India,Cultural Asia and the Pacific Historic Landmark World Heritage," Having become a global trading centre, the city of Mumbai implemented an ambitious urban planning project in the second half of the 19th century. It led to the construction of ensembles of public buildings bordering the Oval Maidan open space, first in the Victorian Neo-Gothic style and then, in the early 20th century, in the Art Deco idiom. The Victorian ensemble includes Indian elements suited to the climate, including balconies and verandas. The Art Deco edifices, with their cinemas and residential buildings, blend Indian design with Art Deco imagery, creating a unique style that has been described as Indo-Deco. These two ensembles bear testimony to the phases of modernization that Mumbai has undergone in the course of the 19th and 20th centuries. ",5.0,62,2
Taxila,Pakistan,Cultural Asia and the Pacific Historic Landmark World Heritage," From the ancient Neolithic tumulus of Saraikala to the ramparts of Sirkap (2nd century B.C.) and the city of Sirsukh (1st century A.D.), Taxila illustrates the different stages in the development of a city on the Indus that was alternately influenced by Persia, Greece and Central Asia and which, from the 5th century B.C. to the 2nd century A.D., was an important Buddhist centre of learning. ",4.7,73,3
Frankfurt,Germany,City Trip Culture History Art Nightlife Party,"Skyscrapers and historic charm blend seamlessly, offering a dynamic cityscape where modernity meets tradition, all underlined by a vibrant cultural scene.",4.8,80,3
Kunya-Urgench,Turkmenistan,Cultural Asia and the Pacific Historic Landmark World Heritage," Kunya-Urgench is situated in north-western Turkmenistan, on the left bank of the Amu Daria River. Urgench was the capital of the Khorezm region, part of the Achaemenid Empire. The old town contains a series of monuments mainly from the 11th to 16th centuries, including a mosque, the gates of a caravanserai, fortresses, mausoleums and a 60-m high minaret. The monuments testify to outstanding achievements in architecture and craftsmanship whose influence reached Iran and Afghanistan, and later the architecture of the Mogul Empire of 16th-century India. ",4.7,83,3
Monastery of Horezu,Romania,Cultural Europe and North America Historic Landmark World Heritage," Founded in 1690 by Prince Constantine Brancovan, the monastery of Horezu, in Walachia, is a masterpiece of the 'Brancovan' style. It is known for its architectural purity and balance, the richness of its sculptural detail, the treatment of its religious compositions, its votive portraits and its painted decorative works. The school of mural and icon painting established at the monastery in the 18th century was famous throughout the Balkan region. ",4.5,65,2
Mogao Caves,China,Cultural Asia and the Pacific Historic Landmark World Heritage," Situated at a strategic point along the Silk Route, at the crossroads of trade as well as religious, cultural and intellectual influences, the 492 cells and cave sanctuaries in Mogao are famous for their statues and wall paintings, spanning 1,000 years of Buddhist art. ",4.8,69,3
Kuching,Malaysia,City Trip Nature Landscape Culture History Art,"A blend of colonial charm and vibrant markets, with lush greenery and the gentle flow of the Sarawak River creating a serene atmosphere.",3.9,76,1
Historic Fortified Town of Campeche,Mexico,Cultural Latin America and the Caribbean Historic Landmark World Heritage," Campeche is a typical example of a harbour town from the Spanish colonial period in the New World. The historic centre has kept its outer walls and system of fortifications, designed to defend this Caribbean port against attacks from the sea. ",4.7,87,1
Virunga National Park,Democratic Republic of the Congo,Natural Africa Historic Landmark World Heritage," Virunga National Park (covering an area of 790,000 ha) comprises an outstanding diversity of habitats, ranging from swamps and steppes to the snowfields of Rwenzori at an altitude of over 5,000 m, and from lava plains to the savannahs on the slopes of volcanoes. Mountain gorillas are found in the park, some 20,000 hippopotamuses live in the rivers and birds from Siberia spend the winter there. ",4.5,66,1
Nemrut Dağ,Turkey,Cultural Europe and North America Historic Landmark World Heritage," The mausoleum of Antiochus I (69&ndash;34 B.C.), who reigned over Commagene, a kingdom founded north of Syria and the Euphrates after the breakup of Alexander's empire, is one of the most ambitious constructions of the Hellenistic period. The syncretism of its pantheon, and the lineage of its kings, which can be traced back through two sets of legends, Greek and Persian, is evidence of the dual origin of this kingdom's culture. ",4.9,61,1
Sintra,Portugal,City Trip Nature Landscape Culture History Art,"Misty mornings reveal enchanting palaces and lush gardens, offering a fairytale-like atmosphere that captivates and inspires wanderlust.",4.3,64,3
Reykjavik,Iceland,City Trip Nature Landscape Adventure Hiking,"Colorful rooftops, crisp sea air, and the allure of geothermal pools create a unique blend of natural beauty and urban charm.",4.6,65,5
Asturias,Spain,City Trip Nature Landscape Culture History Art Adventure Hiking Beach Sea Tropical,"Lush green landscapes meet rugged coastlines, offering a sense of tranquility and adventure with every breathtaking vista and charming village.",4.4,92,3
Bukhara,Uzbekistan,City Trip Culture History Art,"Wandering through ancient streets, you'll feel the echoes of history in every corner, with vibrant markets and the scent of spices filling the air.",4.1,76,1
Sangha Trinational,"Cameroon,Central African Republic,Congo",Natural Africa Historic Landmark World Heritage," Situated in the north-western Congo Basin, where Cameroon, Central African Republic and Congo meet, the site encompasses three contiguous national parks totalling around 750,000 ha. Much of the site is unaffected by human activity and features a wide range of humid tropical forest ecosystems with rich flora and fauna, including Nile crocodiles and goliath tigerfish, a large predator. Forest clearings support herbaceous species and Sangha is home to considerable populations of forest elephants, critically endangered western lowland gorilla, and endangered chimpanzee. The site’s environment has preserved the continuation of ecological and evolutionary processes on a huge scale and great biodiversity, including many endangered animal species. ",4.9,64,1
Santiago de Compostela (Old Town),Spain,Cultural Europe and North America Historic Landmark World Heritage," This famous pilgrimage site in north-west Spain became a symbol in the Spanish Christians' struggle against Islam. Destroyed by the Muslims at the end of the 10th century, it was completely rebuilt in the following century. With its Romanesque, Gothic and Baroque buildings, the Old Town of Santiago is one of the world's most beautiful urban areas. The oldest monuments are grouped around the tomb of St James and the cathedral, which contains the remarkable P&oacute;rtico de la Gloria. ",4.9,62,2
Architectural Ensemble of the Trinity Sergius Lavra in Sergiev Posad,Russian Federation,Cultural Europe and North America Historic Landmark World Heritage," This is a fine example of a working Orthodox monastery, with military features that are typical of the 15th to the 18th century, the period during which it developed. The main church of the Lavra, the Cathedral of the Assumption (echoing the Kremlin Cathedral of the same name), contains the tomb of Boris Godunov. Among the treasures of the Lavra is the famous icon, The Trinity , by Andrei Rublev. ",4.9,75,2
Medieval Monuments in Kosovo,Serbia,Cultural Europe and North America Historic Landmark World Heritage," The four edifices of the site reflect the high points of the Byzantine-Romanesque ecclesiastical culture, with its distinct style of wall painting, which developed in the Balkans between the 13th and 17th centuries. The Dečani Monastery was built in the mid-14th century for the Serbian king Stefan Dečanski and is also his mausoleum. The Patriarchate of Peć Monastery is a group of four domed churches featuring series of wall paintings. The 13th-century frescoes of the Church of Holy Apostles are painted in a unique, monumental style. Early 14th-century frescoes in the church of the Holy Virgin of Ljevisa represent the appearance of the new so-called Palaiologian Renaissance style, combining the influences of the eastern Orthodox Byzantine and the Western Romanesque traditions. The style played a decisive role in subsequent Balkan art. ",5.0,78,3
Lisbon,Portugal,City Trip Culture History Art Nightlife Party,"Hillside streets alive with music, pastel-colored buildings, sunlit plazas, and the scent of fresh pastries give this city an irresistible warmth.",3.6,99,3
Bruges,Belgium,City Trip Culture History Art,"Cobblestone streets lined with medieval architecture and the aroma of fresh waffles create a charming and nostalgic atmosphere, perfect for leisurely exploration.",4.1,67,3
Vientiane,Laos,City Trip Culture History Art,"Tranquil streets lined with French colonial architecture, vibrant markets, and serene temples create a peaceful yet culturally rich experience.",3.8,64,1
New Zealand Sub-Antarctic Islands,New Zealand,Natural Asia and the Pacific Historic Landmark World Heritage," The New Zealand Sub-Antarctic Islands consist of five island groups (the Snares, Bounty Islands, Antipodes Islands, Auckland Islands and Campbell Island) in the Southern Ocean south-east of New Zealand. The islands, lying between the Antarctic and Subtropical Convergences and the seas, have a high level of productivity, biodiversity, wildlife population densities and endemism among birds, plants and invertebrates. They are particularly notable for the large number and diversity of pelagic seabirds and penguins that nest there. There are 126 bird species in total, including 40 seabirds of which five breed nowhere else in the world. ",4.8,72,3
Ayers Rock,Australia,City Trip Nature Landscape Culture History Art Adventure Hiking,"The vast, red desert landscape offers a profound sense of solitude, with breathtaking sunsets and the spiritual aura of ancient rock formations.",4.5,81,5
San Andrés,Colombia,City Trip Nature Landscape Adventure Hiking Beach Sea Tropical,"Turquoise waters, vibrant coral reefs, and a laid-back island vibe invite you to unwind and enjoy the sun-drenched beaches and local culture.",4.8,86,3
Madeira,Portugal,City Trip Nature Landscape Adventure Hiking,"Lush landscapes meet dramatic cliffs, where ocean breezes carry the scent of flowers and adventure awaits around every winding path.",3.7,75,3
Churches of Peace in Jawor and Świdnica,Poland,Cultural Europe and North America Historic Landmark World Heritage,"The Churches of Peace in Jawor and Świdnica, the largest timber-framed religious buildings in Europe, were built in the former Silesia in the mid-17th century, amid the religious strife that followed the Peace of Westphalia. Constrained by the physical and political conditions, the Churches of Peace bear testimony to the quest for religious freedom and are a rare expression of Lutheran ideology in an idiom generally associated with the Catholic Church.",4.8,86,2
"Lavaux, Vineyard Terraces",Switzerland,Cultural Europe and North America Historic Landmark World Heritage," The Lavaux Vineyard Terraces, stretching for about 30 km along the south-facing northern shores of Lake Geneva from the Chateau de Chillon to the eastern outskirts of Lausanne in the Vaud region, cover the lower slopes of the mountainside between the villages and the lake. Although there is some evidence that vines were grown in the area in Roman times, the present vine terraces can be traced back to the 11th century, when Benedictine and Cistercian monasteries controlled the area. It is an outstanding example of a centuries-long interaction between people and their environment, developed to optimize local resources so as to produce a highly valued wine that has always been important to the economy. ",4.7,84,1
Historic Centre of Sheki with the Khan’s Palace,Azerbaijan,Cultural Europe and North America Historic Landmark World Heritage,"The historic city of Sheki is located at the foot of the Greater Caucasus Mountains and divided in two by the Gurjana River. While the older northern part is built on the mountain, its southern part extends into the river valley. Its historic centre, rebuilt after the destruction of an earlier town by mudflows in the 18th century, is characterized by a traditional architectural ensemble of houses with high gabled roofs. Located along important historic trade routes, the city's architecture is influenced by Safavid, Qadjar and Russian building traditions. The Khan Palace, in the northeast of the city, and a number of merchant houses, reflect the wealth generated by silkworm breeding and the trade in silk cocoons from the late 18th to the 19th centuries.",4.9,63,3
Red Fort Complex,India,Cultural Asia and the Pacific Historic Landmark World Heritage," The Red Fort Complex was built as the palace fort of Shahjahanabad &ndash; the new capital of the fifth Mughal Emperor of India, Shah Jahan. Named for its massive enclosing walls of red sandstone, it is adjacent to an older fort, the Salimgarh, built by Islam Shah Suri in 1546, with which it forms the Red Fort Complex. The private apartments consist of a row of pavilions connected by a continuous water channel, known as the Nahr-i-Behisht (Stream of Paradise). The Red Fort is considered to represent the zenith of Mughal creativity which, under the Shah Jahan, was brought to a new level of refinement. The planning of the palace is based on Islamic prototypes, but each pavilion reveals architectural elements typical of Mughal building, reflecting a fusion of Persian, Timurid and Hindu traditions The Red Fort&rsquo;s innovative planning and architectural style, including the garden design, strongly influenced later buildings and gardens in Rajasthan, Delhi, Agra and further afield. ",4.9,88,3
Genoa: <i>Le Strade Nuove</i> and the system of the<i> Palazzi dei Rolli</i>,Italy,Cultural Europe and North America Historic Landmark World Heritage," The Strade Nuove and the system of the Palazzi dei Rolli in Genoa&rsquo;s historic centre date from the late 16th and early 17th centuries when the Republic of Genoa was at the height of its financial and seafaring power. The site represents the first example in Europe of an urban development project parcelled out by a public authority within a unitary framework and associated to a particular system of &lsquo;public lodging&rsquo; in private residences, as decreed by the Senate in 1576. The site includes an ensemble of Renaissance and Baroque palaces along the so-called &lsquo;new streets&rsquo; (Strade Nuove). The Palazzi dei Rolli offer an extraordinary variety of different solutions, achieving universal value in adapting to the particular characteristics of the site and to the requirements of a specific social and economic organization. They also offer an original example of a public network of private residences designated to host state visits. ",4.8,60,1
Antwerp,Belgium,City Trip Culture History Art Nightlife Party,"Cobblestone streets lined with historic buildings, vibrant art scenes, and bustling markets create a lively yet charmingly intimate atmosphere.",3.9,87,3
Raleigh,United States,City Trip Nature Landscape Culture History Art,"Tree-lined streets and historic architecture mix with modern art scenes and vibrant food markets, offering a warm, welcoming southern charm.",4.3,87,3
Holašovice Historic Village,Czechia,Cultural Europe and North America Historic Landmark World Heritage," Holašovice is an exceptionally complete and well-preserved example of a traditional central European village. It has a large number of outstanding 18th- and 19th-century vernacular buildings in a style known as 'South Bohemian folk Baroque', and preserves a ground plan dating from the Middle Ages. ",4.8,85,2
Robben Island,South Africa,Cultural Africa Historic Landmark World Heritage," Robben Island was used at various times between the 17th and 20th centuries as a prison, a hospital for socially unacceptable groups and a military base. Its buildings, particularly those of the late 20th century such as the maximum security prison for political prisoners, witness the triumph of democracy and freedom over oppression and racism. ",4.7,53,1
Ha Long,Vietnam,City Trip Nature Landscape Adventure Hiking,"Misty limestone karsts rise dramatically from emerald waters, creating a serene and mystical atmosphere perfect for peaceful exploration and reflection.",4.9,91,1
"Kremlin and Red Square, Moscow",Russian Federation,Cultural Europe and North America Historic Landmark World Heritage," Inextricably linked to all the most important historical and political events in Russia since the 13th century, the Kremlin (built between the 14th and 17th centuries by outstanding Russian and foreign architects) was the residence of the Great Prince and also a religious centre. At the foot of its ramparts, on Red Square, St Basil's Basilica is one of the most beautiful Russian Orthodox monuments. ",4.9,79,2
Jesuit Block and Estancias of Córdoba,Argentina,Cultural Latin America and the Caribbean Historic Landmark World Heritage," The Jesuit Block in C&oacute;rdoba, heart of the former Jesuit Province of Paraguay, contains the core buildings of the Jesuit system: the university, the church and residence of the Society of Jesus, and the college. Along with the five estancias, or farming estates, they contain religious and secular buildings, which illustrate the unique religious, social, and economic experiment carried out in the world for a period of over 150 years in the 17th and 18th centuries. ",4.8,52,2
Lausanne,Switzerland,City Trip Nature Landscape Culture History Art,"Nestled by the lake, this city charms with its blend of historic architecture, vibrant cultural scene, and stunning alpine views.",4.7,94,5
Old Rauma,Finland,Cultural Europe and North America Historic Landmark World Heritage," Situated on the Gulf of Botnia, Rauma is one of the oldest harbours in Finland. Built around a Franciscan monastery, where the mid-15th-century Holy Cross Church still stands, it is an outstanding example of an old Nordic city constructed in wood. Although ravaged by fire in the late 17th century, it has preserved its ancient vernacular architectural heritage. ",5.0,89,1
Timgad,Algeria,Cultural Arab States Historic Landmark World Heritage," Timgad lies on the northern slopes of the Aurès mountains and was created ex nihilo as a military colony by the Emperor Trajan in AD 100. With its square enclosure and orthogonal design based on the cardo and decumanus, the two perpendicular routes running through the city, it is an excellent example of Roman town planning. ",4.9,91,1
Lake Malawi National Park,Malawi,Natural Africa Historic Landmark World Heritage," Located at the southern end of the great expanse of Lake Malawi, with its deep, clear waters and mountain backdrop, the national park is home to many hundreds of fish species, nearly all endemic. Its importance for the study of evolution is comparable to that of the finches of the Galapagos Islands. ",4.7,50,3
Tashkent,Uzbekistan,City Trip Culture History Art,"Wide avenues lined with Soviet-era architecture meet vibrant bazaars, creating a unique blend of history and lively local culture.",4.0,94,1
Atlantic Forest South-East Reserves,Brazil,Natural Latin America and the Caribbean Historic Landmark World Heritage," The Atlantic Forest South-East Reserves, in the states of Paran&aacute; and S&atilde;o Paulo, contain some of the best and most extensive examples of Atlantic forest in Brazil. The 25 protected areas that make up the site (some 470,000 ha in total) display the biological wealth and evolutionary history of the last remaining Atlantic forests. From mountains covered by dense forests, down to wetlands, coastal islands with isolated mountains and dunes, the area comprises a rich natural environment of great scenic beauty. ",5.0,64,1
Mostar,Bosnia and Herzegovina,City Trip Nature Landscape Culture History Art,"Cobblestone streets, the sound of the river below, and the iconic bridge create a charming and reflective atmosphere in this historic town.",3.7,89,1
Pergamon and its Multi-Layered Cultural Landscape,Turkey,Cultural Europe and North America Historic Landmark World Heritage," This site rises high above the Bakirçay Plain in Turkey’s Aegean region. The acropolis of Pergamon was the capital of the Hellenistic Attalid dynasty, a major centre of learning in the ancient world. Monumental temples, theatres, stoa or porticoes, gymnasium, altar and library were set into the sloping terrain surrounded by an extensive city wall. The rock-cut Kybele Sanctuary lies to the north-west on another hill visually linked to the acropolis. Later the city became capital of the Roman province of Asia known for its Asclepieion healing centre. The acropolis crowns a landscape containing burial mounds and remains of the Roman, Byzantine and Ottoman empires in and around the modern town of Bergama on the lower slopes. ",5.0,94,2
Biarritz,France,City Trip Nature Landscape Adventure Hiking Beach Sea Tropical,"Ocean breezes mix with the scent of fresh pastries, while sunlit beaches and elegant architecture create a laid-back yet sophisticated vibe.",4.8,69,3
Belgrade,Serbia,City Trip Culture History Art Nightlife Party,"Lively streets filled with eclectic architecture, vibrant nightlife, and a fusion of Eastern and Western influences create an inviting, energetic atmosphere.",4.9,73,1
Leipzig,Germany,City Trip Culture History Art Nightlife Party,"Charming cobblestone streets, vibrant arts scene, and lively music venues create a welcoming vibe that's both culturally rich and refreshingly laid-back.",4.6,96,3
Tower of Hercules,Spain,Cultural Europe and North America Historic Landmark World Heritage," The Tower of Hercules has served as a lighthouse and landmark at the entrance of La Coruña harbour in north-western Spain since the late 1st century A.D. when the Romans built the Farum Brigantium. The Tower, built on a 57 metre high rock, rises a further 55 metres, of which 34 metres correspond to the Roman masonry and 21 meters to the restoration directed by architect Eustaquio Giannini in the 18th century, who augmented the Roman core with two octagonal forms. Immediately adjacent to the base of the Tower, is a small rectangular Roman building. The site also features a sculpture park, the Monte dos Bicos rock carvings from the Iron Age and a Muslim cemetery. The Roman foundations of the building were revealed in excavations conducted in the 1990s. Many legends from the Middle Ages to the 19th century surround the Tower of Hercules, which is unique as it is the only lighthouse of Greco-Roman antiquity to have retained a measure of structural integrity and functional continuity. ",4.7,70,3
Zollverein Coal Mine Industrial Complex in Essen,Germany,Cultural Europe and North America Historic Landmark World Heritage," The Zollverein industrial complex in Land Nordrhein-Westfalen consists of the complete infrastructure of a historical coal-mining site, with some 20th-century buildings of outstanding architectural merit. It constitutes remarkable material evidence of the evolution and decline of an essential industry over the past 150 years. ",4.6,94,2
Historic Monuments of Novgorod and Surroundings,Russian Federation,Cultural Europe and North America Historic Landmark World Heritage," Situated on the ancient trade route between Central Asia and northern Europe, Novgorod was Russia's first capital in the 9th century. Surrounded by churches and monasteries, it was a centre for Orthodox spirituality as well as Russian architecture. Its medieval monuments and the 14th-century frescoes of Theophanes the Greek (Andrei Rublev's teacher) illustrate the development of its remarkable architecture and cultural creativity. ",4.8,58,2
Vatican City,Holy See,Cultural Europe and North America Historic Landmark World Heritage," The Vatican City, one of the most sacred places in Christendom, attests to a great history and a formidable spiritual venture. A unique collection of artistic and architectural masterpieces lie within the boundaries of this small state. At its centre is St Peter's Basilica, with its double colonnade and a circular piazza in front and bordered by palaces and gardens. The basilica, erected over the tomb of St Peter the Apostle, is the largest religious building in the world, the fruit of the combined genius of Bramante, Raphael, Michelangelo, Bernini and Maderno. ",4.9,69,1
San Juan,Puerto Rico,City Trip Culture History Art Beach Sea Tropical Nightlife Party,"Cobblestone streets lined with colorful colonial buildings, lively salsa rhythms, and the scent of ocean breezes create a vibrant and welcoming atmosphere.",4.2,94,3
Franciscan Missions in the Sierra Gorda of Querétaro,Mexico,Cultural Latin America and the Caribbean Historic Landmark World Heritage," The five Franciscan missions of Sierra Gorda were built during the last phase of the conversion to Christianity of the interior of Mexico in the mid-18th century and became an important reference for the continuation of the evangelization of California, Arizona and Texas. The richly decorated church fa&ccedil;ades are of special interest as they represent an example of the joint creative efforts of the missionaries and the Indios. The rural settlements that grew around the missions have retained their vernacular character. ",5.0,62,2
Sacred Island of Okinoshima and Associated Sites in the Munakata Region ,Japan,Cultural Asia and the Pacific Historic Landmark World Heritage," Located 60 km off the western coast of Kyushu island, the island of Okinoshima is an exceptional example of the tradition of worship of a sacred island. The archaeological sites that have been preserved on the island are virtually intact, and provide a chronological record of how the rituals performed there changed from the 4th to the 9th centuries AD. In these rituals, votive objects were deposited as offerings at different sites on the island. Many of them are of exquisite workmanship and had been brought from overseas, providing evidence of intense exchanges between the Japanese archipelago, the Korean Peninsula and the Asian continent. Integrated within the Grand Shrine of Munakata, the island of Okinoshima is considered sacred to this day. ",4.6,73,1
Jongmyo Shrine,Republic of Korea,Cultural Asia and the Pacific Historic Landmark World Heritage," Jongmyo is the oldest and most authentic of the Confucian royal shrines to have been preserved. Dedicated to the forefathers of the Joseon dynasty (1392–1910), the shrine has existed in its present form since the 16th century and houses tablets bearing the teachings of members of the former royal family. Ritual ceremonies linking music, song and dance still take place there, perpetuating a tradition that goes back to the 14th century. ",4.9,57,2
"Collegiate Church, Castle and Old Town of Quedlinburg",Germany,Cultural Europe and North America Historic Landmark World Heritage," Quedlinburg, in the Land of Sachsen-Anhalt, was a capital of the East Franconian German Empire at the time of the Saxonian-Ottonian ruling dynasty. It has been a prosperous trading town since the Middle Ages. The number and high quality of the timber-framed buildings make Quedlinburg an exceptional example of a medieval European town. The Collegiate Church of St Servatius is one of the masterpieces of Romanesque architecture. ",4.7,75,2
Ironbridge Gorge,United Kingdom of Great Britain and Northern Ireland,Cultural Europe and North America Historic Landmark World Heritage," Ironbridge is known throughout the world as the symbol of the Industrial Revolution. It contains all the elements of progress that contributed to the rapid development of this industrial region in the 18th century, from the mines themselves to the railway lines. Nearby, the blast furnace of Coalbrookdale, built in 1708, is a reminder of the discovery of coke. The bridge at Ironbridge, the world's first bridge constructed of iron, had a considerable influence on developments in the fields of technology and architecture. ",4.8,64,2
Dacian Fortresses of the Orastie Mountains,Romania,Cultural Europe and North America Historic Landmark World Heritage," Built in the 1st centuries B.C. and A.D. under Dacian rule, these fortresses show an unusual fusion of military and religious architectural techniques and concepts from the classical world and the late European Iron Age. The six defensive works, the nucleus of the Dacian Kingdom, were conquered by the Romans at the beginning of the 2nd century A.D.; their extensive and well-preserved remains stand in spectacular natural surroundings and give a dramatic picture of a vigorous and innovative civilization. ",4.9,53,3
Chisinau,Moldova,City Trip,"Tree-lined streets and Soviet-era architecture mix with lively markets and cozy wine bars, offering a unique and welcoming vibe.",4.2,87,1
Khangchendzonga National Park,India,Mixed Asia and the Pacific Historic Landmark World Heritage," Located at the heart of the Himalayan range in northern India (State of Sikkim), the Khangchendzonga National Park includes a unique diversity of plains, valleys, lakes, glaciers and spectacular, snow-capped mountains covered with ancient forests, including the world’s third highest peak, Mount Khangchendzonga. Mythological stories are associated with this mountain and with a great number of natural elements (caves, rivers, lakes, etc.) that are the object of worship by the indigenous people of Sikkim. The sacred meanings of these stories and practices have been integrated with Buddhist beliefs and constitute the basis for Sikkimese identity. ",4.5,50,3
Doha,Qatar,City Trip Culture History Art,"Modern architecture meets traditional souks, with the aroma of spices and the warm desert breeze creating a welcoming and vibrant atmosphere.",3.6,95,5
Meknes,Morocco,City Trip Culture History Art,Winding streets filled with the scent of spices and the sound of lively markets create a captivating and intimate experience.,4.5,92,1
Hualien,Taiwan,City Trip Nature Landscape Adventure Hiking,"Nestled between lush mountains and the Pacific Ocean, this place offers stunning landscapes, tranquil vibes, and a welcoming local culture.",3.5,70,3
Humberstone and Santa Laura Saltpeter Works,Chile,Cultural Latin America and the Caribbean Historic Landmark World Heritage," Humberstone and Santa Laura works contain over 200 former saltpeter works where workers from Chile, Peru and Bolivia lived in company towns and forged a distinctive communal pampinos culture. That culture is manifest in their rich language, creativity, and solidarity, and, above all, in their pioneering struggle for social justice, which had a profound impact on social history. Situated in the remote Pampas, one of the driest deserts on Earth, thousands of pampinos lived and worked in this hostile environment for over 60 years, from 1880, to process the largest deposit of saltpeter in the world, producing the fertilizer sodium nitrate that was to transform agricultural lands in North and South America, and in Europe, and produce great wealth for Chile. Because of the vulnerability of the structures and the impact of a recent earthquake, the site was also placed on the List of World Heritage in Danger to help mobilize resources for its conservation. ",4.9,60,3
Dallas,United States,City Trip Culture History Art Nightlife Party,"A lively mix of modern skyscrapers and historic districts, this city offers a dynamic atmosphere with vibrant arts, cuisine, and culture.",5.0,70,3
"Archaeological Site of Nalanda Mahavihara at Nalanda, Bihar",India,Cultural Asia and the Pacific Historic Landmark World Heritage," The Nalanda Mahavihara site is in the State of Bihar, in north-eastern India. It comprises the archaeological remains of a monastic and scholastic institution dating from the 3rd century BCE to the 13th century CE. It includes stupas, shrines, viharas (residential and educational buildings) and important art works in stucco, stone and metal. Nalanda stands out as the most ancient university of the Indian Subcontinent. It engaged in the organized transmission of knowledge over an uninterrupted period of 800 years. The historical development of the site testifies to the development of Buddhism into a religion and the flourishing of monastic and educational traditions. ",4.9,62,2
Busan,South Korea,City Trip Nature Landscape Culture History Art Beach Sea Tropical Nightlife Party,"Coastal breezes mix with the scent of street food, while vibrant markets and serene temples create a lively yet calming atmosphere.",4.7,70,3
Bridgetown,Barbados,City Trip Nature Landscape Beach Sea Tropical Nightlife Party,"Warm ocean breezes mingle with the rhythmic beats of calypso music, creating an inviting atmosphere perfect for unwinding and exploration.",5.0,78,3
Tombs of Buganda Kings at Kasubi,Uganda,Cultural Africa Historic Landmark World Heritage," The Tombs of Buganda Kings at Kasubi constitute a site embracing almost 30 ha of hillside within Kampala district. Most of the site is agricultural, farmed by traditional methods. At its core on the hilltop is the former palace of the Kabakas of Buganda, built in 1882 and converted into the royal burial ground in 1884. Four royal tombs now lie within the Muzibu Azaala Mpanga, the main building, which is circular and surmounted by a dome. It is a major example of an architectural achievement in organic materials, principally wood, thatch, reed, wattle and daub. The site's main significance lies, however, in its intangible values of belief, spirituality, continuity and identity. ",4.9,81,2
Srebarna Nature Reserve,Bulgaria,Natural Europe and North America Historic Landmark World Heritage," The Srebarna Nature Reserve is a freshwater lake adjacent to the Danube and extending over 600 ha. It is the breeding ground of almost 100 species of birds, many of which are rare or endangered. Some 80 other bird species migrate and seek refuge there every winter. Among the most interesting bird species are the Dalmatian pelican, great egret, night heron, purple heron, glossy ibis and white spoonbill. ",5.0,55,1
"Paris, Banks of the Seine",France,Cultural Europe and North America Historic Landmark World Heritage," From the Louvre to the Eiffel Tower, from the Place de la Concorde to the Grand and Petit Palais, the evolution of Paris and its history can be seen from the River Seine. The Cathedral of Notre-Dame and the Sainte Chapelle are architectural masterpieces while Haussmann's wide squares and boulevards influenced late 19th- and 20th-century town planning the world over. ",5.0,61,3
Historic Centre of Riga,Latvia,Cultural Europe and North America Historic Landmark World Heritage," Riga was a major centre of the Hanseatic League, deriving its prosperity in the 13th–15th centuries from the trade with central and eastern Europe. The urban fabric of its medieval centre reflects this prosperity, though most of the earliest buildings were destroyed by fire or war. Riga became an important economic centre in the 19th century, when the suburbs surrounding the medieval town were laid out, first with imposing wooden buildings in neoclassical style and then in Jugendstil . It is generally recognized that Riga has the finest collection of art nouveau buildings in Europe. ",4.7,92,2
Valdivia,Chile,City Trip Nature Landscape Adventure Hiking,"Riverside charm and lush green landscapes create a serene atmosphere, with the scent of fresh seafood and the sound of birdsong nearby.",4.6,92,3
Mahabodhi Temple Complex at Bodh Gaya,India,Cultural Asia and the Pacific Historic Landmark World Heritage," The Mahabodhi Temple Complex is one of the four holy sites related to the life of the Lord Buddha, and particularly to the attainment of Enlightenment. The first temple was built by Emperor Asoka in the 3rd century B.C., and the present temple dates from the 5th or 6th centuries. It is one of the earliest Buddhist temples built entirely in brick, still standing in India, from the late Gupta period. ",4.6,63,1
Toulouse,France,City Trip Culture History Art Nightlife Party,"Charming cobblestone streets, pink-hued buildings, and a lively café culture create a welcoming atmosphere that's both vibrant and soothing.",4.5,71,3
Angkor,Cambodia,Cultural Asia and the Pacific Historic Landmark World Heritage," Angkor is one of the most important archaeological sites in South-East Asia. Stretching over some 400 km2, including forested area, Angkor Archaeological Park contains the magnificent remains of the different capitals of the Khmer Empire, from the 9th to the 15th century. They include the famous Temple of Angkor Wat and, at Angkor Thom, the Bayon Temple with its countless sculptural decorations. UNESCO has set up a wide-ranging programme to safeguard this symbolic site and its surroundings. ",4.5,91,1
Ashgabat,Turkmenistan,City Trip,"Marble-clad buildings rise against a backdrop of desert landscapes, offering a surreal blend of modernity and tradition with a touch of mystery.",4.2,91,5
Harare,Zimbabwe,City Trip Nature Landscape,"Vibrant streets filled with colorful markets, the scent of blooming jacarandas, and a lively atmosphere make every moment feel uniquely captivating.",4.2,67,1
El Chaltén,Argentina,City Trip Nature Landscape Adventure Hiking,"Nestled amidst rugged peaks and vast landscapes, this charming village offers a sense of tranquility and awe-inspiring natural beauty.",4.2,96,1
"Melaka and George Town, Historic Cities of the Straits of Malacca",Malaysia,Cultural Asia and the Pacific Historic Landmark World Heritage," Melaka and George Town, historic cities of the Straits of Malacca have developed over 500 years of trading and cultural exchanges between East and West in the Straits of Malacca. The influences of Asia and Europe have endowed the towns with a specific multicultural heritage that is both tangible and intangible. With its government buildings, churches, squares and fortifications, Melaka demonstrates the early stages of this history originating in the 15th-century Malay sultanate and the Portuguese and Dutch periods beginning in the early 16th century. Featuring residential and commercial buildings, George Town represents the British era from the end of the 18th century. The two towns constitute a unique architectural and cultural townscape without parallel anywhere in East and Southeast Asia. ",4.6,75,2
La Lonja de la Seda de Valencia,Spain,Cultural Europe and North America Historic Landmark World Heritage," Built between 1482 and 1533, this group of buildings was originally used for trading in silk (hence its name, the Silk Exchange) and it has always been a centre for commerce. It is a masterpiece of late Gothic architecture. The grandiose Sala de Contratación (Contract or Trading Hall), in particular, illustrates the power and wealth of a major Mediterranean mercantile city in the 15th and 16th centuries. ",5.0,77,3
Cultural Landscape of Sintra,Portugal,Cultural Europe and North America Historic Landmark World Heritage," In the 19th century Sintra became the first centre of European Romantic architecture. Ferdinand II turned a ruined monastery into a castle where this new sensitivity was displayed in the use of Gothic, Egyptian, Moorish and Renaissance elements and in the creation of a park blending local and exotic species of trees. Other fine dwellings, built along the same lines in the surrounding serra , created a unique combination of parks and gardens which influenced the development of landscape architecture throughout Europe. ",4.6,67,1
Christiansted,U.S. Virgin Islands,City Trip Nature Landscape Adventure Hiking Beach Sea Tropical,"Charming streets lined with pastel-hued buildings, ocean breezes carrying the scent of salt, and a laid-back Caribbean vibe invite relaxation.",4.8,90,3
Shushtar Historical Hydraulic System,Iran (Islamic Republic of),Cultural Asia and the Pacific Historic Landmark World Heritage," Shushtar, Historical Hydraulic System, inscribed as a masterpiece of creative genius, can be traced back to Darius the Great in the 5th century B.C. It involved the creation of two main diversion canals on the river K&acirc;run one of which, Gargar canal, is still in use providing water to the city of Shushtar via a series of tunnels that supply water to mills. It forms a spectacular cliff from which water cascades into a downstream basin. It then enters the plain situated south of the city where it has enabled the planting of orchards and farming over an area of 40,000 ha. known as Mian&acirc;b (Paradise). The property has an ensemble of remarkable sites including the Sal&acirc;sel Castel, the operation centre of the entire hydraulic system, the tower where the water level is measured, damns, bridges, basins and mills. It bears witness to the know-how of the Elamites and Mesopotamians as well as more recent Nabatean expertise and Roman building influence. ",4.7,90,2
Guanajuato,Mexico,City Trip Culture History Art,"Winding cobblestone streets and colorful facades create a charming, vibrant atmosphere, where history and lively festivals fill the air with excitement.",4.2,89,3
Historical Monuments of Mtskheta,Georgia,Cultural Europe and North America Historic Landmark World Heritage," The historic churches of Mtskheta, former capital of Georgia, are outstanding examples of medieval religious architecture in the Caucasus. They show the high artistic and cultural level attained by this ancient kingdom. ",4.8,57,3
Old City of Berne,Switzerland,Cultural Europe and North America Historic Landmark World Heritage," Founded in the 12th century on a hill site surrounded by the Aare River, Berne developed over the centuries in line with a an exceptionally coherent planning concept. The buildings in the Old City, dating from a variety of periods, include 15th-century arcades and 16th-century fountains. Most of the medieval town was restored in the 18th century but it has retained its original character. ",4.9,62,3
Susa,Iran (Islamic Republic of),Cultural Asia and the Pacific Historic Landmark World Heritage," Located in the south-west of Iran, in the lower Zagros Mountains, the property encompasses a group of archaeological mounds rising on the eastern side of the Shavur River, as well as Ardeshir’s palace, on the opposite bank of the river. The excavated architectural monuments include administrative, residential and palatial structures. Susa contains several layers of superimposed urban settlements in a continuous succession from the late 5th millennium BCE until the 13th century CE. The site bears exceptional testimony to the Elamite, Persian and Parthian cultural traditions, which have largely disappeared. ",4.5,52,1
Historic Town of Grand-Bassam,Côte d'Ivoire,Cultural Africa Historic Landmark World Heritage," The first capital of C&ocirc;te d&rsquo;Ivoire, the Historic Town of Grand-Bassam, is an example of a late 19th- and early 20th-century colonial town planned with quarters specializing in commerce, administration, housing for Europeans and for Africans. The site includes the N&rsquo;zima African fishing village alongside colonial architecture marked by functional houses with galleries, verandas and gardens. Grand-Bassam was the most important port, economic and judicial centre of C&ocirc;te d&rsquo;Ivoire. It bears witness to the complex social relations between Europeans and Africans, and to the subsequent independence movement. As a vibrant centre of the territory of French trading posts in the Gulf of Guinea, which preceded modern C&ocirc;te d&rsquo;Ivoire, it attracted populations from all parts of Africa, Europe and the Mediterranean Levant. ",4.9,51,2
Papeete,French Polynesia,City Trip Nature Landscape Adventure Hiking Beach Sea Tropical,"A tropical blend of vibrant markets, lush landscapes, and the gentle sound of waves creates a serene yet lively island atmosphere.",4.4,96,5
Islands and Protected Areas of the Gulf of California,Mexico,Natural Latin America and the Caribbean Historic Landmark World Heritage," The site comprises 244 islands, islets and coastal areas that are located in the Gulf of California in north-eastern Mexico. The Sea of Cortez and its islands have been called a natural laboratory for the investigation of speciation. Moreover, almost all major oceanographic processes occurring in the planet’s oceans are present in the property, giving it extraordinary importance for study. The site is one of striking natural beauty in a dramatic setting formed by rugged islands with high cliffs and sandy beaches, which contrast with the brilliant reflection from the desert and the surrounding turquoise waters. It is home to 695 vascular plant species, more than in any marine and insular property on the World Heritage List. Equally exceptional is the number of fish species: 891, 90 of them endemic. The site, moreover, contains 39% of the world’s total number of species of marine mammals and a third of the world’s marine cetacean species. ",4.8,77,2
Tuscany,Italy,City Trip Nature Landscape Culture History Art,"Rolling hills, sun-drenched vineyards, and charming medieval towns create a picturesque landscape that invites leisurely exploration and indulgent culinary experiences.",4.9,61,3
Linz,Austria,City Trip Culture History Art,"A blend of historic charm and modern innovation, with riverside walks, vibrant arts scenes, and a welcoming atmosphere that invites exploration.",3.5,65,3
Komodo National Park,Indonesia,Natural Asia and the Pacific Historic Landmark World Heritage," These volcanic islands are inhabited by a population of around 5,700 giant lizards, whose appearance and aggressive behaviour have led to them being called 'Komodo dragons'. They exist nowhere else in the world and are of great interest to scientists studying the theory of evolution. The rugged hillsides of dry savannah and pockets of thorny green vegetation contrast starkly with the brilliant white sandy beaches and the blue waters surging over coral. ",4.6,80,2
Everglades National Park,United States of America,Natural Europe and North America Historic Landmark World Heritage," This site at the southern tip of Florida has been called 'a river of grass flowing imperceptibly from the hinterland into the sea'. The exceptional variety of its water habitats has made it a sanctuary for a large number of birds and reptiles, as well as for threatened species such as the manatee. ",4.7,92,3
Delos,Greece,Cultural Europe and North America Historic Landmark World Heritage," According to Greek mythology, Apollo was born on this tiny island in the Cyclades archipelago. Apollo's sanctuary attracted pilgrims from all over Greece and Delos was a prosperous trading port. The island bears traces of the succeeding civilizations in the Aegean world, from the 3rd millennium B.C. to the palaeochristian era. The archaeological site is exceptionally extensive and rich and conveys the image of a great cosmopolitan Mediterranean port. ",4.9,76,2
Archipiélago de Revillagigedo,Mexico,Natural Latin America and the Caribbean Historic Landmark World Heritage," Located in the eastern Pacific Ocean, this archipelago is made up of four remote islands and their surrounding waters: San Benedicto, Socorro, Roca Partida and Clarión. This archipelago is part of a submerged mountain range, with the four islands representing the peaks of volcanoes emerging above sea level. The islands provide critical habitat for a range of wildlife and are of particular importance for seabirds. The surrounding waters have a remarkable abundance of large pelagic species, such as manta rays, whales, dolphins and sharks.  ",4.7,59,2
Marrakesh,Morocco,City Trip Culture History Art Nightlife Party,"A sensory feast of vibrant colors, aromatic spices, bustling souks, and serene gardens, creating an enchanting and immersive experience for every visitor.",4.8,63,1
Necropolis of Bet She’arim: A Landmark of Jewish Renewal,Israel,Cultural Europe and North America Historic Landmark World Heritage," Consisting of a series of catacombs, the necropolis developed from the 2nd century AD as the primary Jewish burial place outside Jerusalem following the failure of the second Jewish revolt against Roman rule. Located southeast of the city of Haifa, these catacombs are a treasury of artworks and inscriptions in Greek, Aramaic, Hebrew and Palmyrene. Bet She’arim bears unique testimony to ancient Judaism under the leadership of Rabbi Judah the Patriarch, who is credited with Jewish renewal after 135 AD. ",4.9,88,1
Tongariro National Park,New Zealand,Mixed Asia and the Pacific Historic Landmark World Heritage," In 1993 Tongariro became the first property to be inscribed on the World Heritage List under the revised criteria describing cultural landscapes. The mountains at the heart of the park have cultural and religious significance for the Maori people and symbolize the spiritual links between this community and its environment. The park has active and extinct volcanoes, a diverse range of ecosystems and some spectacular landscapes. ",4.9,87,1
Mbabane,Eswatini,City Trip Nature Landscape,"Surrounded by lush mountains, the city offers a relaxed atmosphere where vibrant markets and friendly locals create an inviting experience.",4.8,93,1
"Assisi, the Basilica of San Francesco and Other Franciscan Sites",Italy,Cultural Europe and North America Historic Landmark World Heritage," Assisi, a medieval city built on a hill, is the birthplace of Saint Francis, closely associated with the work of the Franciscan Order. Its medieval art masterpieces, such as the Basilica of San Francesco and paintings by Cimabue, Pietro Lorenzetti, Simone Martini and Giotto, have made Assisi a fundamental reference point for the development of Italian and European art and architecture. ",4.5,52,1
Ouadi Qadisha (the Holy Valley) and the Forest of the Cedars of God (Horsh Arz el-Rab),Lebanon,Cultural Arab States Historic Landmark World Heritage," The Qadisha valley is one of the most important early Christian monastic settlements in the world. Its monasteries, many of which are of a great age, stand in dramatic positions in a rugged landscape. Nearby are the remains of the great forest of cedars of Lebanon, highly prized in antiquity for the construction of great religious buildings. ",4.9,50,2
Historic Centres of Stralsund and Wismar,Germany,Cultural Europe and North America Historic Landmark World Heritage," The medieval towns of Wismar and Stralsund, on the Baltic coast of northern Germany, were major trading centres of the Hanseatic League in the 14th and 15th centuries. In the 17th and 18th centuries they became Swedish administrative and defensive centres for the German territories. They contributed to the development of the characteristic building types and techniques of Brick Gothic in the Baltic region, as exemplified in several important brick cathedrals, the Town Hall of Stralsund, and the series of houses for residential, commercial and crafts use, representing its evolution over several centuries. ",5.0,61,3
At-Turaif District in ad-Dir'iyah,Saudi Arabia,Cultural Arab States Historic Landmark World Heritage," This property was the first capital of the Saudi Dynasty, in the heart of the Arabian Penisula, north-west of Riyadh. Founded in the 15th century, it bears witness to the Najdi architectural style, which is specific to the centre of the Arabian peninsula. In the 18th and early 19th century, its political and religious role increased, and the citadel at at-Turaif became the centre of the temporal power of the House of Saud and the spread of the Salafiyya reform inside the Muslim religion. The property includes the remains of many palaces and an urban ensemble built on the edge of the ad-Dir’iyah oasis. ",4.6,67,1
Port Vila,Vanuatu,City Trip Nature Landscape Adventure Hiking Beach Sea Tropical,"Lush greenery meets turquoise waters, where vibrant markets and friendly locals create a warm, inviting atmosphere amidst tropical island breezes.",3.6,60,3
"Church Town of Gammelstad, Luleå ",Sweden,Cultural Europe and North America Historic Landmark World Heritage," Gammelstad, at the head of the Gulf of Bothnia, is the best-preserved example of a 'church village', a unique kind of village formerly found throughout northern Scandinavia. The 424 wooden houses, huddled round the early 15th-century stone church, were used only on Sundays and at religious festivals to house worshippers from the surrounding countryside who could not return home the same day because of the distance and difficult travelling conditions. ",4.8,89,3
Imperial Tombs of the Ming and Qing Dynasties,China,Cultural Asia and the Pacific Historic Landmark World Heritage," It represents the addition of three Imperial Tombs of the Qing Dynasty in Liaoning to the Ming tombs inscribed in 2000 and 2003. The Three Imperial Tombs of the Qing Dynasty in Liaoning Province include the Yongling Tomb, the Fuling Tomb, and the Zhaoling Tomb, all built in the 17th century. Constructed for the founding emperors of the Qing Dynasty and their ancestors, the tombs follow the precepts of traditional Chinese geomancy and fengshui theory. They feature rich decoration of stone statues and carvings and tiles with dragon motifs, illustrating the development of the funerary architecture of the Qing Dynasty. The three tomb complexes, and their numerous edifices, combine traditions inherited from previous dynasties and new features of Manchu civilization. ",4.8,68,2
Papahānaumokuākea,United States of America,Mixed Europe and North America Historic Landmark World Heritage," Papahānaumokuākea is a vast and isolated linear cluster of small, low lying islands and atolls, with their surrounding ocean, roughly 250 km to the northwest of the main Hawaiian Archipelago and extending over some 1931 km. The area has deep cosmological and traditional significance for living Native Hawaiian culture, as an ancestral environment, as an embodiment of the Hawaiian concept of kinship between people and the natural world, and as the place where it is believed that life originates and to where the spirits return after death. On two of the islands, Nihoa and Makumanamana, there are archaeological remains relating to pre-European settlement and use. Much of the monument is made up of pelagic and deepwater habitats, with notable features such as seamounts and submerged banks, extensive coral reefs and lagoons. It is one of the largest marine protected areas (MPAs) in the world. ",4.8,74,3
Capital Cities and Tombs of the Ancient Koguryo Kingdom,China,Cultural Asia and the Pacific Historic Landmark World Heritage," The site includes archaeological remains of three cities and 40 tombs: Wunu Mountain City, Guonei City and Wandu Mountain City, 14 tombs are imperial, 26 of nobles. All belong to the Koguryo culture, named after the dynasty that ruled over parts of northern China and the northern half of the Korean Peninsula from 277 BC to AD 668. Wunu Mountain City is only partly excavated. Guonei City, within the modern city of Ji&rsquo;an, played the role of a &lsquo;supporting capital&rsquo; after the main Koguryo capital moved to Pyongyang. Wandu Mountain City, one of the capitals of the Koguryo Kingdom, contains many vestiges including a large palace and 37 tombs. Some of the tombs show great ingenuity in their elaborate ceilings, designed to roof wide spaces without columns and carry the heavy load of a stone or earth tumulus (mound), which was placed above them. ",5.0,94,3
Ancient Building Complex in the Wudang Mountains,China,Cultural Asia and the Pacific Historic Landmark World Heritage," The palaces and temples which form the nucleus of this group of secular and religious buildings exemplify the architectural and artistic achievements of China's Yuan, Ming and Qing dynasties. Situated in the scenic valleys and on the slopes of the Wudang mountains in Hubei Province, the site, which was built as an organized complex during the Ming dynasty (14th&ndash;17th centuries), contains Taoist buildings from as early as the 7th century. It represents the highest standards of Chinese art and architecture over a period of nearly 1,000 years. ",5.0,86,2
"Gochang, Hwasun and Ganghwa Dolmen Sites",Republic of Korea,Cultural Asia and the Pacific Historic Landmark World Heritage," The prehistoric cemeteries at Gochang, Hwasun, and Ganghwa contain many hundreds of examples of dolmens - tombs from the 1st millennium BC constructed of large stone slabs. They form part of the Megalithic culture, found in many parts of the world, but nowhere in such a concentrated form. ",4.8,67,2
Historic Centre of Shakhrisyabz,Uzbekistan,Cultural Asia and the Pacific Historic Landmark World Heritage," The historic centre of Shakhrisyabz contains a collection of exceptional monuments and ancient quarters which bear witness to the city's secular development, and particularly to the period of its apogee, under the rule of Amir Temur and the Temurids, in the 15th-16th century. ",4.7,88,1
Port of Spain,Trinidad and Tobago,City Trip Culture History Art Beach Sea Tropical Nightlife Party,"Bustling streets filled with lively music and vibrant colors offer a sensory feast, where Caribbean culture and urban energy intertwine seamlessly.",3.6,68,3
Thracian Tomb of Sveshtari,Bulgaria,Cultural Europe and North America Historic Landmark World Heritage," Discovered in 1982 near the village of Sveshtari, this 3rd-century BC Thracian tomb reflects the fundamental structural principles of Thracian cult buildings. The tomb has a unique architectural decor, with polychrome half-human, half-plant caryatids and painted murals. The 10 female figures carved in high relief on the walls of the central chamber and the decoration of the lunette in its vault are the only examples of this type found so far in the Thracian lands. It is a remarkable reminder of the culture of the Getes, a Thracian people who were in contact with the Hellenistic and Hyperborean worlds, according to ancient geographers. ",4.5,87,2
Uluru,Australia,City Trip Nature Landscape Culture History Art Adventure Hiking,"The vast, red desert landscape is both humbling and awe-inspiring, with sunsets casting a magical glow over the ancient rock formations.",4.5,92,5
Salvador da Bahia,Brazil,City Trip Nature Landscape Culture History Art Beach Sea Tropical Nightlife Party,"Lively streets filled with music and dance, vibrant markets, and stunning coastal views create an energetic yet laid-back atmosphere.",4.8,82,3
Antigua Guatemala,Guatemala,Cultural Latin America and the Caribbean Historic Landmark World Heritage," Antigua, the capital of the Captaincy-General of Guatemala, was founded in the early 16th century. Built 1,500 m above sea-level, in an earthquake-prone region, it was largely destroyed by an earthquake in 1773 but its principal monuments are still preserved as ruins. In the space of under three centuries the city, which was built on a grid pattern inspired by the Italian Renaissance, acquired a number of superb monuments. ",5.0,53,2
Old Town of Segovia and its Aqueduct,Spain,Cultural Europe and North America Historic Landmark World Heritage," The Roman aqueduct of Segovia, probably built c. A.D. 50, is remarkably well preserved. This impressive construction, with its two tiers of arches, forms part of the setting of the magnificent historic city of Segovia. Other important monuments include the Alcázar, begun around the 11th century, and the 16th-century Gothic cathedral. ",4.6,53,2
Serengeti National Park,United Republic of Tanzania,Natural Africa Historic Landmark World Heritage," The vast plains of the Serengeti comprise 1.5 million ha of savannah. The annual migration to permanent water holes of vast herds of herbivores (wildebeest, gazelles and zebras), followed by their predators, is one of the most impressive natural events in the world. ",4.6,52,1
Bardejov Town Conservation Reserve,Slovakia,Cultural Europe and North America Historic Landmark World Heritage," Bardejov is a small but exceptionally complete and well-preserved example of a fortified medieval town, which typifies the urbanisation in this region. Among other remarkable features, it also contains a small Jewish quarter around a fine 18th-century synagogue. ",4.8,72,3
Joggins Fossil Cliffs,Canada,Natural Europe and North America Historic Landmark World Heritage," The Joggins Fossil Cliffs, a 689 ha palaeontological site along the coast of Nova Scotia (eastern Canada), have been described as the &ldquo;coal age Gal&aacute;pagos&rdquo; due to their wealth of fossils from the Carboniferous period (354 to 290 million years ago). The rocks of this site are considered to be iconic for this period of the history of Earth and are the world&rsquo;s thickest and most comprehensive record of the Pennsylvanian strata (dating back 318 to 303 million years) with the most complete known fossil record of terrestrial life from that time. These include the remains and tracks of very early animals and the rainforest in which they lived, left in situ, intact and undisturbed. With its 14.7 km of sea cliffs, low bluffs, rock platforms and beach, the site groups remains of three ecosystems: estuarine bay, floodplain rainforest and fire prone forested alluvial plain with freshwater pools. It offers the richest assemblage known of the fossil life in these three ecosystems with 96 genera and 148 species of fossils and 20 footprint groups. The site is listed as containing outstanding examples representing major stages in the history of Earth. ",4.8,82,3
Ngorongoro Conservation Area,United Republic of Tanzania,Mixed Africa Historic Landmark World Heritage," The Ngorongoro Conservation Area spans vast expanses of highland plains, savanna, savanna woodlands and forests. Established in 1959 as a multiple land use area, with wildlife coexisting with semi-nomadic Maasai pastoralists practicing traditional livestock grazing, it includes the spectacular Ngorongoro Crater, the world’s largest caldera. The property has global importance for biodiversity conservation due to the presence of globally threatened species, the density of wildlife inhabiting the area, and the annual migration of wildebeest, zebra, gazelles and other animals into the northern plains. Extensive archaeological research has also yielded a long sequence of evidence of human evolution and human-environment dynamics, including early hominid footprints dating back 3.6 million years. ",5.0,51,3
Salonga National Park,Democratic Republic of the Congo,Natural Africa Historic Landmark World Heritage," Salonga National Park is Africa's largest tropical rainforest reserve. Situated at the heart of the central basin of the Congo river, the park is very isolated and accessible only by water. It is the habitat of many endemic endangered species, such as the dwarf chimpanzee, the Congo peacock, the forest elephant and the African slender-snouted or 'false' crocodile. ",4.5,58,1
Qal’at al-Bahrain – Ancient Harbour and Capital of Dilmun,Bahrain,Cultural Arab States Historic Landmark World Heritage," Qal’at al-Bahrain is a typical tell – an artificial mound created by many successive layers of human occupation. The strata of the 300 × 600 m tell testify to continuous human presence from about 2300 BC to the 16th century AD. About 25% of the site has been excavated, revealing structures of different types: residential, public, commercial, religious and military. They testify to the importance of the site, a trading port, over the centuries. On the top of the 12 m mound there is the impressive Portuguese fort, which gave the whole site its name, qal’a (fort). The site was the capital of the Dilmun, one of the most important ancient civilizations of the region. It contains the richest remains inventoried of this civilization, which was hitherto only known from written Sumerian references. ",4.5,52,3
Trang An Landscape Complex,Viet Nam,Mixed Asia and the Pacific Historic Landmark World Heritage," Situated near the southern margin of the Red River Delta, the Trang An Landscape Complex is a spectacular landscape of limestone karst peaks permeated with valleys, many of them partly submerged and surrounded by steep, almost vertical cliffs. Exploration of caves at different altitudes has revealed archaeological traces of human activity over a continuous period of more than 30,000 years. They illustrate the occupation of these mountains by seasonal hunter-gatherers and how they adapted to major climatic and environmental changes, especially the repeated inundation of the landscape by the sea after the last ice age. The story of human occupation continues through the Neolithic and Bronze Ages to the historical era. Hoa Lu, the ancient capital of Viet Nam, was strategically established here in the 10th and 11th centuries AD. The property also contains temples, pagodas, paddy-fields and small villages.  ",4.6,90,3
Serra da Capivara National Park,Brazil,Cultural Latin America and the Caribbean Historic Landmark World Heritage," Many of the numerous rock shelters in the Serra da Capivara National Park are decorated with cave paintings, some more than 25,000 years old. They are an outstanding testimony to one of the oldest human communities of South America. ",5.0,74,1
Keoladeo National Park,India,Natural Asia and the Pacific Historic Landmark World Heritage," This former duck-hunting reserve of the Maharajas is one of the major wintering areas for large numbers of aquatic birds from Afghanistan, Turkmenistan, China and Siberia. Some 364 species of birds, including the rare Siberian crane, have been recorded in the park. ",4.5,81,3
"Piazza del Duomo, Pisa",Italy,Cultural Europe and North America Historic Landmark World Heritage,"Standing in a large green expanse, Piazza del Duomo houses a group of monuments known the world over. These four masterpieces of medieval architecture – the cathedral, the baptistry, the campanile (the 'Leaning Tower') and the cemetery – had a great influence on monumental art in Italy from the 11th to the 14th century.",4.8,92,3
Jurisdiction of Saint-Emilion,France,Cultural Europe and North America Historic Landmark World Heritage," Viticulture was introduced to this fertile region of Aquitaine by the Romans, and intensified in the Middle Ages. The Saint-Emilion area benefited from its location on the pilgrimage route to Santiago de Compostela and many churches, monasteries and hospices were built there from the 11th century onwards. It was granted the special status of a 'jurisdiction' during the period of English rule in the 12th century. It is an exceptional landscape devoted entirely to wine-growing, with many fine historic monuments in its towns and villages. ",4.8,78,2
Dja Faunal Reserve,Cameroon,Natural Africa Historic Landmark World Heritage," This is one of the largest and best-protected rainforests in Africa, with 90% of its area left undisturbed. Almost completely surrounded by the Dja River, which forms a natural boundary, the reserve is especially noted for its biodiversity and a wide variety of primates. It contains 107 mammal species, five of which are threatened. ",4.9,72,2
Plitvice Lakes,Croatia,City Trip Nature Landscape Adventure Hiking,"Wandering through lush forests and cascading waterfalls, you'll feel a serene connection with nature, surrounded by vibrant turquoise lakes and tranquil pathways.",5.0,94,3
Cerrado Protected Areas: Chapada dos Veadeiros and Emas National Parks,Brazil,Natural Latin America and the Caribbean Historic Landmark World Heritage," The two sites included in the designation contain flora and fauna and key habitats that characterize the Cerrado – one of the world’s oldest and most diverse tropical ecosystems. For millennia, these sites have served as refuge for several species during periods of climate change and will be vital for maintaining the biodiversity of the Cerrado region during future climate fluctuations. ",4.9,75,3
"Roman Theatre and its Surroundings and the ""Triumphal Arch"" of Orange",France,Cultural Europe and North America Historic Landmark World Heritage," Situated in the Rhone valley, the ancient theatre of Orange, with its 103-m-long facade, is one of the best preserved of all the great Roman theatres. Built between A.D. 10 and 25, the Roman arch is one of the most beautiful and interesting surviving examples of a provincial triumphal arch from the reign of Augustus. It is decorated with low reliefs commemorating the establishment of the Pax Romana. ",4.5,54,1
Palace and Park of Fontainebleau,France,Cultural Europe and North America Historic Landmark World Heritage," Used by the kings of France from the 12th century, the medieval royal hunting lodge of Fontainebleau, standing at the heart of a vast forest in the Ile-de-France, was transformed, enlarged and embellished in the 16th century by François I, who wanted to make a 'New Rome' of it. Surrounded by an immense park, the Italianate palace combines Renaissance and French artistic traditions. ",4.8,54,3
Group of Monuments at Pattadakal,India,Cultural Asia and the Pacific Historic Landmark World Heritage," Pattadakal, in Karnataka, represents the high point of an eclectic art which, in the 7th and 8th centuries under the Chalukya dynasty, achieved a harmonious blend of architectural forms from northern and southern India. An impressive series of nine Hindu temples, as well as a Jain sanctuary, can be seen there. One masterpiece from the group stands out – the Temple of Virupaksha, built c. 740 by Queen Lokamahadevi to commemorate her husband's victory over the kings from the South. ",4.6,77,3
Malabo,Equatorial Guinea,City Trip Nature Landscape,"Tropical breezes mingle with the vibrant energy of colorful markets and lively streets, offering a warm and welcoming cultural experience.",3.9,73,3
Chongoni Rock-Art Area,Malawi,Cultural Africa Historic Landmark World Heritage," Situated within a cluster of forested granite hills and covering an area of 126.4 km2, high up the plateau of central Malawi, the 127 sites of this area feature the richest concentration of rock art in Central Africa. They reflect the comparatively scarce tradition of farmer rock art, as well as paintings by BaTwa hunter-gatherers who inhabited the area from the late Stone Age. The Chewa agriculturalists, whose ancestors lived there from the late Iron Age, practised rock painting until well into the 20th century. The symbols in the rock art, which are strongly associated with women, still have cultural relevance amongst the Chewa, and the sites are actively associated with ceremonies and rituals. ",4.7,87,1
Skopje,North Macedonia,City Trip Culture History Art,"Wandering through eclectic streets, you'll encounter a blend of ancient history and modern quirks, with vibrant markets and grand statues at every turn.",3.9,99,1
Landscape for Breeding and Training of Ceremonial Carriage Horses at Kladruby nad Labem,Czechia,Cultural Europe and North America Historic Landmark World Heritage,"Situated in the Střední Polabí area of the Elbe plain, the site consists of flat, sandy soils and includes fields, fenced pastures, a forested area and buildings, all designed with the main objective of breeding and training kladruber horses, a type of draft horse used in ceremonies by the Habsburg imperial court. An imperial stud farm was established in 1579 and has been dedicated to this task since then. It is one of Europe’s leading horse-breeding institutions, developed at a time when horses played vital roles in transport, agriculture, military support and aristocratic representation.",4.9,71,3
Blantyre,Malawi,City Trip Nature Landscape,"A city where bustling markets, friendly locals, and the aroma of street food create a vibrant and welcoming atmosphere.",4.6,90,1
Paris,France,City Trip Culture History Art Nightlife Party,Charming streets lined with artful boutiques and the aroma of freshly baked pastries create a romantic and timeless atmosphere.,3.6,63,5
"Sichuan Giant Panda Sanctuaries - Wolong, Mt Siguniang and Jiajin Mountains ",China,Natural Asia and the Pacific Historic Landmark World Heritage," Sichuan Giant Panda Sanctuaries, home to more than 30% of the world's pandas which are classed as highly endangered, covers 924,500 ha with seven nature reserves and nine scenic parks in the Qionglai and Jiajin Mountains. The sanctuaries constitute the largest remaining contiguous habitat of the giant panda, a relict from the paleo-tropic forests of the Tertiary Era. It is also the species' most important site for captive breeding. The sanctuaries are home to other globally endangered animals such as the red panda, the snow leopard and clouded leopard. They are among the botanically richest sites of any region in the world outside the tropical rainforests, with between 5,000 and 6,000 species of flora in over 1,000 genera. ",4.7,84,1
Cozumel,Mexico,City Trip Nature Landscape Adventure Hiking Beach Sea Tropical,"Crystal-clear waters, lively coral reefs, and gentle ocean breezes create a serene paradise perfect for snorkeling, diving, and unwinding by the beach.",4.1,73,3
Zion National Park,United States,City Trip Nature Landscape Adventure Hiking,"Towering red rock cliffs and serene hiking trails offer a breathtaking escape into nature, where every turn reveals a stunning new vista.",5.0,88,3
Tampa,United States,City Trip Nature Landscape Beach Sea Tropical Nightlife Party,"Sun-drenched streets, vibrant waterfronts, and a lively cultural scene create an inviting mix of relaxation and adventure for visitors.",4.0,72,3
Bhutan,Bhutan,City Trip Nature Landscape Culture History Art Adventure Hiking,"Mist-shrouded mountains and vibrant monasteries offer a serene escape, where spiritual tranquility and breathtaking landscapes merge for an unforgettable experience.",3.8,97,5
Mount Sanqingshan National Park,China,Natural Asia and the Pacific Historic Landmark World Heritage," Mount Sanqingshan National Park, a 22,950 ha property located in the west of the Huyaiyu mountain range in the northeast of Jiangxi Province (in the east of central China) has been inscribed for its exceptional scenic quality, marked by the concentration of fantastically shaped pillars and peaks: 48 granite peaks and 89 granite pillars, many of which resemble human or animal silhouettes. The natural beauty of the 1,817 metre high Mount Huaiyu is further enhanced by the juxtaposition of granite features with the vegetation and particular meteorological conditions which make for an ever-changing and arresting landscape with bright halos on clouds and white rainbows. The area is subject to a combination of subtropical monsoonal and maritime influences and forms an island of temperate forest above the surrounding subtropical landscape. It also features forests and numerous waterfalls, some of them 60 metres in height, lakes and springs. ",4.6,76,2
Qinghai Hoh Xil,China,Natural Asia and the Pacific Historic Landmark World Heritage,"Qinghai Hoh Xil, located in the northeastern extremity of the Qinghai-Tibetan Plateau, is the largest and highest plateau in the world. This extensive area of alpine mountains and steppe systems is situated more than 4,500 m above sea level, where sub-zero average temperatures prevail all year-round. The site’s geographical and climatic conditions have nurtured a unique biodiversity. More than one third of the plant species, and all the herbivorous mammals are endemic to the plateau. The property secures the complete migratory route of the Tibetan antelope, one of the endangered large mammals that are endemic to the plateau. ",4.6,64,3
Ankara,Turkey,City Trip Culture History Art,"A blend of modern and historic vibes, offering bustling markets, serene parks, and a rich tapestry of cultural experiences.",4.0,96,3
San Antonio Missions,United States of America,Cultural Europe and North America Historic Landmark World Heritage," The site encompasses a group of five frontier mission complexes situated along a stretch of the San Antonio River basin in southern Texas, as well as a ranch located 37 kilometres to the south. It includes architectural and archaeological structures, farmlands, residencies, churches and granaries, as well as water distribution systems. The complexes were built by Franciscan missionaries in the 18th century and illustrate the Spanish Crown’s efforts to colonize, evangelize and defend the northern frontier of New Spain. The San Antonio Missions are also an example of the interweaving of Spanish and Coahuiltecan cultures, illustrated by a variety of features, including the decorative elements of churches, which combine Catholic symbols with indigenous designs inspired by nature. ",4.7,59,1
Portland,United States,City Trip Nature Landscape Culture History Art,"Quirky neighborhoods, lush green parks, and a thriving food scene create an inviting atmosphere filled with creativity and a laid-back vibe.",4.4,79,3
Changdeokgung Palace Complex,Republic of Korea,Cultural Asia and the Pacific Historic Landmark World Heritage," In the early 15th century, the King Taejong ordered the construction of a new palace at an auspicious site. A Bureau of Palace Construction was set up to create the complex, consisting of a number of official and residential buildings set in a garden that was cleverly adapted to the uneven topography of the 58-ha site. The result is an exceptional example of Far Eastern palace architecture and design, blending harmoniously with the surrounding landscape. ",4.6,52,2
Keswick,United Kingdom,City Trip Nature Landscape Adventure Hiking,"Surrounded by majestic peaks and serene lakes, this charming town offers a peaceful escape with invigorating hikes and quaint local shops.",4.3,63,3
Suva,Fiji,City Trip Nature Landscape,"Tropical breezes mingle with the vibrant bustle of markets and the warmth of welcoming locals, creating an inviting and lively atmosphere.",4.4,99,3
San Marino Historic Centre and Mount Titano,San Marino,Cultural Europe and North America Historic Landmark World Heritage," San Marino Historic Centre and Mount Titano covers 55 ha, including Mount Titano and the historic centre of the city which dates back to the foundation of the republic as a city-state in the 13th century. San Marino is inscribed as a testimony to the continuity of a free republic since the Middle Ages. The inscribed city centre includes fortification towers, walls, gates and bastions, as well as a neo-classical basilica of the 19th century, 14th and 16th century convents, and the Palazzo Publico of the 19th century, as well as the 18th century Titano Theatre. The property represents an historical centre still inhabited and preserving all its institutional functions. Thanks to its position on top of Mount Titano, it was not affected by the urban transformations that have occurred from the advent of the industrial era to today. ",4.8,54,3
Buddhist Ruins of Takht-i-Bahi and Neighbouring City Remains at Sahr-i-Bahlol,Pakistan,Cultural Asia and the Pacific Historic Landmark World Heritage," The Buddhist monastic complex of Takht-i-Bahi (Throne of Origins) was founded in the early 1st century. Owing to its location on the crest of a high hill, it escaped successive invasions and is still exceptionally well preserved. Nearby are the ruins of Sahr-i-Bahlol, a small fortified city dating from the same period. ",4.8,89,3
Medina of Sousse,Tunisia,Cultural Arab States Historic Landmark World Heritage," Sousse was an important commercial and military port during the Aghlabid period (800&ndash;909) and is a typical example of a town dating from the first centuries of Islam. With its kasbah, ramparts, medina (with the Great Mosque), Bu Ftata Mosque and typical ribat (both a fort and a religious building), Sousse was part of a coastal defence system. ",4.7,74,3
Three Parallel Rivers of Yunnan Protected Areas,China,Natural Asia and the Pacific Historic Landmark World Heritage," Consisting of eight geographical clusters of protected areas within the boundaries of the Three Parallel Rivers National Park, in the mountainous north-west of Yunnan Province, the 1.7 million hectare site features sections of the upper reaches of three of the great rivers of Asia: the Yangtze (Jinsha), Mekong and Salween run roughly parallel, north to south, through steep gorges which, in places, are 3,000 m deep and are bordered by glaciated peaks more than 6,000 m high. The site is an epicentre of Chinese biodiversity. It is also one of the richest temperate regions of the world in terms of biodiversity. ",5.0,52,2
Gonbad-e Qābus,Iran (Islamic Republic of),Cultural Asia and the Pacific Historic Landmark World Heritage," The 53&nbsp;m high tomb built in ad 1006 for Qābus Ibn Voshmgir, Ziyarid ruler and literati, near the ruins of the ancient city of Jorjan in north-east Iran, bears testimony to the cultural exchange between Central Asian nomads and the ancient civilization of Iran. The tower is the only remaining evidence of Jorjan, a former centre of arts and science that was destroyed during the Mongols&rsquo; invasion in the 14th and 15th centuries. It is an outstanding and technologically innovative example of Islamic architecture that influenced sacral building in Iran, Anatolia and Central Asia. Built of unglazed fired bricks, the monument&rsquo;s intricate geometric forms constitute a tapering cylinder with a diameter of 17&ndash;15.5&nbsp;m, topped by a conical brick roof. It illustrates the development of mathematics and science in the Muslim world at the turn of the first millennium AD. ",4.9,65,1
Central Sikhote-Alin,Russian Federation,Natural Europe and North America Historic Landmark World Heritage," The Sikhote-Alin mountain range contains one of the richest and most unusual temperate forests of the world. In this mixed zone between taiga and subtropics, southern species such as the tiger and Himalayan bear cohabit with northern species such as the brown bear and lynx. After its extension in 2018, the property includes the Bikin River Valley, located about 100 km to the north of the existing site. It encompasses the South-Okhotsk dark coniferous forests and the East-Asian coniferous broadleaf forests. The fauna includes species of the taiga alongside southern Manchurian species. It includes notable mammals such as the Amur Tiger, Siberian Musk Deer, Wolverine and Sable. ",4.9,94,3
Rjukan-Notodden Industrial Heritage Site,Norway,Cultural Europe and North America Historic Landmark World Heritage," Located in a dramatic landscape of mountains, waterfalls and river valleys, the site comprises hydroelectric power plants, transmission lines, factories, transport systems and towns. The complex was established by the Norsk-Hydro Company to manufacture artificial fertilizer from nitrogen in the air. It was built to meet the Western world’s growing demand for agricultural production in the early 20th century. The company towns of Rjukan and Notodden show workers’ accommodation and social institutions linked by rail and ferry to ports where the fertilizer was loaded. The Rjukan-Notodden site manifests an exceptional combination of industrial assets and themes associated to the natural landscape. It stands out as an example of a new global industry in the early 20th century. ",5.0,59,3
Fossil Hominid Sites of South Africa,South Africa,Cultural Africa Historic Landmark World Heritage," The Taung Skull Fossil Site, part of the extension to the site inscribed in 1999, is the place where in 1924 the celebrated Taung Skull &ndash; a specimen of the species Australopithecus africanus &ndash; was found. Makapan Valley, also in the site, features in its many archaeological caves traces of human occupation and evolution dating back some 3.3 million years. The area contains essential elements that define the origin and evolution of humanity. Fossils found there have enabled the identification of several specimens of early hominids, more particularly of Paranthropus, dating back between 4.5 million and 2.5 million years, as well as evidence of the domestication of fire 1.8 million to 1 million years ago. ",4.7,56,3
Bergpark Wilhelmshöhe,Germany,Cultural Europe and North America Historic Landmark World Heritage," Descending a long hill dominated by a giant statue of Hercules, the monumental water displays of Wilhelmsh&ouml;he&nbsp;were begun by Landgrave Carl of Hesse-Kassel in 1689 around an east-west axis and were developed further into the 19th century. Reservoirs and channels behind the Hercules Monument supply water to a complex system of hydro-pneumatic devices that supply the site&rsquo;s large Baroque water theatre, grotto, fountains and 350-metre long Grand Cascade. Beyond this, channels and waterways wind across the axis, feeding a series of dramatic waterfalls and wild rapids, the geyser-like Grand Fountain which leaps 50m high, the lake and secluded ponds that enliven the Romantic garden created in the 18th century by Carl&rsquo;s great-grandson, Elector Wilhelm I. The great size of the park and its waterworks along with the towering Hercules statue constitute an expression of the ideals of absolutist Monarchy while the ensemble is a remarkable testimony to the aesthetics of the Baroque and Romantic periods. ",4.6,70,1
Madriu-Perafita-Claror Valley,Andorra,Cultural Europe and North America Historic Landmark World Heritage," The cultural landscape of Madriu-Perafita-Claror Valley offers a microcosmic perspective of the way people have harvested the resources of the high Pyrenees over millennia. Its dramatic glacial landscapes of craggy cliffs and glaciers, with high open pastures and steep wooded valleys, covers an area of 4,247 ha, 9% of the total area of the principality. It reflects past changes in climate, economic fortune and social systems, as well as the persistence of pastoralism and a strong mountain culture, notably the survival of a communal land-ownership system dating back to the 13th century. The site features houses, notably summer settlements, terraced fields, stone tracks and evidence of iron smelting. ",4.9,75,3
Wadi Rum Protected Area,Jordan,Mixed Arab States Historic Landmark World Heritage," The 74,000-hectare property, inscribed as a mixed natural and cultural site, is situated in southern Jordan, near the border with Saudi Arabia. It features a varied desert landscape consisting of a range of narrow gorges, natural arches, towering cliffs, ramps, massive landslides and caverns. Petroglyphs, inscriptions and archaeological remains in the site testify to 12,000 years of human occupation and interaction with the natural environment. The combination of 25,000 rock carvings with 20,000 inscriptions trace the evolution of human thought and the early development of the alphabet. The site illustrates the evolution of pastoral, agricultural and urban activity in the region. ",4.9,92,2
Essaouira,Morocco,City Trip Nature Landscape Culture History Art Beach Sea Tropical,"Charming coastal breezes mix with the vibrant hum of bustling souks and the scent of fresh seafood, creating a laid-back, inviting atmosphere.",4.3,97,1
Luang Prabang,Laos,City Trip Nature Landscape Culture History Art,"Serene streets lined with French colonial architecture, vibrant night markets, and the gentle flow of the Mekong River create a peaceful, timeless charm.",4.8,82,1
Valongo Wharf Archaeological Site,Brazil,Cultural Latin America and the Caribbean Historic Landmark World Heritage," Valongo Wharf Archaeological Site is located in central Rio de Janeiro and encompasses the entirety of Jornal do Comércio Square. It is in the former harbour area of Rio de Janeiro in which the old stone wharf was built for the landing of enslaved Africans reaching the South American continent from 1811 onwards. An estimated 900,000 Africans arrived in South America via Valongo. The site is composed of several archaeological layers, the lowest of which consists of floor pavings in pé de moleque style, attributed to the original Valongo Wharf. It is the most important physical trace of the arrival of African slaves on the American continent. ",4.8,89,2
Puebla,Mexico,City Trip Culture History Art,"Cobblestone streets filled with vibrant colors, lively markets, and the aroma of rich mole create an inviting and warm atmosphere.",4.5,94,3
Ephesus,Turkey,Cultural Europe and North America Historic Landmark World Heritage," Located within what was once the estuary of the River Kaystros, Ephesus comprises successive Hellenistic and Roman settlements founded on new locations, which followed the coastline as it retreated westward. Excavations have revealed grand monuments of the Roman Imperial period including the Library of Celsus and the Great Theatre. Little remains of the famous Temple of Artemis, one of the “Seven Wonders of the World,” which drew pilgrims from all around the Mediterranean. Since the 5th century, the House of the Virgin Mary, a domed cruciform chapel seven kilometres from Ephesus, became a major place of Christian pilgrimage. The Ancient City of Ephesus is an outstanding example of a Roman port city, with sea channel and harbour basin. ",4.9,69,1
"Kiev: Saint-Sophia Cathedral and Related Monastic Buildings, Kiev-Pechersk Lavra",Ukraine,Cultural Europe and North America Historic Landmark World Heritage," Designed to rival Hagia Sophia in Constantinople, Kiev's Saint-Sophia Cathedral symbolizes the 'new Constantinople', capital of the Christian principality of Kiev, which was created in the 11th century in a region evangelized after the baptism of St Vladimir in 988. The spiritual and intellectual influence of Kiev-Pechersk Lavra contributed to the spread of Orthodox thought and the Orthodox faith in the Russian world from the 17th to the 19th century. ",4.7,74,2
Complex of Hué Monuments,Viet Nam,Cultural Asia and the Pacific Historic Landmark World Heritage," Established as the capital of unified Viet Nam in 1802, Hu&eacute; was not only the political but also the cultural and religious centre under the Nguyen dynasty until 1945. The Perfume River winds its way through the Capital City, the Imperial City, the Forbidden Purple City and the Inner City, giving this unique feudal capital a setting of great natural beauty. ",4.8,90,1
Rijeka,Croatia,City Trip Nature Landscape Culture History Art,"Coastal breezes meet lively streets filled with music and laughter, while historic architecture and vibrant markets create a welcoming, dynamic atmosphere.",4.7,80,3
Stari Grad Plain,Croatia,Cultural Europe and North America Historic Landmark World Heritage," Stari Grad Plain on the Adriatic island of Hvar is a cultural landscape that has remained practically intact since it was first colonized by Ionian Greeks from Paros in the 4th century BC. The original agricultural activity of this fertile plain, mainly centring on grapes and olives, has been maintained since Greek times to the present. The site is also a natural reserve. The landscape features ancient stone walls and trims, or small stone shelters, and bears testimony to the ancient geometrical system of land division used by the ancient Greeks, the chora which has remained virtually intact over 24 centuries. ",4.7,72,3
Galápagos Islands,Ecuador,City Trip Nature Landscape Adventure Hiking Beach Sea Tropical,"Pristine landscapes teeming with unique wildlife create an atmosphere of untouched beauty, where every moment feels like an intimate encounter with nature.",4.3,61,5
Sal,Cape Verde,City Trip Beach Sea Tropical,"Golden beaches meet turquoise waters under a sun that never seems to set, creating a laid-back vibe perfect for unwinding.",4.4,73,3
Ancient City of Aleppo,Syrian Arab Republic,Cultural Arab States Historic Landmark World Heritage," Located at the crossroads of several trade routes from the 2nd millennium B.C., Aleppo was ruled successively by the Hittites, Assyrians, Arabs, Mongols, Mamelukes and Ottomans. The 13th-century citadel, 12th-century Great Mosque and various 17th-century madrasas, palaces, caravanserais and hammams all form part of the city's cohesive, unique urban fabric, now threatened by overpopulation. ",4.5,86,2
Swiss Alps Jungfrau-Aletsch,Switzerland,Natural Europe and North America Historic Landmark World Heritage," The extension of the natural World Heritage property of Jungfrau - Aletsch - Bietschhorn (first inscribed in 2001), expands the site to the east and west, bringing its surface area up to 82,400 ha., up from 53,900. The site provides an outstanding example of the formation of the High Alps, including the most glaciated part of the mountain range and the largest glacier in Eurasia. It features a wide diversity of ecosystems, including successional stages due particularly to the retreat of glaciers resulting from climate change. The site is of outstanding universal value both for its beauty and for the wealth of information it contains about the formation of mountains and glaciers, as well as ongoing climate change. It is also invaluable in terms of the ecological and biological processes it illustrates, notably through plan succession. Its impressive landscape has played an important role in European art, literature, mountaineering and alpine tourism. ",4.6,74,3
Hallstatt-Dachstein / Salzkammergut Cultural Landscape,Austria,Cultural Europe and North America Historic Landmark World Heritage," Human activity in the magnificent natural landscape of the Salzkammergut began in prehistoric times, with the salt deposits being exploited as early as the 2nd millennium BC. This resource formed the basis of the area&rsquo;s prosperity up to the middle of the 20th century, a prosperity that is reflected in the fine architecture of the town of Hallstatt. ",4.8,62,2
Naumburg Cathedral,Germany,Cultural Europe and North America Historic Landmark World Heritage," Located in the eastern part of the Thuringian Basin, the Cathedral of Naumburg, whose construction began in 1028, is an outstanding testimony to medieval art and architecture. Its Romanesque structure, flanked by two Gothic choirs, demonstrates the stylistic transition from late Romanesque to early Gothic. The west choir, dating to the first half of the 13th century, reflects changes in religious practice and the appearance of science and nature in the figurative arts. The choir and life-size sculptures of the founders of the Cathedral are masterpieces of the workshop known as the ‘Naumburg Master’. ",4.8,84,3
La Paz,Bolivia,City Trip Nature Landscape Culture History Art Adventure Hiking,"High-altitude streets buzz with vibrant markets, colorful textiles, and a unique blend of indigenous culture and modern city life.",4.0,68,1
Sharm El Sheikh,Egypt,City Trip Nature Landscape Adventure Hiking Beach Sea Tropical Nightlife Party,Crystal-clear waters and vibrant coral reefs invite you to explore a world of underwater wonders while sun-drenched beaches promise pure relaxation.,3.8,72,3
Podgorica,Montenegro,City Trip Nature Landscape,"A blend of modern and traditional vibes, where lively streets meet serene parks, offering a warm and welcoming atmosphere.",4.0,91,1
"Ivrea, industrial city of the 20th century",Italy,Cultural Europe and North America Historic Landmark World Heritage," The industrial city of Ivrea is located in the Piedmont region and developed as the testing ground for Olivetti, manufacturer of typewriters, mechanical calculators and office computers. It comprises a large factory and buildings designed to serve the administration and social services, as well as residential units. Designed by leading Italian urban planners and architects, mostly between the 1930s and the 1960s, this architectural ensemble reflects the ideas of the Community Movement (Movimento Comunità). A model social project, Ivrea expresses a modern vision of the relationship between industrial production and architecture. ",4.9,83,2
Landscape of the Pico Island Vineyard Culture,Portugal,Cultural Europe and North America Historic Landmark World Heritage," The 987-ha site on the volcanic island of Pico, the second largest in the Azores archipelago, consists of a remarkable pattern of spaced-out, long linear walls running inland from, and parallel to, the rocky shore. The walls were built to protect the thousands of small, contiguous, rectangular plots (currais) from wind and seawater. Evidence of this viniculture, whose origins date back to the 15th century, is manifest in the extraordinary assembly of the fields, in houses and early 19th-century manor houses, in wine-cellars, churches and ports. The extraordinarily beautiful man-made landscape of the site is the best remaining area of a once much more widespread practice. ",4.6,63,1
"Ferrara, City of the Renaissance, and its Po Delta",Italy,Cultural Europe and North America Historic Landmark World Heritage," Ferrara, which grew up around a ford over the River Po, became an intellectual and artistic centre that attracted the greatest minds of the Italian Renaissance in the 15th and 16th centuries. Here, Piero della Francesca, Jacopo Bellini and Andrea Mantegna decorated the palaces of the House of Este. The humanist concept of the 'ideal city' came to life here in the neighbourhoods built from 1492 onwards by Biagio Rossetti according to the new principles of perspective. The completion of this project marked the birth of modern town planning and influenced its subsequent development. ",4.7,85,2
Choirokoitia,Cyprus,Cultural Europe and North America Historic Landmark World Heritage," The Neolithic settlement of Choirokoitia, occupied from the 7th to the 4th millennium B.C., is one of the most important prehistoric sites in the eastern Mediterranean. Its remains and the finds from the excavations there have thrown much light on the evolution of human society in this key region. Since only part of the site has been excavated, it forms an exceptional archaeological reserve for future study. ",4.8,83,3
Bucharest,Romania,City Trip Culture History Art Nightlife Party,"Tree-lined boulevards, eclectic architecture, and lively squares invite you to explore a city where history and modernity coexist seamlessly.",5.0,75,1
Sulaiman-Too Sacred Mountain,Kyrgyzstan,Cultural Asia and the Pacific Historic Landmark World Heritage," Sulaiman-Too Sacred Mountain Kyrgyzstan dominates the Fergana Valley and forms the backdrop to the city of Osh, at the crossroads of important routes on the Central Asian Silk Roads. For more than one and a half millennia, Sulaiman was a beacon for travellers revered as a sacred mountain. Its five peaks and slopes contain numerous ancient places of worship and caves with petroglyphs as well as two largely reconstructed 16th century mosques. One hundred and one sites with petroglyphs representing humans and animals as well as geometrical forms have been indexed in the property so far. The site numbers 17 places of worship, which are still in use, and many that are not. Dispersed around the mountain peaks they are connected by footpaths. The cult sites are believed to provide cures for barrenness, headaches, and back pain and give the blessing of longevity. Veneration for the mountain blends pre-Islamic and Islamic beliefs. The site is believed to represent the most complete example of a sacred mountain anywhere in Central Asia, worshipped over several millennia. ",4.8,72,1
"La Grand-Place, Brussels",Belgium,Cultural Europe and North America Historic Landmark World Heritage," La Grand-Place in Brussels is a remarkably homogeneous body of public and private buildings, dating mainly from the late 17th century. The architecture provides a vivid illustration of the level of social and cultural life of the period in this important political and commercial centre. ",4.8,91,1
Crete,Greece,City Trip Nature Landscape Culture History Art Adventure Hiking Beach Sea Tropical,"Sun-drenched beaches, ancient ruins, and vibrant local markets create a tapestry of experiences that feel both timeless and refreshingly alive.",4.3,97,3
Messel Pit Fossil Site,Germany,Natural Europe and North America Historic Landmark World Heritage," Messel Pit is the richest site in the world for understanding the living environment of the Eocene, between 57 million and 36 million years ago. In particular, it provides unique information about the early stages of the evolution of mammals and includes exceptionally well-preserved mammal fossils, ranging from fully articulated skeletons to the contents of stomachs of animals of this period. ",4.5,94,3
Noumea,New Caledonia,City Trip Nature Landscape Beach Sea Tropical,"A tropical blend of French sophistication and island charm, with vibrant markets, azure waters, and a laid-back, sun-soaked vibe.",3.5,90,5
Rock Art of the Mediterranean Basin on the Iberian Peninsula,Spain,Cultural Europe and North America Historic Landmark World Heritage, The late prehistoric rock-art sites of the Mediterranean seaboard of the Iberian peninsula form an exceptionally large group. Here the way of life during a critical phase of human development is vividly and graphically depicted in paintings whose style and subject matter are unique. ,4.6,91,3
Te Wahipounamu – South West New Zealand,New Zealand,Natural Asia and the Pacific Historic Landmark World Heritage," The landscape in this park, situated in south-west New Zealand, has been shaped by successive glaciations into fjords, rocky coasts, towering cliffs, lakes and waterfalls. Two-thirds of the park is covered with southern beech and podocarps, some of which are over 800 years old. The kea, the only alpine parrot in the world, lives in the park, as does the rare and endangered takahe, a large flightless bird. ",4.7,90,1
Ban Chiang Archaeological Site,Thailand,Cultural Asia and the Pacific Historic Landmark World Heritage," Ban Chiang is considered the most important prehistoric settlement so far discovered in South-East Asia. It marks an important stage in human cultural, social and technological evolution. The site presents the earliest evidence of farming in the region and of the manufacture and use of metals. ",4.5,81,3
Fatehpur Sikri,India,Cultural Asia and the Pacific Historic Landmark World Heritage," Built during the second half of the 16th century by the Emperor Akbar, Fatehpur Sikri (the City of Victory) was the capital of the Mughal Empire for only some 10 years. The complex of monuments and temples, all in a uniform architectural style, includes one of the largest mosques in India, the Jama Masjid. ",4.5,52,3
"Cathedral, Torre Civica and Piazza Grande, Modena",Italy,Cultural Europe and North America Historic Landmark World Heritage," The magnificent 12th-century cathedral at Modena, the work of two great artists (Lanfranco and Wiligelmus), is a supreme example of early Romanesque art. With its piazza and soaring tower, it testifies to the faith of its builders and the power of the Canossa dynasty who commissioned it. ",4.9,67,1
Astana,Kazakhstan,City Trip,"Futuristic architecture and expansive boulevards create a surreal atmosphere, blending modernity with cultural depth, offering an intriguing and unique urban experience.",3.6,77,3
Wet Tropics of Queensland,Australia,Natural Asia and the Pacific Historic Landmark World Heritage," This area, which stretches along the north-east coast of Australia for some 450 km, is made up largely of tropical rainforests. This biotope offers a particularly extensive and varied array of plants, as well as marsupials and singing birds, along with other rare and endangered animals and plant species. ",4.9,73,1
Archaeological Area and the Patriarchal Basilica of Aquileia,Italy,Cultural Europe and North America Historic Landmark World Heritage," Aquileia (in Friuli-Venezia Giulia), one of the largest and wealthiest cities of the Early Roman Empire, was destroyed by Attila in the mid-5th century. Most of it still lies unexcavated beneath the fields, and as such it constitutes the greatest archaeological reserve of its kind. The patriarchal basilica, an outstanding building with an exceptional mosaic pavement, played a key role in the evangelization of a large region of central Europe. ",4.9,82,2
Tunis,Tunisia,City Trip Culture History Art,"Wander through bustling souks and historic medinas, where the scent of spices and the call to prayer create an enchanting atmosphere.",4.8,87,1
Sicily,Italy,City Trip Nature Landscape Culture History Art Beach Sea Tropical,"Sun-drenched landscapes, aromatic citrus groves, and vibrant markets create a sensory feast, while ancient ruins whisper stories of a rich, layered history.",3.5,71,3
Lamu Old Town,Kenya,Cultural Africa Historic Landmark World Heritage," Lamu Old Town is the oldest and best-preserved Swahili settlement in East Africa, retaining its traditional functions. Built in coral stone and mangrove timber, the town is characterized by the simplicity of structural forms enriched by such features as inner courtyards, verandas, and elaborately carved wooden doors. Lamu has hosted major Muslim religious festivals since the 19th century, and has become a significant centre for the study of Islamic and Swahili cultures. ",5.0,54,3
Caves and Ice Age Art in the Swabian Jura,Germany,Cultural Europe and North America Historic Landmark World Heritage," Modern humans first arrived in Europe 43,000 years ago during the last ice age. One of the areas where they took up residence was the Swabian Jura in southern Germany. Excavated from the 1860s, six caves have revealed items dating from 43,000 to 33,000 years ago. Among them are carved figurines of animals (including cave lions, mammoths, horses and bovids), musical instruments and items of personal adornment. Other figurines depict creatures that are half animal, half human and there is one statuette of a woman. These archaeological sites feature some of the oldest figurative art worldwide and help shed light on the origins of human artistic development. ",5.0,51,1
Mount Wuyi,China,Mixed Asia and the Pacific Historic Landmark World Heritage," Mount Wuyi is the most outstanding area for biodiversity conservation in south-east China and a refuge for a large number of ancient, relict species, many of them endemic to China. The serene beauty of the dramatic gorges of the Nine Bend River, with its numerous temples and monasteries, many now in ruins, provided the setting for the development and spread of neo-Confucianism, which has been influential in the cultures of East Asia since the 11th century. In the 1st century B.C. a large administrative capital was built at nearby Chengcun by the Han dynasty rulers. Its massive walls enclose an archaeological site of great significance. ",4.7,63,1
"Architectural, Residential and Cultural Complex of the Radziwill Family at Nesvizh",Belarus,Cultural Europe and North America Historic Landmark World Heritage," The Architectural, Residential and Cultural Complex of the Radziwill Family at Nesvizh is located in central Belarus. The Radziwill dynasty, who built and kept the ensemble from the 16th century until 1939, gave birth to some of the most important personalities in European history and culture. Due to their efforts, the town of Nesvizh came to exercise great influence in the sciences, arts, crafts and architecture. The complex consists of the residential castle and the mausoleum Church of Corpus Christi with their setting. The castle has ten interconnected buildings, which developed as an architectural whole around a six-sided courtyard. The palaces and church became important prototypes marking the development of architecture throughout Central Europe and Russia. ",4.9,61,1
Shiretoko,Japan,Natural Asia and the Pacific Historic Landmark World Heritage," Shiretoko Peninsula is located in the north-east of Hokkaido, the northernmost island of Japan. The site includes the land from the central part of the peninsula to its tip (Shiretoko Cape) and the surrounding marine area. It provides an outstanding example of the interaction of marine and terrestrial ecosystems as well as extraordinary ecosystem productivity, largely influenced by the formation of seasonal sea ice at the lowest latitude in the northern hemisphere. It has particular importance for a number of marine and terrestrial species, some of them endangered and endemic, such as Blackiston&rsquo;s fish owl and the Viola kitamiana plant. The site is globally important for threatened seabirds and migratory birds, a number of salmonid species, and for marine mammals including Steller&rsquo;s sea lion and some cetacean species. ",4.7,85,2
Cuzco,Peru,City Trip Nature Landscape Culture History Art Adventure Hiking,"Cobblestone streets, vibrant markets, and the scent of fresh Andean cuisine surround you in a city where ancient history meets lively modern culture.",4.6,91,1
Erbil Citadel,Iraq,Cultural Arab States Historic Landmark World Heritage," Erbil Citadel is a fortified settlement on top of an imposing ovoid-shaped tell (a hill created by many generations of people living and rebuilding on the same spot) in the Kurdistan region, Erbil Governorate. A continuous wall of tall 19th-century façades still conveys the visual impression of an impregnable fortress, dominating the city of Erbil. The citadel features a peculiar fan-like pattern dating back to Erbil’s late Ottoman phase. Written and iconographic historical records document the antiquity of settlement on the site – Erbil corresponds to ancient Arbela, an important Assyrian political and religious centre – while archaeological finds and investigations suggest that the mound conceals the levels and remains of previous settlements. ",4.7,56,3
Group of Monuments at Hampi,India,Cultural Asia and the Pacific Historic Landmark World Heritage," The austere, grandiose site of Hampi was the last capital of the last great Hindu Kingdom of Vijayanagar. Its fabulously rich princes built Dravidian temples and palaces which won the admiration of travellers between the 14th and 16th centuries. Conquered by the Deccan Muslim confederacy in 1565, the city was pillaged over a period of six months before being abandoned. ",4.9,58,2
Archaeological Site of Ani,Turkey,Cultural Europe and North America Historic Landmark World Heritage," This site is located on a secluded plateau of northeast Turkey overlooking a ravine that forms a natural border with Armenia. This medieval city combines residential, religious and military structures, characteristic of a medieval urbanism built up over the centuries by Christian and then Muslim dynasties. The city flourished in the 10th and 11th centuries CE when it became the capital of the medieval Armenian kingdom of the Bagratides and profited from control of one branch of the Silk Road. Later, under Byzantine, Seljuk and Georgian sovereignty, it maintained its status as an important crossroads for merchant caravans. The Mongol invasion and a devastating earthquake in 1319 marked the beginning of the city’s decline. The site presents a comprehensive overview of the evolution of medieval architecture through examples of almost all the different architectural innovations of the region between the 7th and 13th centuries CE. ",4.6,65,2
Sedona,United States,City Trip Nature Landscape Adventure Hiking,"Red rock formations create a stunning backdrop for peaceful hikes, art galleries, and spiritual retreats, offering a serene escape from the everyday hustle.",3.5,63,3
Gorham's Cave Complex,United Kingdom of Great Britain and Northern Ireland,Cultural Europe and North America Historic Landmark World Heritage," The steep limestone cliffs on the eastern side of the Rock of Gibraltar contain four caves with archaeological and paleontological deposits that provide evidence of Neanderthal occupation over a span of more than 100,000 years. This exceptional testimony to the cultural traditions of the Neanderthals is seen notably in evidence of the hunting of birds and marine animals for food, the use of feathers for ornamentation and the presence of abstract rock engravings. Scientific research on these sites has already contributed substantially to debates about Neanderthal and human evolution.  ",4.9,72,2
Historic Centre of Brugge,Belgium,Cultural Europe and North America Historic Landmark World Heritage," Brugge is an outstanding example of a medieval historic settlement, which has maintained its historic fabric as this has evolved over the centuries, and where original Gothic constructions form part of the town's identity. As one of the commercial and cultural capitals of Europe, Brugge developed cultural links to different parts of the world. It is closely associated with the school of Flemish Primitive painting. ",5.0,94,2
Las Vegas,United States,City Trip Nightlife Party,"Bright lights and endless energy create an exhilarating atmosphere, where entertainment options are as vast and varied as the desert surrounding it.",4.1,77,5
Fortress of Suomenlinna,Finland,Cultural Europe and North America Historic Landmark World Heritage," Built in the second half of the 18th century by Sweden on a group of islands located at the entrance of Helsinki's harbour, this fortress is an especially interesting example of European military architecture of the time. ",4.9,93,1
Almaty,Kazakhstan,City Trip Nature Landscape Culture History Art Adventure Hiking,"Nestled beneath snow-capped mountains, the city offers a blend of Soviet-era charm and vibrant modern culture, with bustling markets and serene parks.",4.1,92,3
Petra,Jordan,City Trip Nature Landscape Culture History Art Adventure Hiking,"Wandering through ancient canyons, you'll feel the echoes of history in the rose-red stone, with every step revealing stunning, time-worn architecture.",4.2,73,3
Historic Centre of Florence,Italy,Cultural Europe and North America Historic Landmark World Heritage," Built on the site of an Etruscan settlement, Florence, the symbol of the Renaissance, rose to economic and cultural pre-eminence under the Medici in the 15th and 16th centuries. Its 600 years of extraordinary artistic activity can be seen above all in the 13th-century cathedral (Santa Maria del Fiore), the Church of Santa Croce, the Uffizi and the Pitti Palace, the work of great masters such as Giotto, Brunelleschi, Botticelli and Michelangelo. ",4.5,65,2
Royal Tombs of the Joseon Dynasty,Republic of Korea,Cultural Asia and the Pacific Historic Landmark World Heritage," The Royal Tombs of the Joseon Dynasty form a collection of 40 tombs scattered over 18 locations. Built over five centuries, from 1408 to 1966, the tombs honoured the memory of ancestors, showed respect for their achievements, asserted royal authority, protected ancestral spirits from evil and provided protection from vandalism. Spots of outstanding natural beauty were chosen for the tombs which typically have their back protected by a hill as they face south toward water and, ideally, layers of mountain ridges in the distance. Alongside the burial area, the royal tombs feature a ceremonial area and an entrance. In addition to the burial mounds, associated buildings that are an integral part of the tombs include a T-shaped wooden shrine, a shed for stele, a royal kitchen and a guards&rsquo; house, a red-spiked gate and the tomb keeper&rsquo;s house. The grounds are adorned on the outside with a range of stone objects including figures of people and animals. The Joseon Tombs completes the 5,000 year history of royal tombs architecture in the Korean peninsula. ",4.6,91,3
Saryarka – Steppe and Lakes of Northern Kazakhstan,Kazakhstan,Natural Asia and the Pacific Historic Landmark World Heritage," Saryarka - Steppe and Lakes of Northern Kazakhstan comprises two protected areas: Naurzum State Nature Reserve and Korgalzhyn State Nature Reserve totalling 450,344 ha. It features wetlands of outstanding importance for migratory water birds, including globally threatened species, among them the extremely rare Siberian white crane, the Dalmatian pelican, Pallas&rsquo;s fish eagle, to name but a few. These wetlands are key stopover points and crossroads on the Central Asian flyway of birds from Africa, Europe and South Asia to their breeding places in Western and Eastern Siberia. The 200,000 ha Central Asian steppe areas included in the property provide a valuable refuge for over half the species of the region&rsquo;s steppe flora, a number of threatened bird species and the critically endangered Saiga antelope, formerly an abundant species much reduced by poaching. The property includes two groups of fresh and salt water lakes situated on a watershed between rivers flowing north to the Arctic and south into the Aral-Irtysh basin. ",4.7,94,1
Guadalajara,Mexico,City Trip Culture History Art Nightlife Party,"Colorful streets, lively mariachi music, and the rich aroma of street food create an inviting blend of tradition and modernity.",4.0,97,3
Garamba National Park,Democratic Republic of the Congo,Natural Africa Historic Landmark World Heritage," The park's immense savannahs, grasslands and woodlands, interspersed with gallery forests along the river banks and the swampy depressions, are home to four large mammals: the elephant, giraffe, hippopotamus and above all the white rhinoceros. Though much larger than the black rhino, it is harmless; only some 30 individuals remain. ",4.9,70,2
Halifax,Canada,City Trip Nature Landscape Culture History Art,"Charming coastal vibes blend with historic architecture, lively pubs, and the salty breeze, creating an inviting and laid-back maritime atmosphere.",3.6,81,3
Santa Cruz,Bolivia,City Trip Nature Landscape Adventure Hiking,"Vibrant streets buzz with the energy of lively markets and the aroma of street food, set against a backdrop of lush green parks.",3.8,73,1
Routes of Santiago de Compostela: <i>Camino Francés</i> and Routes of Northern Spain ,Spain,Cultural Europe and North America Historic Landmark World Heritage," A network of four Christian pilgrimage routes in northern Spain, the site is an extension of the Route of Santiago de Compostela, a serial site inscribed on the World Heritage List in 1993. The extension represents a network of almost 1,500 km: coastal, interior of the Basque Country–La Rioja, Liébana and primitive routes. It includes a built heritage of historical importance created to meet the needs of pilgrims, including cathedrals, churches, hospitals, hostels and even bridges. The extension encompasses some of the earliest pilgrimage routes to Santiago de Compostela, following the discovery in the 9thcentury of a tomb believed to be that of St. James the Greater. ",4.9,69,1
Monarch Butterfly Biosphere Reserve,Mexico,Natural Latin America and the Caribbean Historic Landmark World Heritage," The 56,259 ha biosphere lies within rugged forested mountains about 100 km northwest of Mexico City. Every autumn, millions, perhaps a billion, butterflies from wide areas of North America return to the site and cluster on small areas of the forest reserve, colouring its trees orange and literally bending their branches under their collective weight. In the spring, these butterflies begin an 8 month migration that takes them all the way to Eastern Canada and back, during which time four successive generations are born and die. How they find their way back to their overwintering site remains a mystery. ",4.5,86,3
Mount Taishan,China,Mixed Asia and the Pacific Historic Landmark World Heritage," The sacred Mount Tai ('shan' means 'mountain') was the object of an imperial cult for nearly 2,000 years, and the artistic masterpieces found there are in perfect harmony with the natural landscape. It has always been a source of inspiration for Chinese artists and scholars and symbolizes ancient Chinese civilizations and beliefs. ",4.9,87,2
Puerto-Princesa Subterranean River National Park,Philippines,Natural Asia and the Pacific Historic Landmark World Heritage," This park features a spectacular limestone karst landscape with an underground river. One of the river's distinguishing features is that it emerges directly into the sea, and its lower portion is subject to tidal influences. The area also represents a significant habitat for biodiversity conservation. The site contains a full 'mountain-to-sea' ecosystem and has some of the most important forests in Asia. ",4.9,74,1
Mammoth Cave National Park,United States of America,Natural Europe and North America Historic Landmark World Heritage," Mammoth Cave National Park, located in the state of Kentucky, has the world's largest network of natural caves and underground passageways, which are characteristic examples of limestone formations. The park and its underground network of more than 560 surveyed km of passageways are home to a varied flora and fauna, including a number of endangered species. ",4.7,77,3
Frontiers of the Roman Empire,"Germany,United Kingdom of Great Britain and Northern Ireland",Cultural Europe and North America Historic Landmark World Heritage," The ‘Roman Limes’ represents the border line of the Roman Empire at its greatest extent in the 2nd century AD. It stretched over 5,000 km from the Atlantic coast of northern Britain, through Europe to the Black Sea, and from there to the Red Sea and across North Africa to the Atlantic coast. The remains of the Limes today consist of vestiges of built walls, ditches, forts, fortresses, watchtowers and civilian settlements. Certain elements of the line have been excavated, some reconstructed and a few destroyed. The two sections of the Limes in Germany cover a length of 550 km from the north-west of the country to the Danube in the south-east. The 118-km-long Hadrian’s Wall (UK) was built on the orders of the Emperor Hadrian c. AD 122 at the northernmost limits of the Roman province of Britannia. It is a striking example of the organization of a military zone and illustrates the defensive techniques and geopolitical strategies of ancient Rome. The Antonine Wall, a 60-km long fortification in Scotland was started by Emperor Antonius Pius in 142 AD as a defense against the “barbarians” of the north. It constitutes the northwestern-most portion of the Roman Limes. ",4.6,53,2
Gyeongju Historic Areas,Republic of Korea,Cultural Asia and the Pacific Historic Landmark World Heritage," The Gyeongju Historic Areas contain a remarkable concentration of outstanding examples of Korean Buddhist art, in the form of sculptures, reliefs, pagodas, and the remains of temples and palaces from the flowering, in particular between the 7th and 10th centuries, of this form of unique artistic expression. ",5.0,82,3
Garrison Border Town of Elvas and its Fortifications,Portugal,Cultural Europe and North America Historic Landmark World Heritage," The site, extensively fortified from the 17th to 19th centuries, represents the largest bulwarked dry-ditch system in the world. Within its walls, the town contains barracks and other military buildings as well as churches and monasteries. While Elvas contains remains dating back to the 10th century ad, its fortification began when Portugal regained independence in 1640. The fortifications designed by Dutch Jesuit padre Cosmander represent the best surviving example of the Dutch school of fortifications anywhere. The site also contains the Amoreira aqueduct, built to enable the stronghold to withstand lengthy sieges. ",4.6,61,1
Amsterdam,Netherlands,City Trip Culture History Art Nightlife Party,"Charming canals wind through vibrant neighborhoods, where historic architecture meets cozy cafés and the air buzzes with a creative energy.",4.1,69,3
Mir Castle Complex,Belarus,Cultural Europe and North America Historic Landmark World Heritage," The construction of this castle began at the end of the 15th century, in Gothic style. It was subsequently extended and reconstructed, first in the Renaissance and then in the Baroque style. After being abandoned for nearly a century and suffering severe damage during the Napoleonic period, the castle was restored at the end of the 19th century, with the addition of a number of other elements and the landscaping of the surrounding area as a park. Its present form is graphic testimony to its often turbulent history. ",4.9,82,2
Monasteries of Haghpat and Sanahin,Armenia,Cultural Europe and North America Historic Landmark World Heritage," These two Byzantine monasteries in the Tumanian region from the period of prosperity during the Kiurikian dynasty (10th to 13th century) were important centres of learning. Sanahin was renown for its school of illuminators and calligraphers. The two monastic complexes represent the highest flowering of Armenian religious architecture, whose unique style developed from a blending of elements of Byzantine ecclesiastical architecture and the traditional vernacular architecture of the Caucasian region. ",4.8,81,2
"Fujisan, sacred place and source of artistic inspiration",Japan,Cultural Asia and the Pacific Historic Landmark World Heritage," The beauty of the solitary, often snow-capped, stratovolcano, known around the world as Mount Fuji, rising above villages and tree-fringed sea and lakes has long been the object of pilgrimages and inspired artists and poets. The inscribed property consists of 25 sites which reflect the essence of Fujisan’s sacred and artistic landscape. In the 12th century, Fujisan became the centre of training for ascetic Buddhism, which included Shinto elements. On the upper 1,500-metre tier of the 3,776m mountain, pilgrim routes and crater shrines have been inscribed alongside sites around the base of the mountain including Sengen-jinja shrines, Oshi lodging houses, and natural volcanic features such as lava tree moulds, lakes, springs and waterfalls, which are revered as sacred. Its representation in Japanese art goes back to the 11th century, but 19th century woodblock prints of views, including those from sand beaches with pine tree groves have made Fujisan an internationally recognized icon of Japan and have had a deep impact on the development of Western art.  ",4.5,61,3
Anchorage,United States,City Trip Nature Landscape Adventure Hiking,"Surrounded by breathtaking mountains and vast wilderness, this city offers a refreshing blend of rugged adventure and cozy urban charm.",4.8,62,3
Munich,Germany,City Trip Culture History Art Nightlife Party,"Historic streets filled with the aroma of pretzels and beer, vibrant festivals, and a charming blend of tradition and modernity await.",4.0,83,3
Nubian Monuments from Abu Simbel to Philae,Egypt,Cultural Arab States Historic Landmark World Heritage," This outstanding archaeological area contains such magnificent monuments as the Temples of Ramses II at Abu Simbel and the Sanctuary of Isis at Philae, which were saved from the rising waters of the Nile thanks to the International Campaign launched by UNESCO, in 1960 to 1980. ",4.7,72,3
Aarhus,Denmark,City Trip Culture History Art,"Charming streets lined with modern architecture and cozy cafes create a welcoming atmosphere, with a vibrant cultural scene that feels refreshingly authentic.",4.1,68,3
Belize City,Belize,City Trip Nature Landscape Adventure Hiking,"A vibrant mix of Caribbean charm and colonial history, with bustling markets, colorful streets, and the gentle sound of the sea nearby.",3.5,61,3
Tokaj Wine Region Historic Cultural Landscape,Hungary,Cultural Europe and North America Historic Landmark World Heritage," The cultural landscape of Tokaj graphically demonstrates the long tradition of wine production in this region of low hills and river valleys. The intricate pattern of vineyards, farms, villages and small towns, with their historic networks of deep wine cellars, illustrates every facet of the production of the famous Tokaj wines, the quality and management of which have been strictly regulated for nearly three centuries. ",4.6,81,1
"Historic Area of Willemstad, Inner City and Harbour, Curaçao",Netherlands,Cultural Europe and North America Historic Landmark World Heritage, The people of the Netherlands established a trading settlement at a fine natural harbour on the Caribbean island of Curaçao in 1634. The town developed continuously over the following centuries. The modern town consists of several distinct historic districts whose architecture reflects not only European urban-planning concepts but also styles from the Netherlands and from the Spanish and Portuguese colonial towns with which Willemstad engaged in trade. ,4.6,89,2
Samarra Archaeological City,Iraq,Cultural Arab States Historic Landmark World Heritage," Samarra Archaeological City is the site of a powerful Islamic capital city that ruled over the provinces of the Abbasid Empire extending from Tunisia to Central Asia for a century. Located on both sides of the River Tigris 130 km north of Baghdad, the length of the site from north to south is 41.5 km; its width varying from 8 km to 4 km. It testifies to the architectural and artistic innovations that developed there and spread to the other regions of the Islamic world and beyond. The 9th-century Great Mosque and its spiral minaret are among the numerous remarkable architectural monuments of the site, 80% of which remain to be excavated. ",5.0,73,1
Australian Fossil Mammal Sites (Riversleigh / Naracoorte),Australia,Natural Asia and the Pacific Historic Landmark World Heritage," Riversleigh and Naracoorte, situated in the north and south respectively of eastern Australia, are among the world’s 10 greatest fossil sites. They are a superb illustration of the key stages of evolution of Australia’s unique fauna. ",4.8,74,3
Niagara Falls,Canada,City Trip Nature Landscape Adventure Hiking,"Roaring waters cascade with breathtaking power, mist hangs in the air, and the vibrant energy of nature leaves you in awe.",4.2,74,3
Viñales Valley,Cuba,Cultural Latin America and the Caribbean Historic Landmark World Heritage," The Vi&ntilde;ales valley is encircled by mountains and its landscape is interspersed with dramatic rocky outcrops. Traditional techniques are still in use for agricultural production, particularly of tobacco. The quality of this cultural landscape is enhanced by the vernacular architecture of its farms and villages, where a rich multi-ethnic society survives, illustrating the cultural development of the islands of the Caribbean, and of Cuba. ",4.6,77,1
Siena,Italy,City Trip Culture History Art,"Medieval streets wind through sunlit squares, where the aroma of fresh pasta mingles with the echoes of vibrant local life.",4.4,92,3
Upper Svaneti,Georgia,Cultural Europe and North America Historic Landmark World Heritage," Preserved by its long isolation, the Upper Svaneti region of the Caucasus is an exceptional example of mountain scenery with medieval-type villages and tower-houses. The village of Chazhashi still has more than 200 of these very unusual houses, which were used both as dwellings and as defence posts against the invaders who plagued the region. ",4.8,87,2
Historic Site of Lyon,France,Cultural Europe and North America Historic Landmark World Heritage," The long history of Lyon, which was founded by the Romans in the 1st century B.C. as the capital of the Three Gauls and has continued to play a major role in Europe's political, cultural and economic development ever since, is vividly illustrated by its urban fabric and the many fine historic buildings from all periods. ",4.6,75,3
Tanna Island,Vanuatu,City Trip Nature Landscape Culture History Art Adventure Hiking Beach Sea Tropical,"Lush jungles, volcanic landscapes, and welcoming locals create a serene and adventurous atmosphere, inviting you to explore and unwind.",3.9,88,3
Atlanta,United States,City Trip Culture History Art Nightlife Party,"Bustling streets lined with lush trees, vibrant arts scenes, and a welcoming Southern charm create a warm and dynamic urban experience.",4.8,75,3
Puglia,Italy,City Trip Nature Landscape Culture History Art Beach Sea Tropical,"Sun-drenched coastlines, charming whitewashed villages, and the aroma of olive groves create a serene and inviting atmosphere.",4.6,84,3
Ruins of the Buddhist Vihara at Paharpur,Bangladesh,Cultural Asia and the Pacific Historic Landmark World Heritage," Evidence of the rise of Mahayana Buddhism in Bengal from the 7th century onwards, Somapura Mahavira, or the Great Monastery, was a renowned intellectual centre until the 12th century. Its layout perfectly adapted to its religious function, this monastery-city represents a unique artistic achievement. With its simple, harmonious lines and its profusion of carved decoration, it influenced Buddhist architecture as far away as Cambodia. ",4.6,77,2
Villa Romana del Casale,Italy,Cultural Europe and North America Historic Landmark World Heritage," Roman exploitation of the countryside is symbolized by the Villa Romana del Casale (in Sicily), the centre of the large estate upon which the rural economy of the Western Empire was based. The villa is one of the most luxurious of its kind. It is especially noteworthy for the richness and quality of the mosaics which decorate almost every room; they are the finest mosaics in situ anywhere in the Roman world. ",4.7,57,2
Migratory Bird Sanctuaries along the Coast of Yellow Sea-Bohai Gulf of China (Phase I),China,Natural Asia and the Pacific Historic Landmark World Heritage,"The site features an intertidal mudflat system considered to be the largest in the world. These mudflats, as well as marshes and shoals, are exceptionally productive and serve as growth areas for many species of fish and crustaceans. The intertidal areas of the Yellow Sea/Gulf of Bohai are of global importance for the gathering of many migratory bird species that use the East Asian-Australasian flyway. Large gatherings of birds, including some of the world's most endangered species, depend on the coastline as a stopover to moult, rest, winter or nest.",4.9,82,2
Churches of Moldavia,Romania,Cultural Europe and North America Historic Landmark World Heritage," These eight churches of northern Moldavia, built from the late 15th century to the late 16th century, their external walls covered in fresco paintings, are masterpieces inspired by Byzantine art. They are authentic and particularly well preserved. Far from being mere wall decorations, the paintings form a systematic covering on all the facades and represent complete cycles of religious themes.Their exceptional composition, the elegance of the characters, and the harmony of the colors blend perfectly with the surrounding countryside. The interior and exterior walls of the Church of the Suceviţa Monastery are entirely decorated with mural paintings of the 16th century, and this church is the only one to show a representation of the ladder of St John Climacus. ",5.0,90,3
Lake Baikal,Russian Federation,Natural Europe and North America Historic Landmark World Heritage," Situated in south-east Siberia, the 3.15-million-ha Lake Baikal is the oldest (25 million years) and deepest (1,700 m) lake in the world. It contains 20% of the world's total unfrozen freshwater reserve. Known as the 'Galapagos of Russia', its age and isolation have produced one of the world's richest and most unusual freshwater faunas, which is of exceptional value to evolutionary science. ",5.0,92,3
Freiburg,Germany,City Trip Nature Landscape Culture History Art,"Charming cobblestone streets, lush greenery, and a welcoming vibe create a perfect blend of nature and history, inviting you to explore leisurely.",3.6,65,3
Historic Centre (Old Town) of Tallinn,Estonia,Cultural Europe and North America Historic Landmark World Heritage," The origins of Tallinn date back to the 13th century, when a castle was built there by the crusading knights of the Teutonic Order. It developed as a major centre of the Hanseatic League, and its wealth is demonstrated by the opulence of the public buildings (the churches in particular) and the domestic architecture of the merchants' houses, which have survived to a remarkable degree despite the ravages of fire and war in the intervening centuries. ",4.9,54,3
Siem Reap,Cambodia,City Trip Nature Landscape Culture History Art,"Ancient temples rise through the jungle mist, while bustling markets and vibrant street food create a lively, sensory-rich experience.",3.9,63,1
Saint Catherine Area,Egypt,Cultural Arab States Historic Landmark World Heritage," The Orthodox Monastery of St Catherine stands at the foot of Mount Horeb where, the Old Testament records, Moses received the Tablets of the Law. The mountain is known and revered by Muslims as Jebel Musa. The entire area is sacred to three world religions: Christianity, Islam, and Judaism. The Monastery, founded in the 6th century, is the oldest Christian monastery still in use for its initial function. Its walls and buildings of great significace to studies of Byzantine architecture and the Monastery houses outstanding collections of early Christian manuscripts and icons. The rugged mountainous landscape, containing numerous archaeological and religious sites and monuments, forms a perfect backdrop to the Monastery. ",4.7,77,1
Archaeological Landscape of the First Coffee Plantations in the South-East of Cuba,Cuba,Cultural Latin America and the Caribbean Historic Landmark World Heritage," The remains of the 19th-century coffee plantations in the foothills of the Sierra Maestra are unique evidence of a pioneer form of agriculture in a difficult terrain. They throw considerable light on the economic, social, and technological history of the Caribbean and Latin American region. ",4.6,51,1
Historic Centre of Santa Ana de los Ríos de Cuenca,Ecuador,Cultural Latin America and the Caribbean Historic Landmark World Heritage," Santa Ana de los R&iacute;os de Cuenca is set in a valley surrounded by the Andean mountains in the south of Ecuador. This inland colonial town (entroterra ), now the country's third city, was founded in 1557 on the rigorous planning guidelines issued 30 years earlier by the Spanish king Charles V. Cuenca still observes the formal orthogonal town plan that it has respected for 400 years. One of the region's agricultural and administrative centres, it has been a melting pot for local and immigrant populations. Cuenca's architecture, much of which dates from the 18th century, was 'modernized' in the economic prosperity of the 19th century as the city became a major exporter of quinine, straw hats and other products. ",4.9,92,2
Historic Centre of Vienna,Austria,Cultural Europe and North America Historic Landmark World Heritage," Vienna developed from early Celtic and Roman settlements into a Medieval and Baroque city, the capital of the Austro-Hungarian Empire. It played an essential role as a leading European music centre, from the great age of Viennese Classicism through the early part of the 20th century. The historic centre of Vienna is rich in architectural ensembles, including Baroque castles and gardens, as well as the late-19th-century Ringstrasse lined with grand buildings, monuments and parks. ",4.7,83,3
Iwami Ginzan Silver Mine and its Cultural Landscape,Japan,Cultural Asia and the Pacific Historic Landmark World Heritage," The Iwami Ginzan Silver Mine in the south-west of Honshu Island is a cluster of mountains, rising to 600 m and interspersed by deep river valleys featuring the archaeological remains of large-scale mines, smelting and refining sites and mining settlements worked between the 16th and 20th centuries. The site also features routes used to transport silver ore to the coast, and port towns from where it was shipped to Korea and China. The mines contributed substantially to the overall economic development of Japan and south-east Asia in the 16th and 17th centuries, prompting the mass production of silver and gold in Japan. The mining area is now heavily wooded. Included in the site are fortresses, shrines, parts of Kaid&ocirc; transport routes to the coast, and three port towns, Tomogaura, Okidomari and Yunotsu, from where the ore was shipped. ",4.6,84,2
South China Karst,China,Natural Asia and the Pacific Historic Landmark World Heritage," South China Karst is one of the world’s most spectacular examples of humid tropical to subtropical karst landscapes. It is a serial site spread over the provinces of Guizhou, Guangxi, Yunnan and Chongqing and covers 176,228 hectares. It contains the most significant types of karst landforms, including tower karst, pinnacle karst and cone karst formations, along with other spectacular characteristics such as natural bridges, gorges and large cave systems. The stone forests of Shilin are considered superlative natural phenomena and a world reference. The cone and tower karsts of Libo, also considered the world reference site for these types of karst, form a distinctive and beautiful landscape. Wulong Karst has been inscribed for its giant dolines (sinkholes), natural bridges and caves. ",4.6,89,1
Fanjingshan,China,Natural Asia and the Pacific Historic Landmark World Heritage," Located within the Wuling mountain range in Guizhou Province (south-west China), Fanjingshan ranges in altitude between 500 metres and 2,570 metres above sea level, favouring highly diverse types of vegetation and relief. It is an island of metamorphic rock in a sea of karst, home to many plant and animal species that originated in the Tertiary period, between 65 million and 2 million years ago. The property’s isolation has led to a high degree of biodiversity with endemic species, such as the Fanjingshan Fir (Abies fanjingshanensis) and the Guizhou Snub-nosed Monkey (Rhinopithecus brelichi), and endangered species, such as the Chinese Giant Salamander (Andrias davidianus), the Forest Musk Deer (Moschus berezovskii) and Reeve’s Pheasant (Syrmaticus reevesii). Fanjingshan has the largest and most contiguous primeval beech forest in the subtropical region. ",4.8,59,2
Archaeological Site of Panamá Viejo and Historic District of Panamá,Panama,Cultural Latin America and the Caribbean Historic Landmark World Heritage," Founded in 1519 by the conquistador Pedrarías Dávila, Panamá Viejo is the oldest European settlement on the Pacific coast of the Americas. It was laid out on a rectilinear grid and marks the transference from Europe of the idea of a planned town. Abandoned in the mid-17th century, it was replaced by a ‘new town’ (the ‘Historic District’), which has also preserved its original street plan, its architecture and an unusual mixture of Spanish, French and early American styles. The Salón Bolívar was the venue for the unsuccessful attempt made by El Libertador in 1826 to establish a multinational continental congress. ",4.6,87,3
Bariloche,Argentina,City Trip Nature Landscape Adventure Hiking,Lakeside vistas and snow-capped mountains create a serene backdrop for outdoor adventures and cozy evenings in charming alpine-style lodges.,4.6,69,3
Archaeological Site of Sabratha,Libya,Cultural Arab States Historic Landmark World Heritage," A Phoenician trading-post that served as an outlet for the products of the African hinterland, Sabratha was part of the short-lived Numidian Kingdom of Massinissa before being Romanized and rebuilt in the 2nd and 3rd centuries A.D. ",4.6,52,2
Castle of the Teutonic Order in Malbork,Poland,Cultural Europe and North America Historic Landmark World Heritage," This 13th-century fortified monastery belonging to the Teutonic Order was substantially enlarged and embellished after 1309, when the seat of the Grand Master moved here from Venice. A particularly fine example of a medieval brick castle, it later fell into decay, but was meticulously restored in the 19th and early 20th centuries. Many of the conservation techniques now accepted as standard were evolved here. Following severe damage in the Second World War it was once again restored, using the detailed documentation prepared by earlier conservators. ",4.6,64,1
Sarajevo,Bosnia and Herzegovina,City Trip Culture History Art,"Cobblestone streets echo with the sound of church bells and the call to prayer, creating a unique blend of cultures and histories.",4.9,89,1
Historic Monuments and Sites in Kaesong,Democratic People's Republic of Korea,Cultural Asia and the Pacific Historic Landmark World Heritage," Situated in Kaesong city, in the south of the country, the site consists of 12 separate components, which together testify to the history and culture of the Koryo Dynasty from the 10th to 14th centuries. The geomantic layout of the former capital city of Kaesong, its palaces, institutions and tomb complex, defensive walls and gates embody the political, cultural, philosophical and spiritual values of a crucial era in the region&rsquo;s history.&nbsp; The monuments inscribed also include an astronomical and meteorological observatory, two schools (including one dedicated to educating national officials) and commemorative steles. The site testifies to the transition from Buddhism to neo-Confucianism in East Asia and to the assimilation of the cultural spiritual and political values of the states that existed prior to Korea&rsquo;s unification under the Koryo Dynasty. The integration of Buddhist, Confucian, Taoist and geomantic concepts is manifest in the planning of the site and the architecture of its monuments. ",4.7,52,2
Akureyri,Iceland,City Trip Nature Landscape Adventure Hiking,"Nestled by stunning fjords, this charming town offers a cozy vibe with colorful houses and a backdrop of snow-capped mountains.",4.2,74,5
Morne Trois Pitons National Park,Dominica,Natural Latin America and the Caribbean Historic Landmark World Heritage," Luxuriant natural tropical forest blends with scenic volcanic features of great scientific interest in this national park centred on the 1,342-m-high volcano known as Morne Trois Pitons. With its precipitous slopes and deeply incised valleys, 50 fumaroles, hot springs, three freshwater lakes, a 'boiling lake' and five volcanoes, located on the park's nearly 7,000 ha, together with the richest biodiversity in the Lesser Antilles, Morne Trois Pitons National Park presents a rare combination of natural features of World Heritage value. ",4.9,71,3
Bisotun,Iran (Islamic Republic of),Cultural Asia and the Pacific Historic Landmark World Heritage," Bisotun is located along the ancient trade route linking the Iranian high plateau with Mesopotamia and features remains from the prehistoric times to the Median, Achaemenid, Sassanian, and Ilkhanid periods. The principal monument of this archaeological site is the bas-relief and cuneiform inscription ordered by Darius I, The Great, when he rose to the throne of the Persian Empire, 521 BC. The bas-relief portrays Darius holding a bow, as a sign of sovereignty, and treading on the chest of a figure who lies on his back before him. According to legend, the figure represents Gaumata, the Median Magus and pretender to the throne whose assassination led to Darius&rsquo;s rise to power. Below and around the bas-reliefs, there are ca. 1,200 lines of inscriptions telling the story of the battles Darius waged in 521-520 BC against the governors who attempted to take apart the Empire founded by Cyrus. The inscription is written in three languages. The oldest is an Elamite text referring to legends describing the king and the rebellions. This is followed by a Babylonian version of similar legends. The last phase of the inscription is particularly important, as it is here that Darius introduced for the first time the Old Persian version of his res gestae (things done). This is the only known monumental text of the Achaemenids to document the re-establishment of the Empire by Darius I. It also bears witness to the interchange of influences in the development of monumental art and writing in the region of the Persian Empire. There are also remains from the Median period (8th to 7th centuries B.C.) as well as from the Achaemenid (6th to 4th centuries B.C.) and post-Achaemenid periods. ",4.8,67,3
Salzburg,Austria,City Trip Nature Landscape Culture History Art,"Charming cobblestone streets lead to stunning baroque architecture and cozy coffeehouses, creating a warm, inviting atmosphere that's both historic and lively.",4.2,68,3
Reykjavík,Iceland,City Trip Nature Landscape Adventure Hiking,"A city where modern design meets dramatic landscapes, offering cozy cafes, vibrant street art, and the ethereal glow of the northern lights.",5.0,97,5
Maui,United States,City Trip Nature Landscape Adventure Hiking Beach Sea Tropical,"Lush landscapes, vibrant sunsets, and the gentle sound of ocean waves create an inviting and tranquil island atmosphere perfect for unwinding.",4.2,80,5
Stockholm,Sweden,City Trip Nature Landscape Culture History Art Nightlife Party,"Charming waterfronts, crisp Nordic air, and a seamless blend of old-world charm and modern design create a unique and inviting atmosphere.",4.7,97,5
Kilimanjaro National Park,United Republic of Tanzania,Natural Africa Historic Landmark World Heritage," At 5,895 m, Kilimanjaro is the highest point in Africa. This volcanic massif stands in splendid isolation above the surrounding plains, with its snowy peak looming over the savannah. The mountain is encircled by mountain forest. Numerous mammals, many of them endangered species, live in the park. ",4.9,73,1
Quito,Ecuador,City Trip Nature Landscape Culture History Art Adventure Hiking,"Wander through cobblestone streets with vibrant colonial architecture, surrounded by the scent of Andean spices and the hum of lively markets.",4.5,78,1
Madrid,Spain,City Trip Culture History Art Nightlife Party,"Vibrant streets filled with lively tapas bars, stunning architecture, and a rich tapestry of history create an inviting and energetic atmosphere.",3.9,90,3
Saaremaa Island,Estonia,City Trip Nature Landscape Beach Sea Tropical,"Gentle sea breezes, serene coastal landscapes, and charming villages offer a peaceful escape that encourages you to unwind and explore leisurely.",3.6,68,1
Antananarivo,Madagascar,City Trip Nature Landscape Culture History Art Adventure Hiking,"Bustling streets filled with lively markets and the aroma of street food create an energetic vibe, surrounded by rolling hills and unique architecture.",4.3,82,1
"Sites of Japan’s Meiji Industrial Revolution: Iron and Steel, Shipbuilding and Coal Mining",Japan,Cultural Asia and the Pacific Historic Landmark World Heritage," The site encompasses a series of twenty three component parts, mainly located in the southwest of Japan. It bears testimony to the rapid industrialization of the country from the middle of the 19th century to the early 20th century, through the development of the iron and steel industry, shipbuilding and coal mining. The site illustrates the process by which feudal Japan sought technology transfer from Europe and America from the middle of the 19th century and how this technology was adapted to the country’s needs and social traditions. The site testifies to what is considered to be the first successful transfer of Western industrialization to a non-Western nation. ",4.7,70,2
Gotland,Sweden,City Trip Nature Landscape Culture History Art Beach Sea Tropical,"Charming cobblestone streets, medieval ruins, and serene coastal landscapes offer a peaceful escape with a touch of historical intrigue and natural beauty.",3.9,79,3
New York,United States,City Trip Culture History Art Nightlife Party,"The city buzzes with energy, offering iconic skylines, diverse cultures, and a sensory overload of sights, sounds, and tastes at every corner.",3.7,90,5
Air and Ténéré Natural Reserves,Niger,Natural Africa Historic Landmark World Heritage," This is the largest protected area in Africa, covering some 7.7 million ha, though the area considered a protected sanctuary constitutes only one-sixth of the total area. It includes the volcanic rock mass of the Aïr, a small Sahelian pocket, isolated as regards its climate and flora and fauna, and situated in the Saharan desert of Ténéré. The reserves boast an outstanding variety of landscapes, plant species and wild animals. ",4.6,54,2
Pre-Hispanic City of Chichen-Itza,Mexico,Cultural Latin America and the Caribbean Historic Landmark World Heritage," This sacred site was one of the greatest Mayan centres of the Yucat&aacute;n peninsula. Throughout its nearly 1,000-year history, different peoples have left their mark on the city. The Maya and Toltec vision of the world and the universe is revealed in their stone monuments and artistic works. The fusion of Mayan construction techniques with new elements from central Mexico make Chichen-Itza one of the most important examples of the Mayan-Toltec civilization in Yucat&aacute;n. Several buildings have survived, such as the Warriors&rsquo; Temple, El Castillo and the circular observatory known as El Caracol. ",4.8,74,2
Old City of Dubrovnik,Croatia,Cultural Europe and North America Historic Landmark World Heritage," The 'Pearl of the Adriatic', situated on the Dalmatian coast, became an important Mediterranean sea power from the 13th century onwards. Although severely damaged by an earthquake in 1667, Dubrovnik managed to preserve its beautiful Gothic, Renaissance and Baroque churches, monasteries, palaces and fountains. Damaged again in the 1990s by armed conflict, it is now the focus of a major restoration programme co-ordinated by UNESCO. ",4.6,87,1
Shirakami-Sanchi,Japan,Natural Asia and the Pacific Historic Landmark World Heritage," Situated in the mountains of northern Honshu, this trackless site includes the last virgin remains of the cool-temperate forest of Siebold's beech trees that once covered the hills and mountain slopes of northern Japan. The black bear, the serow and 87 species of birds can be found in this forest. ",4.7,59,3
Bay of Islands,New Zealand,City Trip Nature Landscape Adventure Hiking Beach Sea Tropical,"Lush green islands dotting azure waters, where dolphins play and sunsets paint the sky, create a serene escape from the everyday.",4.9,69,3
Bourges Cathedral,France,Cultural Europe and North America Historic Landmark World Heritage," The Cathedral of St Etienne of Bourges, built between the late 12th and late 13th centuries, is one of the great masterpieces of Gothic art and is admired for its proportions and the unity of its design. The tympanum, sculptures and stained-glass windows are particularly striking. Apart from the beauty of the architecture, it attests to the power of Christianity in medieval France. ",4.5,76,1
"Historic Monuments of Ancient Kyoto (Kyoto, Uji and Otsu Cities)",Japan,Cultural Asia and the Pacific Historic Landmark World Heritage," Built in A.D. 794 on the model of the capitals of ancient China, Kyoto was the imperial capital of Japan from its foundation until the middle of the 19th century. As the centre of Japanese culture for more than 1,000 years, Kyoto illustrates the development of Japanese wooden architecture, particularly religious architecture, and the art of Japanese gardens, which has influenced landscape gardening the world over. ",4.9,87,2
Historic Areas of Istanbul,Turkey,Cultural Europe and North America Historic Landmark World Heritage," With its strategic location on the Bosphorus peninsula between the Balkans and Anatolia, the Black Sea and the Mediterranean, Istanbul has been associated with major political, religious and artistic events for more than 2,000 years. Its masterpieces include the ancient Hippodrome of Constantine, the 6th-century Hagia Sophia and the 16th-century Süleymaniye Mosque, all now under threat from population pressure, industrial pollution and uncontrolled urbanization. ",4.6,54,3
Cathedral and Churches of Echmiatsin and the Archaeological Site of Zvartnots,Armenia,Cultural Europe and North America Historic Landmark World Heritage," The cathedral and churches of Echmiatsin and the archaeological remains at Zvartnots graphically illustrate the evolution and development of the Armenian central-domed cross-hall type of church, which exerted a profound influence on architectural and artistic development in the region. ",4.6,50,1
Salalah,Oman,City Trip Nature Landscape Beach Sea Tropical,"Lush green landscapes meet the Arabian Sea, creating a serene atmosphere filled with the scent of frankincense and the sound of gentle waves.",3.5,88,3
Ensemble of the Novodevichy Convent,Russian Federation,Cultural Europe and North America Historic Landmark World Heritage," The Novodevichy Convent, in south-western Moscow, built in the 16th and 17th centuries in the so-called Moscow Baroque style, was part of a chain of monastic ensembles that were integrated into the defence system of the city. The convent was directly associated with the political, cultural and religious history of Russia, and closely linked to the Moscow Kremlin. It was used by women of the Tsar&rsquo;s family and the aristocracy. Members of the Tsar&rsquo;s family and entourage were also buried in its cemetery. The convent provides an example of the highest accomplishments of Russian architecture with rich interiors and an important collection of paintings and artefacts. ",4.6,78,3
Brasilia,Brazil,Cultural Latin America and the Caribbean Historic Landmark World Heritage," Brasilia, a capital created ex nihilo in the centre of the country in 1956, was a landmark in the history of town planning. Urban planner Lucio Costa and architect Oscar Niemeyer intended that every element – from the layout of the residential and administrative districts (often compared to the shape of a bird in flight) to the symmetry of the buildings themselves – should be in harmony with the city’s overall design. The official buildings, in particular, are innovative and imaginative. ",4.6,91,3
Constanta,Romania,City Trip Beach Sea Tropical,"Golden beaches meet historic architecture, offering a blend of sun-soaked relaxation and the charm of ancient ruins and lively promenades.",4.1,83,1
Tarnowskie Góry Lead-Silver-Zinc Mine and its Underground Water Management System,Poland,Cultural Europe and North America Historic Landmark World Heritage," Located in Upper Silesia, in southern Poland, one of the main mining areas of central Europe, the property includes the entire underground mine with adits, shafts, galleries and other features of the water management system. Most of the property is situated underground while the surface mining topography features relics of shafts and waste heaps, as well as the remains of the 19th century steam water pumping station. The elements of the water management system, located underground and on the surface, testify to continuous efforts over three centuries to drain the underground extraction zone and to use undesirable water from the mines to supply towns and industry. Tarnowskie Góry represents a significant contribution to the global production of lead and zinc. ",4.6,91,2
Historic Quarter of the Seaport City of Valparaíso,Chile,Cultural Latin America and the Caribbean Historic Landmark World Heritage," The colonial city of Valpara&iacute;so presents an excellent example of late 19th-century urban and architectural development in Latin America. In its natural amphitheatre-like setting, the city is characterized by a vernacular urban fabric adapted to the hillsides that are dotted with a great variety of church spires. It contrasts with the geometrical layout utilized in the plain. The city has well preserved its interesting early industrial infrastructures, such as the numerous &lsquo;elevators&rsquo; on the steep hillsides. ",4.9,89,1
Lednice-Valtice Cultural Landscape,Czechia,Cultural Europe and North America Historic Landmark World Heritage," Between the 17th and 20th centuries, the ruling dukes of Liechtenstein transformed their domains in southern Moravia into a striking landscape. It married Baroque architecture (mainly the work of Johann Bernhard Fischer von Erlach) and the classical and neo-Gothic style of the castles of Lednice and Valtice with countryside fashioned according to English romantic principles of landscape architecture. At 200 km2 , it is one of the largest artificial landscapes in Europe. ",4.5,77,2
Mapungubwe Cultural Landscape,South Africa,Cultural Africa Historic Landmark World Heritage," Mapungubwe is set hard against the northern border of South Africa, joining Zimbabwe and Botswana. It is an open, expansive savannah landscape at the confluence of the Limpopo and Shashe rivers. Mapungubwe developed into the largest kingdom in the sub-continent before it was abandoned in the 14th century. What survives are the almost untouched remains of the palace sites and also the entire settlement area dependent upon them, as well as two earlier capital sites, the whole presenting an unrivalled picture of the development of social and political structures over some 400 years. ",4.7,91,2
Lushan National Park,China,Cultural Asia and the Pacific Historic Landmark World Heritage," Mount Lushan, in Jiangxi, is one of the spiritual centres of Chinese civilization. Buddhist and Taoist temples, along with landmarks of Confucianism, where the most eminent masters taught, blend effortlessly into a strikingly beautiful landscape which has inspired countless artists who developed the aesthetic approach to nature found in Chinese culture. ",5.0,79,2
Gdansk,Poland,City Trip Culture History Art,"Charming cobblestone streets and vibrant maritime history meet the salty breeze of the Baltic, creating a welcoming and lively coastal atmosphere.",4.0,63,3
Chartres Cathedral,France,Cultural Europe and North America Historic Landmark World Heritage," Partly built starting in 1145, and then reconstructed over a 26-year period after the fire of 1194, Chartres Cathedral marks the high point of French Gothic art. The vast nave, in pure ogival style, the porches adorned with fine sculptures from the middle of the 12th century, and the magnificent 12th- and 13th-century stained-glass windows, all in remarkable condition, combine to make it a masterpiece. ",4.7,53,1
San Marino,San Marino,City Trip Culture History Art,"Perched atop rolling hills, this charming enclave offers medieval towers, cobblestone streets, and sweeping vistas, inviting a leisurely exploration of its storied past.",3.6,70,3
Bologna,Italy,City Trip Culture History Art,"Strolling under ancient porticoes, savoring rich aromas of fresh pasta, and enjoying lively piazzas create a warm, welcoming atmosphere.",3.7,64,3
Ogasawara Islands,Japan,Natural Asia and the Pacific Historic Landmark World Heritage," The property numbers more than 30 islands clustered in three groups and covers surface area of 7,939 hectares. The islands offer a variety of landscapes and are home to a wealth of fauna, including the Bonin Flying Fox, a critically endangered bat, and 195 endangered bird species. Four-hundred and forty-one native plant taxa have been documented on the islands whose waters support numerous species of fish, cetaceans and corals. Ogasawara Islands' ecosystems reflect a range of evolutionary processes illustrated through its assemblage of plant species from both southeast and northwest Asia, alongside many endemic species. ",4.5,61,1
Hallstatt,Austria,City Trip Nature Landscape Culture History Art,"Nestled by a serene lake, this picturesque village enchants with its cobblestone streets, alpine views, and a tranquil, timeless atmosphere.",4.7,66,3
Krabi,Thailand,City Trip Nature Landscape Adventure Hiking Beach Sea Tropical,"Turquoise waters lap against limestone cliffs, while vibrant markets and serene beaches invite you to unwind and explore at your own pace.",3.7,60,1
Prehistoric Sites and Decorated Caves of the Vézère Valley,France,Cultural Europe and North America Historic Landmark World Heritage," The Vézère valley contains 147 prehistoric sites dating from the Palaeolithic and 25 decorated caves. It is particularly interesting from an ethnological and anthropological, as well as an aesthetic point of view because of its cave paintings, especially those of the Lascaux Cave, whose discovery in 1940 was of great importance for the history of prehistoric art. The hunting scenes show some 100 animal figures, which are remarkable for their detail, rich colours and lifelike quality. ",4.8,83,1
Palaces and Parks of Potsdam and Berlin,Germany,Cultural Europe and North America Historic Landmark World Heritage," With 500 ha of parks and 150 buildings constructed between 1730 and 1916, Potsdam's complex of palaces and parks forms an artistic whole, whose eclectic nature reinforces its sense of uniqueness. It extends into the district of Berlin-Zehlendorf, with the palaces and parks lining the banks of the River Havel and Lake Glienicke. Voltaire stayed at the Sans-Souci Palace, built under Frederick II between 1745 and 1747. ",4.5,82,1
Kigali,Rwanda,City Trip Nature Landscape Culture History Art,Rolling hills meet vibrant city life where markets buzz with energy and the aroma of fresh coffee fills the air.,3.6,97,3
Abu Dhabi,United Arab Emirates,City Trip Culture History Art Beach Sea Tropical,"Modern skyscrapers meet serene desert landscapes, offering a blend of luxury and tradition with vibrant souks and stunning coastal views.",4.8,67,5
Ksar of Ait-Ben-Haddou,Morocco,Cultural Arab States Historic Landmark World Heritage," The ksar, a group of earthen buildings surrounded by high walls, is a traditional pre-Saharan habitat. The houses crowd together within the defensive walls, which are reinforced by corner towers. Ait-Ben-Haddou, in Ouarzazate province, is a striking example of the architecture of southern Morocco. ",4.9,84,1
Rila Monastery,Bulgaria,Cultural Europe and North America Historic Landmark World Heritage," Rila Monastery was founded in the 10th century by St John of Rila, a hermit canonized by the Orthodox Church. His ascetic dwelling and tomb became a holy site and were transformed into a monastic complex which played an important role in the spiritual and social life of medieval Bulgaria. Destroyed by fire at the beginning of the 19th century, the complex was rebuilt between 1834 and 1862. A characteristic example of the Bulgarian Renaissance (18th&ndash;19th centuries), the monument symbolizes the awareness of a Slavic cultural identity following centuries of occupation. ",4.9,84,1
Malaga,Spain,City Trip Culture History Art Beach Sea Tropical Nightlife Party,"Sun-drenched beaches, vibrant tapas bars, and historic architecture create a lively yet relaxed atmosphere that invites leisurely exploration and indulgence.",4.2,89,3
The English Lake District,United Kingdom of Great Britain and Northern Ireland,Cultural Europe and North America Historic Landmark World Heritage," Located in northwest England, the English Lake District is a mountainous area, whose valleys have been modelled by glaciers in the Ice Age and subsequently shaped by an agro-pastoral land-use system characterized by fields enclosed by walls. The combined work of nature and human activity has produced a harmonious landscape in which the mountains are mirrored in the lakes. Grand houses, gardens and parks have been purposely created to enhance the landscape’s beauty. This landscape was greatly appreciated from the 18th century onwards by the Picturesque and later Romantic movements, which celebrated it in paintings, drawings and words. It also inspired an awareness of the importance of beautiful landscapes and triggered early efforts to preserve them. ",4.6,88,1
San José,Costa Rica,City Trip Nature Landscape Adventure Hiking,Bustling streets filled with vibrant markets and lush parks create an inviting mix of urban energy and natural beauty.,3.8,70,3
Matera,Italy,City Trip Culture History Art,"Winding stone streets and ancient cave dwellings create an atmosphere of timeless mystery, inviting you to explore its unique history and charm.",4.8,79,3
Moscow,Russia,City Trip Culture History Art Nightlife Party,"Grand architecture, vibrant streets, and a rich cultural tapestry create a dynamic atmosphere where history and modern life intertwine seamlessly.",3.6,86,3
M'Zab Valley,Algeria,Cultural Arab States Historic Landmark World Heritage," A traditional human habitat, created in the 10th century by the Ibadites around their five ksour (fortified cities), has been preserved intact in the M’Zab valley. Simple, functional and perfectly adapted to the environment, the architecture of M’Zab was designed for community living, while respecting the structure of the family. It is a source of inspiration for today’s urban planners. ",4.6,85,3
"Jaipur City, Rajasthan",India,Cultural Asia and the Pacific Historic Landmark World Heritage,"The fortified city of Jaipur, in India’s northwestern state of Rajasthan was founded in 1727 by Sawai Jai Singh II. Unlike other cities in the region located in hilly terrain, Jaipur was established on the plain and built according to a grid plan interpreted in the light of Vedic architecture. The streets feature continuous colonnaded businesses that intersect in the centre, creating large public squares called chaupars. Markets, stalls, residences and temples built along the main streets have uniform facades. The city's urban planning shows an exchange of ideas from ancient Hindu and modern Mughal as well as Western cultures. The grid plan is a model that prevails in the West, while the organization of the different districts refers to traditional Hindu concepts. Designed to be a commercial capital, the city has maintained its local commercial, artisanal and cooperative traditions to this day.",4.7,92,3
Taormina,Italy,City Trip Nature Landscape Culture History Art Beach Sea Tropical,"Dramatic coastal views, ancient ruins, and charming piazzas create a picturesque setting that invites leisurely exploration and indulgent moments.",4.9,61,3
Christchurch,New Zealand,City Trip Nature Landscape Adventure Hiking,"A city reborn with innovative architecture and lush gardens, offering a mix of urban charm and stunning natural landscapes.",4.7,83,3
Pimachiowin Aki,Canada,Mixed Europe and North America Historic Landmark World Heritage," Pimachiowin Aki ('The Land That Gives Life') is a landscape of rivers, lakes, wetlands, and boreal forest. It forms part of the ancestral home of the Anishinaabeg, an indigenous people living from fishing, hunting and gathering. The site encompasses the traditional lands of four Anishinaabeg communities (Bloodvein River, Little Grand Rapids, Pauingassi and Poplar River). It is an exceptional example of the cultural tradition of Ji-ganawendamang Gidakiiminaan ('keeping the land'), which consists of honouring the gifts of the Creator, respecting all forms of life, and maintaining harmonious relations with others. A complex network of livelihood sites, habitation sites, travel routes and ceremonial sites, often linked by waterways, provides testimony to this ancient and continuing tradition. ",4.9,92,3
Tchogha Zanbil,Iran (Islamic Republic of),Cultural Asia and the Pacific Historic Landmark World Heritage," The ruins of the holy city of the Kingdom of Elam, surrounded by three huge concentric walls, are found at Tchogha Zanbil. Founded c. 1250 B.C., the city remained unfinished after it was invaded by Ashurbanipal, as shown by the thousands of unused bricks left at the site. ",4.9,51,3
Hubei Shennongjia,China,Natural Asia and the Pacific Historic Landmark World Heritage," Located in Hubei Province, in central-eastern China, the site consists of two components: Shennongding/Badong to the west and Laojunshan to the east. It protects the largest primary forests remaining in Central China and provides habitat for many rare animal species, such as the Chinese Giant Salamander, the Golden or Sichuan Snub-nosed Monkey, the Clouded Leopard, Common Leopard and the Asian Black Bear. Hubei Shennongjia is one of three centres of biodiversity in China. The site features prominently in the history of botanical research and was the object of international plant collecting expeditions in the 19th and 20th centuries.  ",4.6,85,1
Cultural Landscape and Archaeological Remains of the Bamiyan Valley,Afghanistan,Cultural Asia and the Pacific Historic Landmark World Heritage," The cultural landscape and archaeological remains of the Bamiyan Valley represent the artistic and religious developments which from the 1st to the 13th centuries characterized ancient Bakhtria, integrating various cultural influences into the Gandhara school of Buddhist art. The area contains numerous Buddhist monastic ensembles and sanctuaries, as well as fortified edifices from the Islamic period. The site is also testimony to the tragic destruction by the Taliban of the two standing Buddha statues, which shook the world in March 2001. ",4.9,66,3
"Place Stanislas, Place de la Carrière and Place d'Alliance in Nancy",France,Cultural Europe and North America Historic Landmark World Heritage," Nancy, the temporary residence of a king without a kingdom – Stanislas Leszczynski, later to become Duke of Lorraine – is paradoxically the oldest and most typical example of a modern capital where an enlightened monarch proved to be sensitive to the needs of the public. Built between 1752 and 1756 by a brilliant team led by the architect Héré, this was a carefully conceived project that succeeded in creating a capital that not only enhanced the sovereign's prestige but was also functional. ",4.5,53,3
Granada,Spain,City Trip Culture History Art Nightlife Party,"Winding cobblestone streets lead to vibrant plazas filled with the aromas of tapas, while the Alhambra's majestic presence captivates with its historic allure.",4.2,86,3
"Ancient <I>Ksour</I> of Ouadane, Chinguetti, Tichitt and Oualata",Mauritania,Cultural Arab States Historic Landmark World Heritage," Founded in the 11th and 12th centuries to serve the caravans crossing the Sahara, these trading and religious centres became focal points of Islamic culture. They have managed to preserve an urban fabric that evolved between the 12th and 16th centuries. Typically, houses with patios crowd along narrow streets around a mosque with a square minaret. They illustrate a traditional way of life centred on the nomadic culture of the people of the western Sahara. ",4.8,90,3
"La Chaux-de-Fonds / Le Locle, Watchmaking Town Planning",Switzerland,Cultural Europe and North America Historic Landmark World Heritage," The site of La Chaux-de-Fonds / Le Locle watchmaking town-planning consists of two towns situated close to one another in a remote environment in the Swiss Jura mountains, on land ill-suited to farming. Their planning and buildings reflect watchmakers&rsquo; need of rational organization. Planned in the early 19th century, after extensive fires, the towns owed their existence to this single industry. Their layout along an open-ended scheme of parallel strips on which residential housing and workshops are intermingled reflects the needs of the local watchmaking culture that dates to the 17th century and is still alive today. The site presents outstanding examples of mono-industrial manufacturing-towns which are well preserved and still active. The urban planning of both towns has accommodated the transition from the artisanal production of a cottage industry to the more concentrated factory production of the late 19th and 20th centuries. The town of La Chaux-de-Fonds was described by Karl Marx as a &ldquo;huge factory-town&rdquo; in Das Kapital where he analyzed the division of labour in the watchmaking industry of the Jura. ",4.7,55,1
Um er-Rasas (Kastrom Mefa'a),Jordan,Cultural Arab States Historic Landmark World Heritage," Most of this archaeological site, which started as a Roman military camp and grew to become a town from the 5th century, has not been excavated. It contains remains from the Roman, Byzantine and Early Muslim periods (end of 3rd to 9th centuries AD) and a fortified Roman military camp. The site also has 16 churches, some with well-preserved mosaic floors. Particularly noteworthy is the mosaic floor of the Church of Saint Stephen with its representation of towns in the region. Two square towers are probably the only remains of the practice, well known in this part of the world, of the stylites (ascetic monks who spent time in isolation atop a column or tower). Um er-Rasas is surrounded by, and dotted with, remains of ancient agricultural cultivation in an arid area. ",4.9,50,2
Semmering Railway,Austria,Cultural Europe and North America Historic Landmark World Heritage," The Semmering Railway, built over 41 km of high mountains between 1848 and 1854, is one of the greatest feats of civil engineering from this pioneering phase of railway building. The high standard of the tunnels, viaducts and other works has ensured the continuous use of the line up to the present day. It runs through a spectacular mountain landscape and there are many fine buildings designed for leisure activities along the way, built when the area was opened up due to the advent of the railway. ",4.8,50,2
Classical Gardens of Suzhou,China,Cultural Asia and the Pacific Historic Landmark World Heritage," Classical Chinese garden design, which seeks to recreate natural landscapes in miniature, is nowhere better illustrated than in the nine gardens in the historic city of Suzhou. They are generally acknowledged to be masterpieces of the genre. Dating from the 11th-19th century, the gardens reflect the profound metaphysical importance of natural beauty in Chinese culture in their meticulous design. ",5.0,84,2
Nukuʻalofa,Tonga,City Trip Nature Landscape Beach Sea Tropical,"Warm ocean breezes and vibrant markets create a welcoming atmosphere, where the gentle rhythm of island life invites endless exploration.",4.7,96,3
Utrecht,Netherlands,City Trip Culture History Art Nightlife Party,"Charming canals lined with cozy cafés and historic buildings create a warm, inviting atmosphere perfect for leisurely strolls and quiet exploration.",4.0,81,3
Lviv,Ukraine,City Trip Culture History Art,"Cobblestone streets, charming coffeehouses, and a rich tapestry of history and culture create a warm and inviting atmosphere for exploration.",4.2,84,1
"Pearling, Testimony of an Island Economy",Bahrain,Cultural Arab States Historic Landmark World Heritage," The site consists of seventeen buildings in Muharraq City, three offshore oyster beds, part of the seashore and the Qal’at Bu Mahir fortress on the southern tip of Muharraq Island, from where boats used to set off for the oyster beds. The listed buildings include residences of wealthy merchants, shops, storehouses and a mosque. The site is the last remaining complete example of the cultural tradition of pearling and the wealth it generated at a time when the trade dominated the Gulf economy (2nd century to the 1930s, when Japan developed cultured pearls). It also constitutes an outstanding example of traditional utilization of the sea’s resources and human interaction with the environment, which shaped both the economy and the cultural identity of the island’s society. ",4.5,51,2
Ubud,Indonesia,City Trip Nature Landscape Culture History Art,"Lush rice terraces, serene temples, and a vibrant arts scene create a peaceful yet inspiring atmosphere perfect for rejuvenation and exploration.",4.0,75,1
Historic Bridgetown and its Garrison,Barbados,Cultural Latin America and the Caribbean Historic Landmark World Heritage," Historic Bridgetown and its Garrison, an outstanding example of British colonial architecture consisting of a well-preserved old town built in the 17th, 18th and 19th centuries, which testifies to the spread of Great Britain's Atlantic colonial empire. The property also includes a nearby military garrison which consists of numerous historic buildings. With its serpentine urban lay-out the property testifies to a different approach to colonial town-planning compared to the Spanish and Dutch colonial cities of the region which were built along a grid plan. ",4.5,54,3
Rock Paintings of the Sierra de San Francisco,Mexico,Cultural Latin America and the Caribbean Historic Landmark World Heritage," From c. 100 B.C. to A.D. 1300, the Sierra de San Francisco (in the El Vizcaino reserve, in Baja California) was home to a people who have now disappeared but who left one of the most outstanding collections of rock paintings in the world. They are remarkably well-preserved because of the dry climate and the inaccessibility of the site. Showing human figures and many animal species and illustrating the relationship between humans and their environment, the paintings reveal a highly sophisticated culture. Their composition and size, as well as the precision of the outlines and the variety of colours, but especially the number of sites, make this an impressive testimony to a unique artistic tradition. ",4.6,59,1
Timbuktu,Mali,Cultural Africa Historic Landmark World Heritage," Home of the prestigious Koranic Sankore University and other madrasas, Timbuktu was an intellectual and spiritual capital and a centre for the propagation of Islam throughout Africa in the 15th and 16th centuries. Its three great mosques, Djingareyber, Sankore and Sidi Yahia, recall Timbuktu's golden age. Although continuously restored, these monuments are today under threat from desertification. ",4.7,90,3
Bikini Atoll Nuclear Test Site,Marshall Islands,Cultural Asia and the Pacific Historic Landmark World Heritage," In the wake of World War II, in a move closely related to the beginnings of the Cold War, the United States of America decided to resume nuclear testing in the Pacific Ocean, on Bikini Atoll in the Marshall archipelago. After the displacement of the local inhabitants, 67 nuclear tests were carried out from 1946 to 1958, including the explosion of the first H-bomb (1952). Bikini Atoll has conserved direct tangible evidence that is highly significant in conveying the power of the nuclear tests, i.e. the sunken ships sent to the bottom of the lagoon by the tests in 1946 and the gigantic Bravo crater. Equivalent to 7,000 times the force of the Hiroshima bomb, the tests had major consequences on the geology and natural environment of Bikini Atoll and on the health of those who were exposed to radiation. Through its history, the atoll symbolises the dawn of the nuclear age, despite its paradoxical image of peace and of earthly paradise. This is the first site from the Marshall Islands to be inscribed on the World Heritage List. ",4.9,50,2
Paramaribo,Suriname,City Trip Nature Landscape Culture History Art,"Lush greenery, colonial architecture, and vibrant street markets create a lively atmosphere where tropical warmth meets cultural diversity.",4.1,63,1
Historic Inner City of Paramaribo,Suriname,Cultural Latin America and the Caribbean Historic Landmark World Heritage, Paramaribo is a former Dutch colonial town from the 17th and 18th centuries planted on the northern coast of tropical South America. The original and highly characteristic street plan of the historic centre remains intact. Its buildings illustrate the gradual fusion of Dutch architectural influence with traditional local techniques and materials. ,4.9,72,1
Mount Huangshan,China,Mixed Asia and the Pacific Historic Landmark World Heritage," Huangshan, known as 'the loveliest mountain of China', was acclaimed through art and literature during a good part of Chinese history (e.g. the Shanshui 'mountain and water' style of the mid-16th century). Today it holds the same fascination for visitors, poets, painters and photographers who come on pilgrimage to the site, which is renowned for its magnificent scenery made up of many granite peaks and rocks emerging out of a sea of clouds. ",4.6,51,1
Varanasi,India,City Trip Culture History Art,Winding alleyways filled with the scent of incense and the sound of temple bells create a spiritual and vibrant atmosphere by the river.,4.8,81,1
Ancient City of Bosra,Syrian Arab Republic,Cultural Arab States Historic Landmark World Heritage," Bosra, once the capital of the Roman province of Arabia, was an important stopover on the ancient caravan route to Mecca. A magnificent 2nd-century Roman theatre, early Christian ruins and several mosques are found within its great walls. ",4.7,86,2
Nashville,United States,City Trip Culture History Art Nightlife Party,"Lively streets filled with music and friendly faces, where the aroma of Southern cuisine mingles with the vibrant energy of live performances.",5.0,92,3
Curonian Spit,"Lithuania,Russian Federation",Cultural Europe and North America Historic Landmark World Heritage," Human habitation of this elongated sand dune peninsula, 98 km long and 0.4-4 km wide, dates back to prehistoric times. Throughout this period it has been threatened by the natural forces of wind and waves. Its survival to the present day has been made possible only as a result of ceaseless human efforts to combat the erosion of the Spit, dramatically illustrated by continuing stabilisation and reforestation projects. ",4.8,82,1
Historic Monuments Zone of Querétaro,Mexico,Cultural Latin America and the Caribbean Historic Landmark World Heritage," The old colonial town of Quer&eacute;taro is unusual in having retained the geometric street plan of the Spanish conquerors side by side with the twisting alleys of the Indian quarters. The Otomi, the Tarasco, the Chichimeca and the Spanish lived together peacefully in the town, which is notable for the many ornate civil and religious Baroque monuments from its golden age in the 17th and 18th centuries. ",4.9,76,1
Lille,France,City Trip Culture History Art,"Charming cobblestone streets, vibrant squares, and a mix of Flemish and French influences create a welcoming atmosphere full of character and warmth.",4.6,70,3
Monumental Earthworks of Poverty Point,United States of America,Cultural Europe and North America Historic Landmark World Heritage," Monumental Earthworks of Poverty Point owes its name to a 19th-century plantation close to the site, which is in the Lower Mississippi Valley on a slightly elevated and narrow landform. The complex comprises five mounds, six concentric semi-elliptical ridges separated by shallow depressions and a central plaza. It was created and used for residential and ceremonial purposes by a society of hunter fisher-gatherers between 3700 and 3100 BP. It is a remarkable achievement in earthen construction in North America that was unsurpassed for at least 2,000 years. ",5.0,62,2
Mumbai,India,City Trip Culture History Art Nightlife Party,"A bustling metropolis where vibrant street life, aromatic food stalls, and historic landmarks blend with a dynamic energy that never sleeps.",4.2,87,3
Gorée Island,Senegal,City Trip Culture History Art,"Charming cobblestone streets, vibrant colonial architecture, and a poignant history create a deeply moving and enriching experience by the ocean.",4.6,95,3
Bocas del Toro,Panama,City Trip Nature Landscape Adventure Hiking Beach Sea Tropical,"Crystal-clear waters lap against palm-fringed beaches, while vibrant marine life and laid-back island vibes create an unforgettable tropical escape.",4.3,92,3
Maputo,Mozambique,City Trip Nature Landscape Beach Sea Tropical,"Bustling markets, vibrant street life, and the rhythmic sounds of local music create a lively and colorful atmosphere to explore.",4.4,71,3
French Austral Lands and Seas,France,Natural Europe and North America Historic Landmark World Heritage,"The French Austral Lands and Seas comprise the largest of the rare emerged land masses in the southern Indian Ocean: the Crozet Archipelago, the Kerguelen Islands, Saint-Paul and Amsterdam Islands as well as 60 small sub-Antarctic islands. This “oasis” in the middle of the Southern Ocean covers an area of more than 67 million ha and supports one of the highest concentrations of birds and marine mammals in the world. In particular, it has the largest population of King Penguins and Yellow-nosed albatrosses in the world. The remoteness of these islands from centres of human activity makes them extremely well-preserved showcases of biological evolution and a unique terrain for scientific research.",4.6,66,2
Natural and Cultural Heritage of the Ohrid region,"Albania,North Macedonia",Mixed Europe and North America Historic Landmark World Heritage,"The part of Lake Ohrid located in Northern Macedonia and its hinterland, including the town of Ohrid, has been inscribed on the World Heritage List since 1979. With this extension, the site now encompasses the the north-western, Albanian, part of Lake Ohrid, the small Lin Peninsula and the strip of land along the shoreline that connects the peninsula to the Macedonian border. The peninsula is the site of the remains of an Early Christian church founded in the middle of the 6th century. In the shallow waters near the shores of the lake, three sites testify to the presence of prehistoric pile dwellings. A superlative natural phenomenon, the lake provides a refuge for numerous endemic species of freshwater fauna and flora dating from the Tertiary period.",4.8,83,1
National Archeological Park of Tierradentro,Colombia,Cultural Latin America and the Caribbean Historic Landmark World Heritage," Several monumental statues of human figures can be seen in the park, which also contains many hypogea dating from the 6th to the 10th century. These huge underground tombs (some burial chambers are up to 12 m wide) are decorated with motifs that reproduce the internal decor of homes of the period. They reveal the social complexity and cultural wealth of a pre-Hispanic society in the northern Andes. ",4.5,79,3
Sapa,Vietnam,City Trip Nature Landscape Culture History Art Adventure Hiking,"Rolling green terraces and misty mountain vistas create a serene escape, where vibrant local cultures and tranquil landscapes embrace visitors warmly.",3.6,70,1
Ecosystem and Relict Cultural Landscape of Lopé-Okanda,Gabon,Mixed Africa Historic Landmark World Heritage," The Ecosystem and Relict Cultural Landscape of Lopé-Okanda demonstrates an unusual interface between dense and well-conserved tropical rainforest and relict savannah environments with a great diversity of species, including endangered large mammals, and habitats. The site illustrates ecological and biological processes in terms of species and habitat adaptation to post-glacial climatic changes. It contains evidence of the successive passages of different peoples who have left extensive and comparatively well-preserved remains of habitation around hilltops, caves and shelters, evidence of iron-working and a remarkable collection of some 1,800 petroglyphs (rock carvings). The property’s collection of Neolithic and Iron Age sites, together with the rock art found there, reflects a major migration route of Bantu and other peoples from West Africa along the River Ogooué valley to the north of the dense evergreen Congo forests and to central east and southern Africa, that has shaped the development of the whole of sub-Saharan Africa. ",4.6,82,1
Sardinia,Italy,City Trip Nature Landscape Adventure Hiking Beach Sea Tropical,"Crystal-clear waters, rugged coastlines, and charming villages create a serene escape where you can unwind and savor local flavors.",3.6,62,3
Takht-e Soleyman,Iran (Islamic Republic of),Cultural Asia and the Pacific Historic Landmark World Heritage," The archaeological site of Takht-e Soleyman, in north-western Iran, is situated in a valley set in a volcanic mountain region. The site includes the principal Zoroastrian sanctuary partly rebuilt in the Ilkhanid (Mongol) period (13th century) as well as a temple of the Sasanian period (6th and 7th centuries) dedicated to Anahita. The site has important symbolic significance. The designs of the fire temple, the palace and the general layout have strongly influenced the development of Islamic architecture. ",4.8,85,2
Jaipur,India,City Trip Culture History Art,"A tapestry of vibrant colors and bustling markets, where ancient forts and palaces echo the grandeur of a rich cultural heritage.",3.6,66,1
Toronto,Canada,City Trip Culture History Art Nightlife Party,"Dynamic streets buzzing with diverse cultures, vibrant art scenes, and a skyline that hugs the shimmering lake make for an inviting urban experience.",4.0,82,3
Białowieża Forest,"Belarus,Poland",Natural Europe and North America Historic Landmark World Heritage," The Białowieża Forest World Heritage site, on the border between Poland and Belarus, is an immense range of primary forest including both conifers and broadleaved trees covering a total area of 141,885 hectares. Situated on the watershed of the Baltic Sea and Black Sea, this transboundary property is exceptional for the opportunities it offers for biodiversity conservation. It is home to the largest population of the property’s iconic species, the European bison. ",4.6,81,3
Temple of Heaven: an Imperial Sacrificial Altar in Beijing,China,Cultural Asia and the Pacific Historic Landmark World Heritage," The Temple of Heaven, founded in the first half of the 15th century, is a dignified complex of fine cult buildings set in gardens and surrounded by historic pine woods. In its overall layout and that of its individual buildings, it symbolizes the relationship between earth and heaven &ndash; the human world and God's world &ndash; which stands at the heart of Chinese cosmogony, and also the special role played by the emperors within that relationship. ",4.6,92,1
Paleochristian and Byzantine Monuments of Thessalonika,Greece,Cultural Europe and North America Historic Landmark World Heritage," Founded in 315 B.C., the provincial capital and sea port of Thessalonika was one of the first bases for the spread of Christianity. Among its Christian monuments are fine churches, some built on the Greek cross plan and others on the three-nave basilica plan. Constructed over a long period, from the 4th to the 15th century, they constitute a diachronic typological series, which had considerable influence in the Byzantine world. The mosaics of the rotunda, St Demetrius and St David are among the great masterpieces of early Christian art. ",5.0,54,1
"Mount Emei Scenic Area, including Leshan Giant Buddha Scenic Area",China,Mixed Asia and the Pacific Historic Landmark World Heritage," The first Buddhist temple in China was built here in Sichuan Province in the 1st century A.D. in the beautiful surroundings of the summit Mount Emei. The addition of other temples turned the site into one of Buddhism's holiest sites. Over the centuries, the cultural treasures grew in number. The most remarkable is the Giant Buddha of Leshan, carved out of a hillside in the 8th century and looking down on the confluence of three rivers. At 71 m high, it is the largest Buddha in the world. Mount Emei is also notable for its exceptionally diverse vegetation, ranging from subtropical to subalpine pine forests. Some of the trees there are more than 1,000 years old. ",4.5,55,2
Selimiye Mosque and its Social Complex,Turkey,Cultural Europe and North America Historic Landmark World Heritage," The square Mosque with its single great dome and four slender minarets, dominates the skyline of the former Ottoman capital of Edirne. Sinan, the most famous of Ottoman architects in the 16th century, considered the complex, which includes madrasas (Islamic schools), a covered market, clock house, outer courtyard and library, to be his best work. The interior decoration using Iznik tiles from the peak period of their production testifies to an art form that remains unsurpassed in this material. The complex is considered to be the most harmonious expression ever achieved of the Ottoman k&uuml;lliye, a group of buildings constructed around a mosque and managed as a single institution. ",4.8,69,1
Houston,United States,City Trip Culture History Art Nightlife Party,"A sprawling city where vibrant cultural districts, lively food scenes, and lush parks create a welcoming atmosphere full of discovery and warmth.",4.2,75,3
Mosi-oa-Tunya / Victoria Falls,"Zambia,Zimbabwe",Natural Africa Historic Landmark World Heritage," These are among the most spectacular waterfalls in the world. The Zambezi River, which is more than 2 km wide at this point, plunges noisily down a series of basalt gorges and raises an iridescent mist that can be seen more than 20 km away. ",4.7,79,2
Rock Art in the Hail Region of Saudi Arabia,Saudi Arabia,Cultural Arab States Historic Landmark World Heritage," This property includes two components situated in a desert landscape: Jabel Umm Sinman at Jubbah and the Jabal al-Manjor and Raat at Shuwaymis. A lake once situated at the foot of the Umm Sinman hill range that has now disappeared used to be a source of fresh water for people and animals in the southern part of the Great Narfoud Desert. The ancestors of today’s Arab populations have left traces of their passages in numerous petroglyphs and inscriptions on the rock face. Jabal al-Manjor and Raat form the rocky escarpment of a wadi now covered in sand. They show numerous representations of human and animal figures covering 10,000 years of history. ",5.0,92,2
Port Louis,Mauritius,City Trip Nature Landscape Culture History Art Beach Sea Tropical,"A bustling port city where vibrant markets, colonial architecture, and the scent of street food create a lively and colorful atmosphere.",4.0,62,3
Archaeological Site of Mystras,Greece,Cultural Europe and North America Historic Landmark World Heritage," Mystras, the 'wonder of the Morea', was built as an amphitheatre around the fortress erected in 1249 by the prince of Achaia, William of Villehardouin. Reconquered by the Byzantines, then occupied by the Turks and the Venetians, the city was abandoned in 1832, leaving only the breathtaking medieval ruins, standing in a beautiful landscape. ",4.9,76,2
Earliest 16th-Century Monasteries on the Slopes of Popocatepetl,Mexico,Cultural Latin America and the Caribbean Historic Landmark World Heritage," These 14 monasteries stand on the slopes of Popocatepetl, to the south-east of Mexico City. They are in an excellent state of conservation and are good examples of the architectural style adopted by the first missionaries – Franciscans, Dominicans and Augustinians – who converted the indigenous populations to Christianity in the early 16th century. They also represent an example of a new architectural concept in which open spaces are of renewed importance. The influence of this style is felt throughout the Mexican territory and even beyond its borders. ",4.7,68,3
Chiribiquete National Park – “The Maloca of the Jaguar”,Colombia,Mixed Latin America and the Caribbean Historic Landmark World Heritage," Chiribiquete National Park, the largest protected area in Colombia, is the confluence point of four biogeographical provinces: Orinoquia, Guyana, Amazonia, and North Andes. As such, the National Park guarantees the connectivity and preservation of the biodiversity of these provinces, constituting itself as an interaction scenario in which flora and fauna diversity and endemism have flourished. One of the defining features of Chiribiquete is the presence of tepuis (table-top mountains), sheer-sided sandstone plateaux that outstand in the forest and result in dramatic scenery that is reinforced by its remoteness, inaccessibility and exceptional conservation. Over 75,000 figures have been made by indigenous people on the walls of the 60 rock shelters from 20,000 BCE, and are still made nowadays by the uncontacted peoples protected by the National Park. These paintings depict hunting scenes, battles, dances and ceremonies, as well as fauna and flora species, with a particular the worship of the jaguar, a symbol of power and fertility. The indigenous communities, which are not directly present on the site, consider Chiribiquete as a sacred place that cannot be visited and that should be preserved unaltered. ",4.7,69,3
Manovo-Gounda St Floris National Park,Central African Republic,Natural Africa Historic Landmark World Heritage," The importance of this park derives from its wealth of flora and fauna. Its vast savannahs are home to a wide variety of species: black rhinoceroses, elephants, cheetahs, leopards, wild dogs, red-fronted gazelles and buffalo, while various types of waterfowl are to be found in the northern floodplains. ",4.8,79,1
Ħal Saflieni Hypogeum,Malta,Cultural Europe and North America Historic Landmark World Heritage," The Hypogeum is an enormous subterranean structure excavated c. 2500 B.C., using cyclopean rigging to lift huge blocks of coralline limestone. Perhaps originally a sanctuary, it became a necropolis in prehistoric times. ",4.6,79,2
Mount Nimba Strict Nature Reserve,"Côte d'Ivoire,Guinea",Natural Africa Historic Landmark World Heritage," Located on the borders of Guinea, Liberia and Côte d’Ivoire, Mount Nimba rises above the surrounding savannah. Its slopes are covered by dense forest at the foot of grassy mountain pastures. They harbour an especially rich flora and fauna, with endemic species such as the viviparous toad and chimpanzees that use stones as tools. ",4.8,81,1
Villages with Fortified Churches in Transylvania,Romania,Cultural Europe and North America Historic Landmark World Heritage," These Transylvanian villages with their fortified churches provide a vivid picture of the cultural landscape of southern Transylvania. The seven villages inscribed, founded by the Transylvanian Saxons, are characterized by a specific land-use system, settlement pattern and organization of the family farmstead that have been preserved since the late Middle Ages. They are dominated by their fortified churches, which illustrate building styles from the 13th to the 16th century. ",4.9,83,1
Cleveland,United States,City Trip Culture History Art,"A city where industrial roots meet cultural renaissance, offering lively arts scenes, lakefront breezes, and a welcoming Midwestern charm.",4.4,85,3
Osaka,Japan,City Trip Culture History Art Nightlife Party,"Bustling streets filled with neon lights, delicious street food aromas, and the energetic hum of friendly locals create a lively urban vibe.",4.3,66,5
Antalya,Turkey,City Trip Nature Landscape Culture History Art Adventure Hiking Beach Sea Tropical Nightlife Party,"Sun-drenched beaches meet ancient ruins and bustling bazaars, offering a blend of relaxation and cultural exploration in a picturesque coastal setting.",4.8,73,3
Stone Circles of Senegambia,"Gambia (the),Senegal",Cultural Africa Historic Landmark World Heritage," The site consists of four large groups of stone circles that represent an extraordinary concentration of over 1,000 monuments in a band 100 km wide along some 350 km of the River Gambia. The four groups, Sine Ngay&egrave;ne, Wanar, Wassu and Kerbatch, cover 93 stone circles and numerous tumuli, burial mounds, some of which have been excavated to reveal material that suggest dates between 3rd century BC and 16th century AD. Together the stone circles of laterite pillars and their associated burial mounds present a vast sacred landscape created over more than 1,500 years. It reflects a prosperous, highly organized and lasting society. ",4.6,71,1
Historic City of Yazd,Iran (Islamic Republic of),Cultural Asia and the Pacific Historic Landmark World Heritage," The City of Yazd is located in the middle of the Iranian plateau, 270 km southeast of Isfahan, close to the Spice and Silk Roads. It bears living testimony to the use of limited resources for survival in the desert. Water is supplied to the city through a qanat system developed to draw underground water. The earthen architecture of Yazd has escaped the modernization that destroyed many traditional earthen towns, retaining its traditional districts, the qanat system, traditional houses, bazars, hammams, mosques, synagogues, Zoroastrian temples and the historic garden of Dolat-abad. ",4.5,82,2
Brno,Czech Republic,City Trip Culture History Art,"Charming cobblestone streets and vibrant student life create an inviting energy, while historic architecture and cozy cafés offer delightful moments of discovery.",4.4,67,1
Historic Centre of Warsaw,Poland,Cultural Europe and North America Historic Landmark World Heritage," During the Warsaw Uprising in August 1944, more than 85% of Warsaw's historic centre was destroyed by Nazi troops. After the war, a five-year reconstruction campaign by its citizens resulted in today's meticulous restoration of the Old Town, with its churches, palaces and market-place. It is an outstanding example of a near-total reconstruction of a span of history covering the 13th to the 20th century. ",4.7,76,3
León Cathedral,Nicaragua,Cultural Latin America and the Caribbean Historic Landmark World Heritage," Built between 1747 and the early 19th century to the design of Guatemalan architect Diego Jos&eacute; de Porres Esquivel, the monument expresses the transition from Baroque to Neoclassical architecture and its style can be considered to be eclectic. The Cathedral is characterized by the sobriety of its interior decoration and the abundance of natural light. The vault of the Sanctuary, however, presents rich ornamentation. The Cathedral houses important works of art including a wooden Flemish altarpiece, and paintings of the 14 stations of the Way of the Cross by Nicaraguan artist Antonio Sarria (late 19th and early 20th centuries). ",4.6,82,2
"Cidade Velha, Historic Centre of Ribeira Grande",Cabo Verde,Cultural Africa Historic Landmark World Heritage," The town of Ribeira Grande, renamed Cidade Velha in the late 18th century, was the first European colonial outpost in the tropics. Located in the south of the island of Santiago, the town features some of the original street layout impressive remains including two churches, a royal fortress and Pillory Square with its ornate 16th century marble pillar. ",4.9,70,3
The Persian Garden,Iran (Islamic Republic of),Cultural Asia and the Pacific Historic Landmark World Heritage," The property includes nine gardens in as many provinces. They exemplify the diversity of Persian garden designs that evolved and adapted to different climate conditions while retaining principles that have their roots in the times of Cyrus the Great, 6th century BC. Always divided into four sectors, with water playing an important role for both irrigation and ornamentation, the Persian garden was conceived to symbolize Eden and the four Zoroastrian elements of sky, earth, water and plants. These gardens, dating back to different periods since the 6th century BC, also feature buildings, pavilions and walls, as well as sophisticated irrigation systems. They have influenced the art of garden design as far as India and Spain. ",4.5,86,3
Gardens and Castle at Kroměříž,Czechia,Cultural Europe and North America Historic Landmark World Heritage," Kroměříž stands on the site of an earlier ford across the River Morava, at the foot of the Chriby mountain range which dominates the central part of Moravia. The gardens and castle of Kroměříž are an exceptionally complete and well-preserved example of a European Baroque princely residence and its gardens. ",5.0,94,2
Kandy,Sri Lanka,City Trip Nature Landscape Culture History Art,"Lush hills, serene lakes, and the scent of temple incense create a tranquil atmosphere that's both spiritually uplifting and visually stunning.",4.1,61,1
"The Architectural Work of Le Corbusier, an Outstanding Contribution to the Modern Movement","Belgium,France,Germany,Switzerland,India,Japan,Argentina","Cultural Europe and North America,Asia and the Pacific,Latin America and the Caribbean Historic Landmark World Heritage"," Chosen from the work of Le Corbusier, the 17 sites comprising this transnational serial property are spread over seven countries and are a testimonial to the invention of a new architectural language that made a break with the past. They were built over a period of a half-century, in the course of what Le Corbusier described as “patient research”. The Complexe du Capitole in Chandigarh (India), the National Museum of Western Art, Tokyo (Japan), the House of Dr Curutchet in La Plata (Argentina) and the Unité d’habitation in Marseille (France) reflect the solutions that the Modern Movement sought to apply during the 20th century to the challenges of inventing new architectural techniques to respond to the needs of society. These masterpieces of creative genius also attest to the internationalization of architectural practice across the planet. ",4.7,50,3
Kenya Lake System in the Great Rift Valley,Kenya,Natural Africa Historic Landmark World Heritage," The Kenya Lake System in the Great Rift Valley , a natural property of outstanding beauty, comprises three inter-linked relatively shallow lakes (Lake Bogoria, Lake Nakuru and Lake Elementaita) in the Rift Valley Province of Kenya and covers a total area of 32,034 hectares. The property is home to 13 globally threatened bird species and some of the highest bird diversities in the world. It is the single most important foraging site for the lesser flamingo anywhere, and a major nesting and breeding ground for great white pelicans. The property features sizeable mammal populations, including black rhino, Rothschild's giraffe, greater kudu, lion, cheetah and wild dogs and is valuable for the study of ecological processes of major importance. ",4.9,71,1
Fagus Factory in Alfeld,Germany,Cultural Europe and North America Historic Landmark World Heritage," Fagus Factory in Alfeld is a 10-building complex - began around 1910 to the design of Walter Gropius, which is a landmark in the development of modern architecture and industrial design. Serving all stages of manufacture, storage and dispatch of lasts used by the shoe industry, the complex, which is still operational today, is situated in Alfeld an der Leine in Lower Saxony. With its groundbreaking vast expanses of glass panels and functionalist aesthetics, the complex foreshadowed the work of the Bauhaus school and is a landmark in the development of architecture in Europe and North America. ",4.6,75,3
Historic City of Toledo,Spain,Cultural Europe and North America Historic Landmark World Heritage," Successively a Roman municipium, the capital of the Visigothic Kingdom, a fortress of the Emirate of Cordoba, an outpost of the Christian kingdoms fighting the Moors and, in the 16th century, the temporary seat of supreme power under Charles V, Toledo is the repository of more than 2,000 years of history. Its masterpieces are the product of heterogeneous civilizations in an environment where the existence of three major religions – Judaism, Christianity and Islam – was a major factor. ",4.6,62,1
Tower of London,United Kingdom of Great Britain and Northern Ireland,Cultural Europe and North America Historic Landmark World Heritage," The massive White Tower is a typical example of Norman military architecture, whose influence was felt throughout the kingdom. It was built on the Thames by William the Conqueror to protect London and assert his power. The Tower of London &ndash; an imposing fortress with many layers of history, which has become one of the symbols of royalty &ndash; was built around the White Tower. ",4.9,83,2
Western Ghats,India,Natural Asia and the Pacific Historic Landmark World Heritage," Older than the Himalaya mountains, the mountain chain of the Western Ghats represents geomorphic features of immense importance with unique biophysical and ecological processes. The site&rsquo;s high montane forest ecosystems influence the Indian monsoon weather pattern. Moderating the tropical climate of the region, the site presents one of the best examples of the monsoon system on the planet. It also has an exceptionally high level of biological diversity and endemism and is recognized as one of the world&rsquo;s eight &lsquo;hottest hotspots&rsquo; of biological diversity. The forests of the site include some of the best representatives of non-equatorial tropical evergreen forests anywhere and are home to at least 325 globally threatened flora, fauna, bird, amphibian, reptile and fish species. ",4.6,86,2
Yasawa Islands,Fiji,City Trip Nature Landscape Adventure Hiking Beach Sea Tropical,"Crystal-clear waters, secluded beaches, and vibrant coral reefs create a serene paradise perfect for unwinding and immersing in natural beauty.",4.0,86,5
"San Pedro de la Roca Castle, Santiago de Cuba",Cuba,Cultural Latin America and the Caribbean Historic Landmark World Heritage," Commercial and political rivalries in the Caribbean region in the 17th century resulted in the construction of this massive series of fortifications on a rocky promontory, built to protect the important port of Santiago. This intricate complex of forts, magazines, bastions and batteries is the most complete, best-preserved example of Spanish-American military architecture, based on Italian and Renaissance design principles. ",4.7,51,1
Quseir Amra,Jordan,Cultural Arab States Historic Landmark World Heritage," Built in the early 8th century, this exceptionally well-preserved desert castle was both a fortress with a garrison and a residence of the Umayyad caliphs. The most outstanding features of this small pleasure palace are the reception hall and the hammam, both richly decorated with figurative murals that reflect the secular art of the time. ",4.8,84,3
Seoul,South Korea,City Trip Culture History Art Nightlife Party,"A dynamic blend of futuristic skyscrapers and ancient palaces, bustling markets, and tranquil parks, creating an energetic yet harmonious urban experience.",3.6,63,3
Hoi An Ancient Town,Viet Nam,Cultural Asia and the Pacific Historic Landmark World Heritage," Hoi An Ancient Town is an exceptionally well-preserved example of a South-East Asian trading port dating from the 15th to the 19th century. Its buildings and its street plan reflect the influences, both indigenous and foreign, that have combined to produce this unique heritage site. ",4.6,83,3
Old Walled City of Shibam,Yemen,Cultural Arab States Historic Landmark World Heritage," Surrounded by a fortified wall, the 16th-century city of Shibam is one of the oldest and best examples of urban planning based on the principle of vertical construction. Its impressive tower-like structures rise out of the cliff and have given the city the nickname of ‘the Manhattan of the desert’. ",4.6,51,2
Savannah,United States,City Trip Culture History Art,"Cobblestone streets lined with moss-draped oaks create a charming, historic atmosphere, inviting leisurely strolls and a sense of Southern hospitality.",4.0,72,3
Verla Groundwood and Board Mill,Finland,Cultural Europe and North America Historic Landmark World Heritage," The Verla groundwood and board mill and its associated residential area is an outstanding, remarkably well-preserved example of the small-scale rural industrial settlements associated with pulp, paper and board production that flourished in northern Europe and North America in the 19th and early 20th centuries. Only a handful of such settlements survive to the present day. ",4.9,55,3
Richmond,United States,City Trip Culture History Art,"Historic streets lined with charming brick buildings, vibrant art scenes, and the gentle flow of the James River create a welcoming atmosphere.",4.1,70,3
Hawaii Volcanoes National Park,United States of America,Natural Europe and North America Historic Landmark World Heritage," This site contains two of the most active volcanoes in the world, Mauna Loa (4,170 m high) and Kilauea (1,250 m high), both of which tower over the Pacific Ocean. Volcanic eruptions have created a constantly changing landscape, and the lava flows reveal surprising geological formations. Rare birds and endemic species can be found there, as well as forests of giant ferns. ",4.6,91,2
Braga,Portugal,City Trip Culture History Art,"Charming cobblestone streets and ancient churches create a serene atmosphere, while lively squares and local eateries offer a warm, welcoming experience.",3.6,83,3
Yellowstone National Park,United States,City Trip Nature Landscape Adventure Hiking,"Expansive landscapes filled with geysers, hot springs, and diverse wildlife create an awe-inspiring experience of natural beauty and tranquility.",4.6,65,3
"Cathedral, Alcázar and Archivo de Indias in Seville",Spain,Cultural Europe and North America Historic Landmark World Heritage," Together these three buildings form a remarkable monumental complex in the heart of Seville. The cathedral and the Alcázar – dating from the Reconquest of 1248 to the 16th century and imbued with Moorish influences – are an exceptional testimony to the civilization of the Almohads as well as that of Christian Andalusia. The Giralda minaret is the masterpiece of Almohad architecture. It stands next to the cathedral with its five naves; the largest Gothic building in Europe, it houses the tomb of Christopher Columbus. The ancient Lonja, which became the Archivo de Indias, contains valuable documents from the archives of the colonies in the Americas. ",4.6,60,3
"Hospicio Cabañas, Guadalajara",Mexico,Cultural Latin America and the Caribbean Historic Landmark World Heritage," The Hospicio Caba&ntilde;as was built at the beginning of the 19th century to provide care and shelter for the disadvantaged &ndash; orphans, old people, the handicapped and chronic invalids. This remarkable complex, which incorporates several unusual features designed specifically to meet the needs of its occupants, was unique for its time. It is also notable for the harmonious relationship between the open and built spaces, the simplicity of its design, and its size. In the early 20th century, the chapel was decorated with a superb series of murals, now considered some of the masterpieces of Mexican art. They are the work of Jos&eacute; Clemente Orozco, one of the greatest Mexican muralists of the period. ",4.9,69,2
Medina of Marrakesh,Morocco,Cultural Arab States Historic Landmark World Heritage," Founded in 1070–72 by the Almoravids, Marrakesh remained a political, economic and cultural centre for a long period. Its influence was felt throughout the western Muslim world, from North Africa to Andalusia. It has several impressive monuments dating from that period: the Koutoubiya Mosque, the Kasbah, the battlements, monumental doors, gardens, etc. Later architectural jewels include the Bandiâ Palace, the Ben Youssef Madrasa, the Saadian Tombs, several great residences and Place Jamaâ El Fna, a veritable open-air theatre. ",4.9,70,2
Pantanal Conservation Area,Brazil,Natural Latin America and the Caribbean Historic Landmark World Heritage," The Pantanal Conservation Area consists of a cluster of four protected areas with a total area of 187,818 ha. Located in western central Brazil at the south-west corner of the State of Mato Grosso, the site represents 1.3% of Brazil's Pantanal region, one of the world's largest freshwater wetland ecosystems. The headwaters of the region's two major river systems, the Cuiabá and the Paraguay rivers, are located here, and the abundance and diversity of its vegetation and animal life are spectacular. ",4.7,70,1
Rio de Janeiro,Brazil,City Trip Nature Landscape Culture History Art Adventure Hiking Beach Sea Tropical Nightlife Party,"Vibrant streets pulse with samba rhythms, stunning beaches meet lush mountains, and every corner offers a burst of color and life.",4.3,91,3
Ancient ferrous metallurgy sites of Burkina Faso,Burkina Faso,Cultural Africa Historic Landmark World Heritage,"This property is composed of five elements located in different provinces of the country. It includes about fifteen standing, natural-draught furnaces, several other furnace structures, mines and traces of dwellings. Douroula, which dates back to the 8th century BCE, is the oldest evidence of the development of iron production found in Burkina Faso. The other components of the property - Tiwêga, Yamané, Kindibo and Békuy - illustrate the intensification of iron production during the second millennium CE. Even though iron ore reduction - obtaining iron from ore - is no longer practiced today, village blacksmiths still play a major role in supplying tools, while taking part in various rituals.",4.9,94,2
Kaiping Diaolou and Villages,China,Cultural Asia and the Pacific Historic Landmark World Heritage," Kaiping Diaolou and Villages feature the Diaolou, multi-storeyed defensive village houses in Kaiping, which display a complex and flamboyant fusion of Chinese and Western structural and decorative forms. They reflect the significant role of &eacute;migr&eacute; Kaiping people in the development of several countries in South Asia, Australasia and North America, during the late 19th and early 20th centuries. There are four groups of Diaolou and twenty of the most symbolic ones are inscribed on the List. These buildings take three forms: communal towers built by several families and used as temporary refuge, residential towers built by individual rich families and used as fortified residences, and watch towers. Built of stone, pise , brick or concrete, these buildings represent a complex and confident fusion between Chinese and Western architectural styles. Retaining a harmonious relationship with the surrounding landscape, the Diaolou testify to the final flowering of local building traditions that started in the Ming period in response to local banditry. ",4.6,65,2
"Jelling Mounds, Runic Stones and Church",Denmark,Cultural Europe and North America Historic Landmark World Heritage," The Jelling burial mounds and one of the runic stones are striking examples of pagan Nordic culture, while the other runic stone and the church illustrate the Christianization of the Danish people towards the middle of the 10th century. ",4.6,74,1
Kairouan,Tunisia,Cultural Arab States Historic Landmark World Heritage," Founded in 670, Kairouan flourished under the Aghlabid dynasty in the 9th century. Despite the transfer of the political capital to Tunis in the 12th century, Kairouan remained the Maghreb's principal holy city. Its rich architectural heritage includes the Great Mosque, with its marble and porphyry columns, and the 9th-century Mosque of the Three Gates. ",4.8,89,3
Coiba National Park and its Special Zone of Marine Protection,Panama,Natural Latin America and the Caribbean Historic Landmark World Heritage," Coiba National Park, off the southwest coast of Panama, protects Coiba Island, 38 smaller islands and the surrounding marine areas within the Gulf of Chiriqui. Protected from the cold winds and effects of El Ni&ntilde;o, Coiba&rsquo;s Pacific tropical moist forest maintains exceptionally high levels of endemism of mammals, birds and plants due to the ongoing evolution of new species. It is also the last refuge for a number of threatened animals such as the crested eagle. The property is an outstanding natural laboratory for scientific research and provides a key ecological link to the Tropical Eastern Pacific for the transit and survival of pelagic fish and marine mammals. ",4.9,93,3
Adelaide,Australia,City Trip Nature Landscape Culture History Art,"Charming streets lined with historic buildings and lush parks offer a laid-back vibe, perfect for leisurely strolls and enjoying local wines.",4.8,71,3
Discovery Coast Atlantic Forest Reserves,Brazil,Natural Latin America and the Caribbean Historic Landmark World Heritage," The Discovery Coast Atlantic Forest Reserves, in the states of Bahia and Esp&iacute;rito Santo, consist of eight separate protected areas containing 112,000 ha of Atlantic forest and associated shrub (restingas). The rainforests of Brazil&rsquo;s Atlantic coast are the world&rsquo;s richest in terms of biodiversity. The site contains a distinct range of species with a high level of endemism and reveals a pattern of evolution that is not only of great scientific interest but is also of importance for conservation. ",4.8,84,1
Historic City of Meknes,Morocco,Cultural Arab States Historic Landmark World Heritage," Founded in the 11th century by the Almoravids as a military settlement, Meknes became a capital under Sultan Moulay Ismaïl (1672–1727), the founder of the Alawite dynasty. The sultan turned it into a impressive city in Spanish-Moorish style, surrounded by high walls with great doors, where the harmonious blending of the Islamic and European styles of the 17th century Maghreb are still evident today. ",5.0,84,1
"Historic Centre of Avignon: Papal Palace, Episcopal Ensemble and Avignon Bridge",France,Cultural Europe and North America Historic Landmark World Heritage," In the 14th century, this city in the South of France was the seat of the papacy. The Palais des Papes, an austere-looking fortress lavishly decorated by Simone Martini and Matteo Giovanetti, dominates the city, the surrounding ramparts and the remains of a 12th-century bridge over the Rhone. Beneath this outstanding example of Gothic architecture, the Petit Palais and the Romanesque Cathedral of Notre-Dame-des-Doms complete an exceptional group of monuments that testify to the leading role played by Avignon in 14th-century Christian Europe. ",4.9,70,3
Kasbah of Algiers,Algeria,Cultural Arab States Historic Landmark World Heritage," The Kasbah is a unique kind of medina, or Islamic city. It stands in one of the finest coastal sites on the Mediterranean, overlooking the islands where a Carthaginian trading-post was established in the 4th century BC. There are the remains of the citadel, old mosques and Ottoman-style palaces as well as the remains of a traditional urban structure associated with a deep-rooted sense of community. ",4.8,84,2
Raja Ampat,Indonesia,City Trip Nature Landscape Adventure Hiking Beach Sea Tropical,"Crystal-clear waters teeming with vibrant marine life and secluded islands offer a serene escape, perfect for snorkeling and diving enthusiasts seeking adventure.",4.6,93,5
Rock Art of Alta,Norway,Cultural Europe and North America Historic Landmark World Heritage," This group of petroglyphs in the Alta Fjord, near the Arctic Circle, bears the traces of a settlement dating from c. 4200 to 500 B.C. The thousands of paintings and engravings add to our understanding of the environment and human activities on the fringes of the Far North in prehistoric times. ",4.8,92,3
Niokolo-Koba National Park,Senegal,Natural Africa Historic Landmark World Heritage," Located in a well-watered area along the banks of the Gambia river, the gallery forests and savannahs of Niokolo-Koba National Park have a very rich fauna, among them Derby elands (largest of the antelopes), chimpanzees, lions, leopards and a large population of elephants, as well as many birds, reptiles and amphibians. ",4.8,69,1
Venetian Works of Defence between the 16th and 17th Centuries: <em>Stato da Terra</em> – Western <em>Stato da Mar</em>,"Croatia,Italy,Montenegro",Cultural Europe and North America Historic Landmark World Heritage," This property consists of 6 components of defence works in Italy, Croatia and Montenegro, spanning more than 1,000 km between the Lombard region of Italy and the eastern Adriatic Coast. The fortifications throughout the Stato da Terra protected the Republic of Venice from other European powers to the northwest and those of the Stato da Mar protected the sea routes and ports in the Adriatic Sea to the Levant. They were necessary to support the expansion and authority of the Serenissima. The introduction of gunpowder led to significant shifts in military techniques and architecture that are reflected in the design of so-called alla moderna / bastioned, fortifications, which were to spread throughout Europe. ",4.9,92,2
"Royal Botanic Gardens, Kew",United Kingdom of Great Britain and Northern Ireland,Cultural Europe and North America Historic Landmark World Heritage," This historic landscape garden features elements that illustrate significant periods of the art of gardens from the 18th to the 20th centuries. The gardens house botanic collections (conserved plants, living plants and documents) that have been considerably enriched through the centuries. Since their creation in 1759, the gardens have made a significant and uninterrupted contribution to the study of plant diversity and economic botany. ",4.8,66,3
Ancient Thebes with its Necropolis,Egypt,Cultural Arab States Historic Landmark World Heritage," Thebes, the city of the god Amon, was the capital of Egypt during the period of the Middle and New Kingdoms. With the temples and palaces at Karnak and Luxor, and the necropolises of the Valley of the Kings and the Valley of the Queens, Thebes is a striking testimony to Egyptian civilization at its height. ",4.8,67,1
Brú na Bóinne - Archaeological Ensemble of the Bend of the Boyne,Ireland,Cultural Europe and North America Historic Landmark World Heritage," The three main prehistoric sites of the Br&uacute; na B&oacute;inne Complex, Newgrange, Knowth and Dowth, are situated on the north bank of the River Boyne 50 km north of Dublin. This is Europe's largest and most important concentration of prehistoric megalithic art. The monuments there had social, economic, religious and funerary functions. ",4.5,76,3
Major Mining Sites of Wallonia,Belgium,Cultural Europe and North America Historic Landmark World Heritage," The four sites of the property form a strip 170&nbsp;km long by 3&ndash;15&nbsp;km wide, crossing Belgium from east to west, consisting of the best-preserved 19th- and 20th-century coal-mining sites of the country. It features examples of the utopian architecture from the early periods of the industrial era in Europe within a highly integrated, industrial and urban ensemble, notably the Grand-Hornu colliery and workers&rsquo; city designed by Bruno Renard in the first half of the 19th century. Bois-du-Luc includes numerous buildings erected from 1838 to 1909 and one of Europe&rsquo;s oldest collieries dating back to the late 17th century. While Wallonia had hundreds of collieries, most have lost their infrastructure, while the four components of the listed site retain a high measure of integrity. ",5.0,87,3
Rice Terraces of the Philippine Cordilleras,Philippines,Cultural Asia and the Pacific Historic Landmark World Heritage," For 2,000 years, the high rice fields of the Ifugao have followed the contours of the mountains. The fruit of knowledge handed down from one generation to the next, and the expression of sacred traditions and a delicate social balance, they have helped to create a landscape of great beauty that expresses the harmony between humankind and the environment. ",4.7,79,2
Royal Hill of Ambohimanga,Madagascar,Cultural Africa Historic Landmark World Heritage," The Royal Hill of Ambohimanga consists of a royal city and burial site, and an ensemble of sacred places. It is associated with strong feelings of national identity, and has maintained its spiritual and sacred character both in ritual practice and the popular imagination for the past 500 years. It remains a place of worship to which pilgrims come from Madagascar and elsewhere. ",5.0,84,2
Aphrodisias,Turkey,Cultural Europe and North America Historic Landmark World Heritage," Located in southwestern Turkey, in the upper valley of the Morsynus River, the site consists of two components: the archaeological site of Aphrodisias and the marble quarries northeast of the city. The temple of Aphrodite dates from the 3rd century BC and the city was built one century later. The wealth of Aphrodisias came from the marble quarries and the art produced by its sculptors. The city streets are arranged around several large civic structures, which include temples, a theatre, an agora and two bath complexes. ",5.0,53,1
Singapore,Singapore,City Trip Culture History Art Nightlife Party,"A bustling cityscape where futuristic architecture meets lush green spaces, offering a vibrant blend of cultures and flavors at every corner.",3.6,75,5
Maseru,Lesotho,City Trip Nature Landscape Adventure Hiking,"Surrounded by dramatic landscapes, this city offers a blend of bustling markets, friendly locals, and a unique cultural tapestry to explore.",4.7,72,1
Arica,Chile,City Trip Nature Landscape Adventure Hiking Beach Sea Tropical,"Sun-drenched coastal vibes mix with desert landscapes, offering a unique blend of serene beaches and captivating cultural history.",3.9,61,1
Rarotonga,Cook Islands,City Trip Nature Landscape Adventure Hiking Beach Sea Tropical,"Lush green mountains meet crystal-clear lagoons, offering a tranquil escape where the gentle rhythm of island life captivates your senses.",4.7,74,3
Major Town Houses of the Architect Victor Horta (Brussels),Belgium,Cultural Europe and North America Historic Landmark World Heritage," The four major town houses - H&ocirc;tel Tassel, H&ocirc;tel Solvay, H&ocirc;tel van Eetvelde, and Maison &amp; Atelier Horta - located in Brussels and designed by the architect Victor Horta, one of the earliest initiators of Art Nouveau, are some of the most remarkable pioneering works of architecture of the end of the 19th century. The stylistic revolution represented by these works is characterised by their open plan, the diffusion of light, and the brilliant joining of the curved lines of decoration with the structure of the building. ",4.6,66,2
Vlkolínec,Slovakia,Cultural Europe and North America Historic Landmark World Heritage," Vlkolínec, situated in the centre of Slovakia, is a remarkably intact settlement of 45 buildings with the traditional features of a central European village. It is the region’s most complete group of these kinds of traditional log houses, often found in mountainous areas. ",4.9,87,2
Detroit,United States,City Trip Culture History Art,"Industrial charm meets vibrant arts and music scenes, where historic architecture and modern innovation create a dynamic and inviting urban experience.",4.2,99,3
Prehistoric Caves of Yagul and Mitla in the Central Valley of Oaxaca,Mexico,Cultural Latin America and the Caribbean Historic Landmark World Heritage," This property lies on the northern slopes of the Tlacolula valley in subtropical central Oaxaca and consists of two pre-Hispanic archaeological complexes and a series of pre-historic caves and rock shelters. Some of these shelters provide archaeological and rock-art evidence for the progress of nomadic hunter-gathers to incipient farmers. Ten thousand-year-old Cucurbitaceae seeds in one cave, Guil&aacute; Naquitz, are considered to be the earliest known evidence of domesticated plants in the continent, while corn cob fragments from the same cave are said to be the earliest documented evidence for the domestication of maize. The cultural landscape of the Prehistoric Caves of Yagul and Mitla demonstrates the link between man and nature that gave origin to the domestication of plants in North America, thus allowing the rise of Mesoamerican civilizations. ",4.5,66,1
"Hiraizumi – Temples, Gardens and Archaeological Sites Representing the Buddhist Pure Land",Japan,Cultural Asia and the Pacific Historic Landmark World Heritage," Hiraizumi - Temples, Gardens and Archaeological Sites Representing the Buddhist Pure Land&nbsp;comprises five sites, including the sacred Mount Kinkeisan. It features vestiges of government offices dating from the 11th and 12th centuries when Hiraizumi was the administrative centre of the northern realm of Japan and rivalled Kyoto. The realm was based on the cosmology of Pure Land Buddhism, which spread to Japan in the 8th century. It represented the pure land of Buddha that people aspire to after death, as well as peace of mind in this life. In combination with indigenous Japanese nature worship and Shintoism, Pure Land Buddhism developed a concept of planning and garden design that was unique to Japan. ",4.5,73,3
New York City,United States,City Trip Culture History Art Nightlife Party,"Skyscrapers touch the sky as vibrant streets buzz with energy, offering a sensory overload of sights, sounds, and diverse cultures.",4.1,95,5
Historic City of Vigan,Philippines,Cultural Asia and the Pacific Historic Landmark World Heritage," Established in the 16th century, Vigan is the best-preserved example of a planned Spanish colonial town in Asia. Its architecture reflects the coming together of cultural elements from elsewhere in the Philippines, from China and from Europe, resulting in a culture and townscape that have no parallel anywhere in East and South-East Asia. ",4.6,88,3
Archaeological Ensemble of Tárraco,Spain,Cultural Europe and North America Historic Landmark World Heritage," Tárraco (modern-day Tarragona) was a major administrative and mercantile city in Roman Spain and the centre of the Imperial cult for all the Iberian provinces. It was endowed with many fine buildings, and parts of these have been revealed in a series of exceptional excavations. Although most of the remains are fragmentary, many preserved beneath more recent buildings, they present a vivid picture of the grandeur of this Roman provincial capital. ",4.9,92,1
Pretoria,South Africa,City Trip Nature Landscape Culture History Art,"Wide tree-lined avenues and vibrant jacaranda blooms create a serene backdrop for exploring cultural landmarks and lively markets in a warm, welcoming atmosphere.",4.5,71,3
Montreal,Canada,City Trip Culture History Art Nightlife Party,"Charming streets filled with a mix of European elegance and North American vibrancy, offering lively festivals, diverse cuisine, and artistic flair.",4.2,93,3
Group of Monuments at Mahabalipuram,India,Cultural Asia and the Pacific Historic Landmark World Heritage," This group of sanctuaries, founded by the Pallava kings, was carved out of rock along the Coromandel coast in the 7th and 8th centuries. It is known especially for its rathas (temples in the form of chariots), mandapas (cave sanctuaries), giant open-air reliefs such as the famous 'Descent of the Ganges', and the temple of Rivage, with thousands of sculptures to the glory of Shiva. ",4.8,56,2
Caves of Maresha and Bet-Guvrin in the Judean Lowlands as a Microcosm of the Land of the Caves,Israel,Cultural Europe and North America Historic Landmark World Heritage," The archaeological site contains some 3,500 underground chambers distributed among distinct complexes carved in the thick and homogenous soft chalk of Lower Judea under the former towns of Maresha and Bet Guvrin. Situated on the crossroads of trade routes to Mesopotamia and Egypt, the site bears witness to the region’s tapestry of cultures and their evolution over more than 2,000 years from the 8th century BCE—when Maresha, the older of the two towns was built—to the time of the Crusaders. These quarried caves served as cisterns, oil presses, baths, columbaria (dovecotes), stables, places of religious worship, hideaways and, on the outskirts of the towns, burial areas. Some of the larger chambers feature vaulted arches and supporting pillars. ",4.5,59,2
Cebu,Philippines,City Trip Nature Landscape Adventure Hiking Beach Sea Tropical,"Tropical warmth, vibrant street life, and a mix of modern and historic sites create an inviting atmosphere full of discovery and relaxation.",4.9,81,1
Washington DC,United States,City Trip Culture History Art,"Monument-lined streets, vibrant museums, and lively neighborhoods create an engaging atmosphere, blending history with modern culture and diverse culinary experiences.",3.9,77,3
Old Town of Ávila with its Extra-Muros Churches,Spain,Cultural Europe and North America Historic Landmark World Heritage," Founded in the 11th century to protect the Spanish territories from the Moors, this 'City of Saints and Stones', the birthplace of St Teresa and the burial place of the Grand Inquisitor Torquemada, has kept its medieval austerity. This purity of form can still be seen in the Gothic cathedral and the fortifications which, with their 82 semicircular towers and nine gates, are the most complete in Spain. ",4.6,54,1
Taupo,New Zealand,City Trip Nature Landscape Adventure Hiking,"Nestled by a sparkling lake and surrounded by geothermal wonders, this place offers a serene escape with stunning natural beauty and adventure.",3.9,73,3
Kahuzi-Biega National Park,Democratic Republic of the Congo,Natural Africa Historic Landmark World Heritage," A vast area of primary tropical forest dominated by two spectacular extinct volcanoes, Kahuzi and Biega, the park has a diverse and abundant fauna. One of the last groups of eastern lowland (graueri) gorillas (consisting of only some 250 individuals) lives at between 2,100 and 2,400 m above sea-level. ",4.6,61,2
Wieliczka and Bochnia Royal Salt Mines,Poland,Cultural Europe and North America Historic Landmark World Heritage," The deposit of rock salt in Wieliczka and Bochnia has been mined since the 13th century. This major industrial undertaking has royal status and is the oldest of its type in Europe. The site is a serial property consisting of Wieliczka and Bochnia salt mines and Wieliczka Saltworks Castle. The Wieliczka and Bochnia Royal Salt Mines illustrate the historic stages of the development of mining techniques in Europe from the 13th to the 20th centuries: both mines have hundreds of kilometers of galleries with works of art, underground chapels and statues sculpted in the salt, making a fascinating pilgrimage into the past. The mines were administratively and technically run by Wieliczka Saltworks Castle, which dates from the medieval period and has been rebuilt several times in the course of its history. ",4.9,79,2
"Archaeological Sites of Bat, Al-Khutm and Al-Ayn",Oman,Cultural Arab States Historic Landmark World Heritage," The protohistoric site of Bat lies near a palm grove in the interior of the Sultanate of Oman. Together with the neighbouring sites, it forms the most complete collection of settlements and necropolises from the 3rd millennium B.C. in the world. ",5.0,77,1
